Time,Temperature TS outlet (Mean),Temperature TS inlet (Mean),Bypass temperature (Mean),Tank temperature (Mean),TS outlet pressure (Mean),TS inlet pressure (Mean),Pump outlet pressure (Mean),Flow rate (Mean),reading_interval_s,elapsed_runtime_s,elapsed_runtime_m
2022-06-29 15:33:24.628,21.086303,-1.865139,23.113664,-2.333071,0.069678,0.071439,0.122579,3.602696,1.0,5795.0,96.58333333333333
2022-06-29 15:33:25.628,21.084597,-1.863958,23.109201,-2.331102,0.070655,0.071555,0.122413,3.343381,1.0,5796.0,96.6
2022-06-29 15:33:26.628,21.073965,-1.858708,23.12351,-2.332677,0.07097,0.072132,0.122422,3.645129,1.0,5797.0,96.61666666666666
2022-06-29 15:33:27.628,21.07974,-1.856082,23.119965,-2.341471,0.069846,0.071119,0.122726,3.583837,1.0,5798.0,96.63333333333334
2022-06-29 15:33:28.628,21.088403,-1.850176,23.122459,-2.338846,0.069683,0.070468,0.122386,3.786573,1.0,5799.0,96.65
2022-06-29 15:33:29.628,21.077771,-1.845713,23.117471,-2.341208,0.070791,0.072169,0.122652,3.635699,1.0,5800.0,96.66666666666667
2022-06-29 15:33:30.628,21.075277,-1.847682,23.114845,-2.345933,0.070413,0.071901,0.122285,3.668703,1.0,5801.0,96.68333333333334
2022-06-29 15:33:31.628,21.088928,-1.834426,23.119703,-2.346852,0.07014,0.071255,0.122312,3.541403,1.0,5802.0,96.7
2022-06-29 15:33:32.628,21.098511,-1.836657,23.120753,-2.348689,0.070124,0.071051,0.122762,3.503685,1.0,5803.0,96.71666666666667
2022-06-29 15:33:33.628,21.095229,-1.829832,23.11944,-2.345408,0.069794,0.071087,0.122248,3.758284,1.0,5804.0,96.73333333333333
2022-06-29 15:33:34.628,21.092866,-1.822744,23.122066,-2.346458,0.069794,0.071234,0.122524,3.762999,1.0,5805.0,96.75
2022-06-29 15:33:35.628,21.091554,-1.815656,23.125347,-2.351183,0.070597,0.071534,0.122248,3.649844,1.0,5806.0,96.76666666666667
2022-06-29 15:33:36.628,21.082234,-1.813031,23.126923,-2.357089,0.070245,0.071985,0.122367,3.640414,1.0,5807.0,96.78333333333333
2022-06-29 15:33:37.628,21.089191,-1.808568,23.127973,-2.356433,0.070513,0.071381,0.122505,3.513114,1.0,5808.0,96.8
2022-06-29 15:33:38.628,21.085647,-1.806862,23.122066,-2.361814,0.070193,0.071539,0.122928,3.645129,1.0,5809.0,96.81666666666666
2022-06-29 15:33:39.628,21.083547,-1.800168,23.126923,-2.361683,0.070686,0.071486,0.122937,3.838436,1.0,5810.0,96.83333333333333
2022-06-29 15:33:40.628,21.087353,-1.795312,23.127579,-2.362208,0.070807,0.071833,0.123066,3.692277,1.0,5811.0,96.85
2022-06-29 15:33:41.628,21.088272,-1.784286,23.124691,-2.361421,0.070413,0.072111,0.123084,3.829007,1.0,5812.0,96.86666666666666
2022-06-29 15:33:42.628,21.085253,-1.782974,23.127316,-2.357614,0.070371,0.071392,0.1229,3.682848,1.0,5813.0,96.88333333333334
2022-06-29 15:33:43.628,21.087747,-1.771817,23.13283,-2.364571,0.069925,0.071381,0.123323,4.083606,1.0,5814.0,96.9
2022-06-29 15:33:44.628,21.081578,-1.768142,23.125872,-2.355777,0.070497,0.071912,0.123084,3.692277,1.0,5815.0,96.91666666666667
2022-06-29 15:33:45.628,21.097985,-1.764204,23.130467,-2.361946,0.070586,0.071822,0.123167,3.74414,1.0,5816.0,96.93333333333334
2022-06-29 15:33:46.628,21.09326,-1.758692,23.12771,-2.358402,0.070261,0.071838,0.122928,3.588551,1.0,5817.0,96.95
2022-06-29 15:33:47.628,21.083809,-1.759742,23.131517,-2.360633,0.069668,0.071828,0.123451,3.86201,1.0,5818.0,96.96666666666667
2022-06-29 15:33:48.628,21.092866,-1.75331,23.137162,-2.366802,0.070298,0.071628,0.123268,3.640414,1.0,5819.0,96.98333333333333
2022-06-29 15:33:49.628,21.079084,-1.74176,23.135455,-2.359583,0.071132,0.07304,0.123617,3.814862,1.0,5820.0,97.0
2022-06-29 15:33:50.628,21.092735,-1.737954,23.139919,-2.372314,0.070812,0.071996,0.123323,3.503685,1.0,5821.0,97.01666666666667
2022-06-29 15:33:51.628,21.090372,-1.73021,23.13598,-2.362077,0.071474,0.07229,0.12335,3.645129,1.0,5822.0,97.03333333333333
2022-06-29 15:33:52.628,21.087485,-1.725878,23.134274,-2.358664,0.070896,0.072053,0.123727,3.319807,1.0,5823.0,97.05
2022-06-29 15:33:53.628,21.090635,-1.720497,23.136637,-2.360502,0.071279,0.072463,0.124085,3.876155,1.0,5824.0,97.06666666666666
2022-06-29 15:33:54.628,21.076852,-1.714328,23.133618,-2.354202,0.071195,0.072578,0.124361,3.75357,1.0,5825.0,97.08333333333333
2022-06-29 15:33:55.628,21.087747,-1.706715,23.133618,-2.357089,0.070655,0.072657,0.124738,3.654559,1.0,5826.0,97.1
2022-06-29 15:33:56.628,21.079084,-1.702909,23.129942,-2.364833,0.071547,0.073271,0.12494,3.824292,1.0,5827.0,97.11666666666666
2022-06-29 15:33:57.628,21.088535,-1.699102,23.137424,-2.351971,0.071416,0.07304,0.125335,3.682848,1.0,5828.0,97.13333333333334
2022-06-29 15:33:58.628,21.086041,-1.692802,23.136768,-2.355908,0.072067,0.073676,0.125381,3.480111,1.0,5829.0,97.15
2022-06-29 15:33:59.628,21.098904,-1.683483,23.134405,-2.357483,0.071489,0.07272,0.125583,3.649844,1.0,5830.0,97.16666666666667
2022-06-29 15:34:00.628,21.080659,-1.678364,23.14005,-2.346327,0.071568,0.072757,0.124903,3.588551,1.0,5831.0,97.18333333333334
2022-06-29 15:34:01.628,21.090897,-1.671933,23.131648,-2.345802,0.071841,0.072851,0.125261,3.541403,1.0,5832.0,97.2
2022-06-29 15:34:02.628,21.101267,-1.662876,23.138475,-2.344227,0.071699,0.073166,0.12516,3.541403,1.0,5833.0,97.21666666666667
2022-06-29 15:34:03.628,21.081972,-1.661432,23.138081,-2.343177,0.071878,0.073082,0.125583,3.437677,1.0,5834.0,97.23333333333333
2022-06-29 15:34:04.628,21.081972,-1.654738,23.145563,-2.34239,0.072918,0.073807,0.125463,3.829007,1.0,5835.0,97.25
2022-06-29 15:34:05.628,21.093391,-1.649488,23.140181,-2.336615,0.072324,0.073539,0.125565,3.612125,1.0,5836.0,97.26666666666667
2022-06-29 15:34:06.628,21.080003,-1.642138,23.134011,-2.341865,0.072356,0.073954,0.125914,3.484826,1.0,5837.0,97.28333333333333
2022-06-29 15:34:07.628,21.09116,-1.628881,23.138868,-2.339896,0.072219,0.073235,0.125849,3.885584,1.0,5838.0,97.3
2022-06-29 15:34:08.628,21.077377,-1.630194,23.138081,-2.338452,0.071962,0.073854,0.125904,3.75357,1.0,5839.0,97.31666666666666
2022-06-29 15:34:09.628,21.078821,-1.62035,23.136112,-2.329265,0.0714,0.073382,0.126419,3.678133,1.0,5840.0,97.33333333333333
2022-06-29 15:34:10.628,21.080659,-1.6172,23.134143,-2.336221,0.071983,0.073161,0.126538,3.791288,1.0,5841.0,97.35
2022-06-29 15:34:11.628,21.080659,-1.606831,23.143201,-2.335302,0.071972,0.073508,0.125693,3.687562,1.0,5842.0,97.36666666666666
2022-06-29 15:34:12.628,21.081447,-1.603418,23.143332,-2.33399,0.071978,0.073828,0.126088,3.62627,1.0,5843.0,97.38333333333334
2022-06-29 15:34:13.628,21.078821,-1.596461,23.141494,-2.325327,0.07296,0.073959,0.126162,3.687562,1.0,5844.0,97.4
2022-06-29 15:34:14.628,21.082103,-1.58478,23.143594,-2.324277,0.073086,0.073355,0.125748,3.531974,1.0,5845.0,97.41666666666667
2022-06-29 15:34:15.628,21.085122,-1.577167,23.143726,-2.323227,0.072513,0.074295,0.126189,3.569692,1.0,5846.0,97.43333333333334
2022-06-29 15:34:16.628,21.077246,-1.578742,23.139394,-2.317583,0.072513,0.073907,0.126511,3.338667,1.0,5847.0,97.45
2022-06-29 15:34:17.628,21.080134,-1.566929,23.135849,-2.312202,0.072314,0.073933,0.126952,3.720566,1.0,5848.0,97.46666666666667
2022-06-29 15:34:18.628,21.077902,-1.556691,23.137818,-2.310627,0.072561,0.073718,0.127117,3.866725,1.0,5849.0,97.48333333333333
2022-06-29 15:34:19.628,21.096542,-1.553279,23.139919,-2.29934,0.072288,0.073933,0.126281,3.569692,1.0,5850.0,97.5
2022-06-29 15:34:20.628,21.07554,-1.548816,23.136112,-2.305509,0.072282,0.073812,0.126492,3.630985,1.0,5851.0,97.51666666666667
2022-06-29 15:34:21.628,21.095492,-1.550391,23.137293,-2.293827,0.071043,0.073229,0.125895,3.593266,1.0,5852.0,97.53333333333333
2022-06-29 15:34:22.628,21.087616,-1.536741,23.134536,-2.297371,0.072456,0.073875,0.126217,3.348096,1.0,5853.0,97.55
2022-06-29 15:34:23.628,21.080659,-1.524534,23.134274,-2.29514,0.072319,0.073823,0.1263,3.588551,1.0,5854.0,97.56666666666666
2022-06-29 15:34:24.628,21.08289,-1.521647,23.136506,-2.29514,0.072786,0.074274,0.126584,3.456537,1.0,5855.0,97.58333333333333
2022-06-29 15:34:25.628,21.089322,-1.515084,23.138606,-2.291727,0.07214,0.073965,0.126952,3.729996,1.0,5856.0,97.6
2022-06-29 15:34:26.628,21.082497,-1.509571,23.136112,-2.29514,0.072041,0.073235,0.126897,3.451822,1.0,5857.0,97.61666666666666
2022-06-29 15:34:27.628,21.086172,-1.505371,23.1411,-2.289102,0.072041,0.073277,0.125969,3.829007,1.0,5858.0,97.63333333333334
2022-06-29 15:34:28.628,21.073965,-1.500252,23.137556,-2.28359,0.072734,0.074421,0.126198,3.701707,1.0,5859.0,97.65
2022-06-29 15:34:29.628,21.082365,-1.484502,23.136374,-2.28359,0.072813,0.074222,0.126649,3.824292,1.0,5860.0,97.66666666666667
2022-06-29 15:34:30.628,21.086172,-1.475314,23.13388,-2.281752,0.071978,0.074374,0.126676,3.720566,1.0,5861.0,97.68333333333334
2022-06-29 15:34:31.628,21.084728,-1.470326,23.135849,-2.269678,0.073044,0.074295,0.126796,3.682848,1.0,5862.0,97.7
2022-06-29 15:34:32.628,21.08184,-1.460482,23.137424,-2.267971,0.072676,0.074484,0.126796,3.814862,1.0,5863.0,97.71666666666667
2022-06-29 15:34:33.628,21.07974,-1.458907,23.142019,-2.27099,0.072135,0.073581,0.126731,3.583837,1.0,5864.0,97.73333333333333
2022-06-29 15:34:34.628,21.079084,-1.448275,23.14517,-2.27519,0.071883,0.07418,0.126575,3.612125,1.0,5865.0,97.75
2022-06-29 15:34:35.628,21.078165,-1.443025,23.141363,-2.266921,0.071999,0.074033,0.126162,3.654559,1.0,5866.0,97.76666666666667
2022-06-29 15:34:36.628,21.080659,-1.436331,23.145038,-2.267709,0.071678,0.073691,0.126391,3.597981,1.0,5867.0,97.78333333333333
2022-06-29 15:34:37.628,21.082234,-1.434625,23.142413,-2.257865,0.072319,0.074075,0.125859,3.583837,1.0,5868.0,97.8
2022-06-29 15:34:38.628,21.079478,-1.4257,23.144382,-2.256815,0.072272,0.074348,0.126391,3.810147,1.0,5869.0,97.81666666666666
2022-06-29 15:34:39.628,21.07869,-1.415331,23.135455,-2.25629,0.072335,0.074043,0.126198,3.574407,1.0,5870.0,97.83333333333333
2022-06-29 15:34:40.628,21.091291,-1.410999,23.145038,-2.24789,0.071689,0.073182,0.125996,3.715851,1.0,5871.0,97.85
2022-06-29 15:34:41.628,21.08079,-1.406799,23.144513,-2.239622,0.07287,0.074847,0.12607,3.329237,1.0,5872.0,97.86666666666666
2022-06-29 15:34:42.628,21.084859,-1.391836,23.142675,-2.245396,0.072356,0.073371,0.125969,3.61684,1.0,5873.0,97.88333333333334
2022-06-29 15:34:43.628,21.073833,-1.380942,23.14832,-2.229384,0.072498,0.073229,0.126006,3.696992,1.0,5874.0,97.9
2022-06-29 15:34:44.628,21.073308,-1.380942,23.144645,-2.239884,0.072046,0.073392,0.126419,3.607411,1.0,5875.0,97.91666666666667
2022-06-29 15:34:45.628,21.073702,-1.374904,23.140969,-2.22794,0.072508,0.07355,0.126704,3.857295,1.0,5876.0,97.93333333333334
2022-06-29 15:34:46.628,21.088272,-1.366766,23.136899,-2.23529,0.072708,0.074238,0.126391,3.654559,1.0,5877.0,97.95
2022-06-29 15:34:47.628,21.084334,-1.357447,23.137162,-2.227678,0.071752,0.073628,0.126649,3.829007,1.0,5878.0,97.96666666666667
2022-06-29 15:34:48.628,21.07974,-1.355085,23.137031,-2.228597,0.072146,0.07439,0.126621,3.597981,1.0,5879.0,97.98333333333333
2022-06-29 15:34:49.628,21.08801,-1.342616,23.141757,-2.218622,0.072104,0.073177,0.126263,3.546118,1.0,5880.0,98.0
2022-06-29 15:34:50.628,21.088666,-1.339072,23.146351,-2.221378,0.073259,0.074148,0.12595,3.560263,1.0,5881.0,98.01666666666667
2022-06-29 15:34:51.628,21.078559,-1.331197,23.146089,-2.215078,0.072119,0.073938,0.126281,3.503685,1.0,5882.0,98.03333333333333
2022-06-29 15:34:52.628,21.095229,-1.32319,23.139787,-2.212453,0.072487,0.074096,0.126465,3.597981,1.0,5883.0,98.05
2022-06-29 15:34:53.628,21.077509,-1.315577,23.144907,-2.212978,0.071946,0.073534,0.126143,3.663988,1.0,5884.0,98.06666666666666
2022-06-29 15:34:54.628,21.088272,-1.310196,23.1411,-2.210353,0.07214,0.073623,0.126474,3.418818,1.0,5885.0,98.08333333333333
2022-06-29 15:34:55.628,21.098248,-1.301271,23.146614,-2.198672,0.071988,0.073471,0.126272,3.75357,1.0,5886.0,98.1
2022-06-29 15:34:56.628,21.070814,-1.299827,23.145957,-2.202609,0.072209,0.074306,0.126208,3.918588,1.0,5887.0,98.11666666666666
2022-06-29 15:34:57.628,21.088272,-1.293133,23.139131,-2.197622,0.072566,0.074148,0.126327,3.767714,1.0,5888.0,98.13333333333334
2022-06-29 15:34:58.628,21.074227,-1.277907,23.143988,-2.189353,0.072114,0.073739,0.126125,3.73471,1.0,5889.0,98.15
2022-06-29 15:34:59.628,21.081578,-1.27502,23.144382,-2.191716,0.072739,0.073786,0.125574,3.781858,1.0,5890.0,98.16666666666667
2022-06-29 15:35:00.628,21.083284,-1.269376,23.14727,-2.185022,0.072151,0.074295,0.126345,3.635699,1.0,5891.0,98.18333333333334
2022-06-29 15:35:01.628,21.092473,-1.261107,23.140181,-2.187122,0.071831,0.073786,0.126382,3.423533,1.0,5892.0,98.2
2022-06-29 15:35:02.628,21.08184,-1.260844,23.144645,-2.191453,0.071999,0.073933,0.126088,3.602696,1.0,5893.0,98.21666666666667
2022-06-29 15:35:03.628,21.084072,-1.250081,23.141494,-2.189091,0.072398,0.074196,0.126557,3.711136,1.0,5894.0,98.23333333333333
2022-06-29 15:35:04.628,21.076196,-1.245881,23.145038,-2.180953,0.072482,0.073345,0.1255,3.843151,1.0,5895.0,98.25
2022-06-29 15:35:05.628,21.090766,-1.238137,23.145301,-2.170322,0.072235,0.073833,0.126373,3.772429,1.0,5896.0,98.26666666666667
2022-06-29 15:35:06.628,21.093391,-1.231312,23.136374,-2.164941,0.072062,0.073959,0.126153,3.682848,1.0,5897.0,98.28333333333333
2022-06-29 15:35:07.628,21.090766,-1.22173,23.139919,-2.172553,0.072062,0.074148,0.126272,3.725281,1.0,5898.0,98.3
2022-06-29 15:35:08.628,21.091685,-1.216612,23.143463,-2.166778,0.07275,0.074694,0.126042,3.428248,1.0,5899.0,98.31666666666666
2022-06-29 15:35:09.628,21.098248,-1.205455,23.145301,-2.163366,0.071726,0.073938,0.126263,3.527259,1.0,5900.0,98.33333333333333
2022-06-29 15:35:10.628,21.089847,-1.196923,23.144513,-2.160085,0.071747,0.073303,0.126373,3.564977,1.0,5901.0,98.35
2022-06-29 15:35:11.628,21.082497,-1.193773,23.146614,-2.156147,0.071579,0.073581,0.126171,3.772429,1.0,5902.0,98.36666666666666
2022-06-29 15:35:12.628,21.081972,-1.183535,23.146089,-2.156541,0.071678,0.073644,0.125767,3.711136,1.0,5903.0,98.38333333333334
2022-06-29 15:35:13.628,21.077509,-1.179204,23.150289,-2.150241,0.072114,0.0745,0.125583,3.583837,1.0,5904.0,98.4
2022-06-29 15:35:14.628,21.079346,-1.17041,23.151077,-2.144072,0.072435,0.073901,0.126345,4.064747,1.0,5905.0,98.41666666666667
2022-06-29 15:35:15.628,21.082759,-1.160041,23.148977,-2.143678,0.072555,0.073844,0.126042,3.630985,1.0,5906.0,98.43333333333334
2022-06-29 15:35:16.628,21.081184,-1.160566,23.141494,-2.139085,0.071862,0.073434,0.126355,3.579122,1.0,5907.0,98.45
2022-06-29 15:35:17.628,21.099429,-1.155053,23.146745,-2.144335,0.071311,0.073282,0.126529,3.555548,1.0,5908.0,98.46666666666667
2022-06-29 15:35:18.628,21.093785,-1.149672,23.146876,-2.140266,0.072466,0.073775,0.125693,3.758284,1.0,5909.0,98.48333333333333
2022-06-29 15:35:19.628,21.081709,-1.138121,23.14832,-2.123335,0.072765,0.074253,0.126391,3.824292,1.0,5910.0,98.5
2022-06-29 15:35:20.628,21.073702,-1.133528,23.148451,-2.120972,0.071657,0.074017,0.125353,3.423533,1.0,5911.0,98.51666666666667
2022-06-29 15:35:21.628,21.076196,-1.138121,23.143332,-2.127141,0.072277,0.074448,0.126327,3.546118,1.0,5912.0,98.53333333333333
2022-06-29 15:35:22.628,21.095229,-1.124996,23.144382,-2.128454,0.073191,0.074595,0.126116,3.564977,1.0,5913.0,98.55
2022-06-29 15:35:23.628,21.092998,-1.113183,23.140969,-2.127535,0.072603,0.074154,0.126364,3.470681,1.0,5914.0,98.56666666666666
2022-06-29 15:35:24.628,21.09326,-1.106752,23.134536,-2.119529,0.071678,0.073817,0.126814,3.659273,1.0,5915.0,98.58333333333333
2022-06-29 15:35:25.628,21.090766,-1.102027,23.132436,-2.11546,0.072246,0.073718,0.126097,3.725281,1.0,5916.0,98.6
2022-06-29 15:35:26.628,21.088141,-1.093626,23.135849,-2.110735,0.072382,0.073555,0.12618,3.739425,1.0,5917.0,98.61666666666666
2022-06-29 15:35:27.628,21.092866,-1.08667,23.131911,-2.112966,0.072088,0.073723,0.12686,3.918588,1.0,5918.0,98.63333333333334
2022-06-29 15:35:28.628,21.081709,-1.078795,23.140181,-2.106404,0.07266,0.073523,0.126584,4.069462,1.0,5919.0,98.65
2022-06-29 15:35:29.628,21.089454,-1.074332,23.138868,-2.103779,0.072093,0.074133,0.126153,3.612125,1.0,5920.0,98.66666666666667
2022-06-29 15:35:30.628,21.094048,-1.070526,23.136112,-2.105223,0.072282,0.074285,0.126511,3.630985,1.0,5921.0,98.68333333333334
2022-06-29 15:35:31.628,21.092079,-1.063569,23.127973,-2.102466,0.072109,0.074526,0.126603,3.725281,1.0,5922.0,98.7
2022-06-29 15:35:32.628,21.097723,-1.058056,23.128104,-2.092229,0.072282,0.07397,0.127338,3.786573,1.0,5923.0,98.71666666666667
2022-06-29 15:35:33.628,21.09536,-1.050706,23.124691,-2.084354,0.071794,0.073886,0.127044,3.517829,1.0,5924.0,98.73333333333333
2022-06-29 15:35:34.628,21.07764,-1.045981,23.13178,-2.091179,0.072309,0.073628,0.126842,3.829007,1.0,5925.0,98.75
2022-06-29 15:35:35.628,21.082628,-1.038631,23.126004,-2.098923,0.071794,0.073219,0.126924,3.857295,1.0,5926.0,98.76666666666667
2022-06-29 15:35:36.628,21.093916,-1.033774,23.123903,-2.089079,0.072351,0.073639,0.126979,3.885584,1.0,5927.0,98.78333333333333
2022-06-29 15:35:37.628,21.085384,-1.024062,23.122722,-2.089079,0.072713,0.073796,0.126695,3.829007,1.0,5928.0,98.8
2022-06-29 15:35:38.628,21.089322,-1.018943,23.124691,-2.080023,0.071747,0.073676,0.126612,3.706422,1.0,5929.0,98.81666666666666
2022-06-29 15:35:39.628,21.085253,-1.021043,23.119046,-2.08711,0.072282,0.073754,0.127044,3.805433,1.0,5930.0,98.83333333333333
2022-06-29 15:35:40.628,21.098511,-1.012511,23.113927,-2.07661,0.07139,0.073198,0.127007,3.682848,1.0,5931.0,98.85
2022-06-29 15:35:41.628,21.097067,-0.998992,23.121015,-2.07871,0.071421,0.073229,0.12754,3.673418,1.0,5932.0,98.86666666666666
2022-06-29 15:35:42.628,21.084466,-1.000173,23.122459,-2.070967,0.071909,0.073319,0.127053,3.564977,1.0,5933.0,98.88333333333334
2022-06-29 15:35:43.628,21.092998,-0.99256,23.12049,-2.070967,0.071815,0.073303,0.12686,3.49897,1.0,5934.0,98.9
2022-06-29 15:35:44.628,21.085909,-0.983241,23.115108,-2.074904,0.071258,0.073418,0.126483,3.550833,1.0,5935.0,98.91666666666667
2022-06-29 15:35:45.628,21.08801,-0.980616,23.111432,-2.073067,0.072014,0.074022,0.126823,3.696992,1.0,5936.0,98.93333333333334
2022-06-29 15:35:46.628,21.092604,-0.969985,23.111432,-2.075035,0.072393,0.074007,0.126842,3.62627,1.0,5937.0,98.95
2022-06-29 15:35:47.628,21.097592,-0.964341,23.111039,-2.070442,0.071568,0.073628,0.126869,3.772429,1.0,5938.0,98.96666666666667
2022-06-29 15:35:48.628,21.088535,-0.961059,23.107232,-2.066767,0.072272,0.074343,0.126851,3.480111,1.0,5939.0,98.98333333333333
2022-06-29 15:35:49.628,21.091554,-0.956334,23.106313,-2.071754,0.072293,0.074133,0.126786,3.880869,1.0,5940.0,99.0
2022-06-29 15:35:50.628,21.102711,-0.952528,23.108413,-2.07136,0.072214,0.074054,0.126768,3.305663,1.0,5941.0,99.01666666666667
2022-06-29 15:35:51.628,21.08906,-0.942159,23.104475,-2.073067,0.072351,0.074085,0.12754,3.810147,1.0,5942.0,99.03333333333333
2022-06-29 15:35:52.628,21.097198,-0.937565,23.104869,-2.06506,0.072377,0.074148,0.127172,3.829007,1.0,5943.0,99.05
2022-06-29 15:35:53.628,21.097723,-0.936777,23.101456,-2.062829,0.072408,0.074479,0.126796,3.536688,1.0,5944.0,99.06666666666666
2022-06-29 15:35:54.628,21.083284,-0.92864,23.100274,-2.062435,0.072277,0.074117,0.126989,3.630985,1.0,5945.0,99.08333333333333
2022-06-29 15:35:55.628,21.087878,-0.926933,23.105788,-2.062829,0.072382,0.07461,0.12663,3.673418,1.0,5946.0,99.1
2022-06-29 15:35:56.628,21.096279,-0.91197,23.102768,-2.064667,0.072004,0.074521,0.126933,3.720566,1.0,5947.0,99.11666666666666
2022-06-29 15:35:57.628,21.086434,-0.908033,23.10093,-2.065454,0.07234,0.07439,0.126842,3.74414,1.0,5948.0,99.13333333333334
2022-06-29 15:35:58.628,21.083284,-0.909608,23.104344,-2.067029,0.072503,0.074516,0.127301,3.541403,1.0,5949.0,99.15
2022-06-29 15:35:59.628,21.092735,-0.892413,23.105656,-2.057842,0.072235,0.074049,0.126933,3.711136,1.0,5950.0,99.16666666666667
2022-06-29 15:36:00.628,21.081053,-0.896351,23.103293,-2.065848,0.072235,0.074589,0.127255,3.852581,1.0,5951.0,99.18333333333334
2022-06-29 15:36:01.628,21.080528,-0.889788,23.103687,-2.069129,0.071752,0.07366,0.127227,3.484826,1.0,5952.0,99.2
2022-06-29 15:36:02.628,21.084991,-0.884276,23.103425,-2.063223,0.071468,0.074532,0.127053,3.583837,1.0,5953.0,99.21666666666667
2022-06-29 15:36:03.628,21.083809,-0.879026,23.100012,-2.063485,0.071505,0.07428,0.126796,3.748855,1.0,5954.0,99.23333333333333
2022-06-29 15:36:04.628,21.097723,-0.870888,23.106575,-2.059548,0.071915,0.074463,0.127136,3.687562,1.0,5955.0,99.25
2022-06-29 15:36:05.628,21.091685,-0.868394,23.11327,-2.05666,0.071705,0.074626,0.12697,3.475396,1.0,5956.0,99.26666666666667
2022-06-29 15:36:06.628,21.105861,-0.864325,23.111826,-2.063223,0.071642,0.074096,0.126851,3.550833,1.0,5957.0,99.28333333333333
2022-06-29 15:36:07.628,21.08079,-0.858025,23.106575,-2.068998,0.071705,0.074117,0.127209,3.725281,1.0,5958.0,99.3
2022-06-29 15:36:08.628,21.086697,-0.849362,23.107625,-2.067685,0.072519,0.074647,0.127126,3.291518,1.0,5959.0,99.31666666666666
2022-06-29 15:36:09.628,21.10363,-0.847131,23.104869,-2.067423,0.071762,0.074154,0.12754,3.475396,1.0,5960.0,99.33333333333333
2022-06-29 15:36:10.628,21.092473,-0.838599,23.104475,-2.069129,0.071841,0.074831,0.127448,3.711136,1.0,5961.0,99.35
2022-06-29 15:36:11.628,21.097854,-0.831774,23.108938,-2.066373,0.071747,0.074915,0.127255,3.847866,1.0,5962.0,99.36666666666666
2022-06-29 15:36:12.628,21.100873,-0.827836,23.109201,-2.06821,0.072125,0.074143,0.127273,3.461252,1.0,5963.0,99.38333333333334
2022-06-29 15:36:13.628,21.082234,-0.828886,23.10605,-2.067685,0.071988,0.074285,0.127374,3.3811,1.0,5964.0,99.4
2022-06-29 15:36:14.628,21.092735,-0.822849,23.101849,-2.057973,0.072366,0.074448,0.127531,3.810147,1.0,5965.0,99.41666666666667
2022-06-29 15:36:15.628,21.084334,-0.81773,23.109595,-2.064929,0.072172,0.074768,0.127494,3.885584,1.0,5966.0,99.43333333333334
2022-06-29 15:36:16.628,21.073965,-0.812611,23.110251,-2.065979,0.072387,0.074841,0.127393,3.75357,1.0,5967.0,99.45
2022-06-29 15:36:17.628,21.089454,-0.813923,23.105525,-2.07031,0.072088,0.074421,0.127687,3.696992,1.0,5968.0,99.46666666666667
2022-06-29 15:36:18.628,21.094441,-0.803817,23.105394,-2.060335,0.071915,0.074721,0.127273,3.437677,1.0,5969.0,99.48333333333333
2022-06-29 15:36:19.628,21.089191,-0.796467,23.103293,-2.064929,0.07171,0.073996,0.12799,3.696992,1.0,5970.0,99.5
2022-06-29 15:36:20.628,21.089716,-0.789116,23.108676,-2.06611,0.072046,0.07408,0.127338,3.796003,1.0,5971.0,99.51666666666667
2022-06-29 15:36:21.628,21.090241,-0.78951,23.10093,-2.06821,0.072072,0.074238,0.127466,3.824292,1.0,5972.0,99.53333333333333
2022-06-29 15:36:22.628,21.092473,-0.785441,23.094236,-2.064273,0.071951,0.073513,0.127025,3.781858,1.0,5973.0,99.55
2022-06-29 15:36:23.628,21.089322,-0.78216,23.092792,-2.064929,0.072818,0.075141,0.127577,3.739425,1.0,5974.0,99.56666666666666
2022-06-29 15:36:24.628,21.080003,-0.771266,23.096073,-2.064142,0.071951,0.074358,0.127227,3.701707,1.0,5975.0,99.58333333333333
2022-06-29 15:36:25.628,21.089191,-0.767197,23.097911,-2.056923,0.071731,0.074763,0.127025,3.720566,1.0,5976.0,99.6
2022-06-29 15:36:26.628,21.087091,-0.770741,23.103425,-2.06086,0.071699,0.074295,0.127191,3.649844,1.0,5977.0,99.61666666666666
2022-06-29 15:36:27.628,21.080396,-0.761947,23.100537,-2.061385,0.071831,0.074064,0.126915,3.87144,1.0,5978.0,99.63333333333334
2022-06-29 15:36:28.628,21.081053,-0.755384,23.101062,-2.063092,0.072135,0.074421,0.127117,3.918588,1.0,5979.0,99.65
2022-06-29 15:36:29.628,21.088403,-0.749346,23.101849,-2.066635,0.071867,0.07418,0.126851,3.701707,1.0,5980.0,99.66666666666667
2022-06-29 15:36:30.628,21.082234,-0.748427,23.093842,-2.06716,0.072167,0.074637,0.126961,3.593266,1.0,5981.0,99.68333333333334
2022-06-29 15:36:31.628,21.08801,-0.748821,23.093842,-2.073723,0.072125,0.074915,0.126722,3.762999,1.0,5982.0,99.7
2022-06-29 15:36:32.628,21.086041,-0.745802,23.094104,-2.062435,0.072025,0.074789,0.127062,3.5084,1.0,5983.0,99.71666666666667
2022-06-29 15:36:33.628,21.090504,-0.736483,23.087672,-2.060204,0.071852,0.074668,0.127136,3.503685,1.0,5984.0,99.73333333333333
2022-06-29 15:36:34.628,21.081053,-0.731364,23.092923,-2.060467,0.072277,0.074789,0.126961,3.574407,1.0,5985.0,99.75
2022-06-29 15:36:35.628,21.097198,-0.726639,23.092923,-2.064798,0.071983,0.075419,0.127007,3.593266,1.0,5986.0,99.76666666666667
2022-06-29 15:36:36.628,21.096017,-0.722177,23.091085,-2.060204,0.071474,0.074752,0.127273,3.480111,1.0,5987.0,99.78333333333333
2022-06-29 15:36:37.628,21.095229,-0.716533,23.087016,-2.07136,0.072198,0.074589,0.127292,3.494255,1.0,5988.0,99.8
2022-06-29 15:36:38.628,21.085516,-0.715745,23.084128,-2.067685,0.071421,0.074085,0.127062,3.550833,1.0,5989.0,99.81666666666666
2022-06-29 15:36:39.628,21.093785,-0.717714,23.082683,-2.064142,0.072072,0.07471,0.127191,3.876155,1.0,5990.0,99.83333333333333
2022-06-29 15:36:40.628,21.083415,-0.714958,23.082946,-2.06926,0.071379,0.073775,0.126897,3.62627,1.0,5991.0,99.85
2022-06-29 15:36:41.628,21.08079,-0.70787,23.078351,-2.067423,0.071899,0.074348,0.127393,3.555548,1.0,5992.0,99.86666666666666
2022-06-29 15:36:42.628,21.085909,-0.70262,23.082683,-2.063354,0.071925,0.074421,0.126456,3.715851,1.0,5993.0,99.88333333333334
2022-06-29 15:36:43.628,21.088403,-0.70262,23.082158,-2.07346,0.071783,0.074007,0.126722,3.682848,1.0,5994.0,99.9
2022-06-29 15:36:44.628,21.084859,-0.694219,23.083865,-2.06086,0.071951,0.07449,0.126575,3.630985,1.0,5995.0,99.91666666666667
2022-06-29 15:36:45.628,21.07554,-0.688838,23.076514,-2.061385,0.071673,0.074322,0.126447,3.61684,1.0,5996.0,99.93333333333334
2022-06-29 15:36:46.628,21.080396,-0.688444,23.077826,-2.060073,0.07151,0.074542,0.12675,3.673418,1.0,5997.0,99.95
2022-06-29 15:36:47.628,21.089847,-0.683719,23.072182,-2.068867,0.0716,0.074526,0.127687,3.796003,1.0,5998.0,99.96666666666667
2022-06-29 15:36:48.628,21.09431,-0.682538,23.071525,-2.062173,0.07161,0.074957,0.127283,3.593266,1.0,5999.0,99.98333333333333
2022-06-29 15:36:49.628,21.092079,-0.677944,23.072969,-2.064273,0.071857,0.074274,0.127466,3.61684,1.0,6000.0,100.0
2022-06-29 15:36:50.628,21.081709,-0.675056,23.073101,-2.069523,0.072387,0.074873,0.127301,3.701707,1.0,6001.0,100.01666666666667
2022-06-29 15:36:51.628,21.09011,-0.6681,23.073757,-2.070835,0.072182,0.075319,0.127402,3.564977,1.0,6002.0,100.03333333333333
2022-06-29 15:36:52.628,21.075409,-0.668362,23.070738,-2.064929,0.071573,0.073944,0.127586,3.593266,1.0,6003.0,100.05
2022-06-29 15:36:53.628,21.086697,-0.661406,23.071788,-2.065323,0.072356,0.074537,0.126731,3.739425,1.0,6004.0,100.06666666666666
2022-06-29 15:36:54.628,21.088535,-0.662587,23.072707,-2.066504,0.072114,0.075366,0.127485,3.805433,1.0,6005.0,100.08333333333333
2022-06-29 15:36:55.628,21.086566,-0.654974,23.067456,-2.070179,0.072009,0.075288,0.127558,3.513114,1.0,6006.0,100.1
2022-06-29 15:36:56.628,21.085253,-0.650249,23.06063,-2.06611,0.071594,0.074694,0.127338,3.574407,1.0,6007.0,100.11666666666666
2022-06-29 15:36:57.628,21.085909,-0.649462,23.058398,-2.065454,0.071269,0.074448,0.127503,3.62627,1.0,6008.0,100.13333333333334
2022-06-29 15:36:58.628,21.091947,-0.641061,23.061417,-2.056398,0.071264,0.074306,0.127457,3.546118,1.0,6009.0,100.15
2022-06-29 15:36:59.628,21.091422,-0.642112,23.06063,-2.062567,0.071789,0.074379,0.127283,3.692277,1.0,6010.0,100.16666666666667
2022-06-29 15:37:00.628,21.085253,-0.63778,23.063124,-2.054954,0.072109,0.074332,0.127439,3.555548,1.0,6011.0,100.18333333333334
2022-06-29 15:37:01.628,21.079871,-0.631349,23.057479,-2.055479,0.072288,0.075041,0.127255,3.814862,1.0,6012.0,100.2
2022-06-29 15:37:02.628,21.08289,-0.627411,23.053935,-2.062304,0.071825,0.074484,0.127687,3.536688,1.0,6013.0,100.21666666666667
2022-06-29 15:37:03.628,21.091029,-0.629511,23.053541,-2.058892,0.071794,0.074206,0.127319,3.621555,1.0,6014.0,100.23333333333333
2022-06-29 15:37:04.628,21.087878,-0.619142,23.053935,-2.05771,0.072597,0.075482,0.127328,3.687562,1.0,6015.0,100.25
2022-06-29 15:37:05.628,21.089716,-0.618223,23.058923,-2.059154,0.071794,0.074264,0.127273,3.711136,1.0,6016.0,100.26666666666667
2022-06-29 15:37:06.628,21.078428,-0.614679,23.050915,-2.062173,0.072056,0.074532,0.127301,3.564977,1.0,6017.0,100.28333333333333
2022-06-29 15:37:07.628,21.096148,-0.616386,23.052359,-2.066635,0.07255,0.074873,0.127255,3.758284,1.0,6018.0,100.3
2022-06-29 15:37:08.628,21.089454,-0.614154,23.052884,-2.068867,0.071862,0.074679,0.127531,3.475396,1.0,6019.0,100.31666666666666
2022-06-29 15:37:09.628,21.090897,-0.611792,23.045008,-2.053904,0.07161,0.074941,0.12731,3.357526,1.0,6020.0,100.33333333333333
2022-06-29 15:37:10.628,21.086172,-0.60116,23.043301,-2.061385,0.071915,0.074411,0.127347,3.569692,1.0,6021.0,100.35
2022-06-29 15:37:11.628,21.084203,-0.599323,23.04422,-2.06086,0.07139,0.074652,0.127034,3.447107,1.0,6022.0,100.36666666666666
2022-06-29 15:37:12.628,21.083022,-0.599979,23.044877,-2.062042,0.071831,0.075482,0.127347,3.61684,1.0,6023.0,100.38333333333334
2022-06-29 15:37:13.628,21.081053,-0.592235,23.036869,-2.05561,0.072603,0.075891,0.12754,3.612125,1.0,6024.0,100.4
2022-06-29 15:37:14.628,21.070683,-0.596041,23.041595,-2.065585,0.072923,0.075534,0.127678,3.748855,1.0,6025.0,100.41666666666667
2022-06-29 15:37:15.628,21.086697,-0.58961,23.043564,-2.063879,0.07172,0.074637,0.127586,3.796003,1.0,6026.0,100.43333333333334
2022-06-29 15:37:16.628,21.080396,-0.585541,23.039232,-2.060467,0.07192,0.075057,0.127227,3.546118,1.0,6027.0,100.45
2022-06-29 15:37:17.628,21.075671,-0.586328,23.036607,-2.058629,0.071899,0.074752,0.126915,3.678133,1.0,6028.0,100.46666666666667
2022-06-29 15:37:18.628,21.084991,-0.579503,23.033062,-2.061123,0.071794,0.075088,0.127356,3.555548,1.0,6029.0,100.48333333333333
2022-06-29 15:37:19.628,21.081053,-0.581997,23.034244,-2.061254,0.071159,0.075067,0.127319,3.437677,1.0,6030.0,100.5
2022-06-29 15:37:20.628,21.092473,-0.578191,23.029518,-2.057973,0.071678,0.07523,0.127595,3.597981,1.0,6031.0,100.51666666666667
2022-06-29 15:37:21.628,21.083153,-0.574384,23.020854,-2.056267,0.07181,0.075561,0.127806,3.649844,1.0,6032.0,100.53333333333333
2022-06-29 15:37:22.628,21.071864,-0.568215,23.030305,-2.054823,0.071463,0.074862,0.127604,3.673418,1.0,6033.0,100.55
2022-06-29 15:37:23.628,21.081447,-0.567165,23.029387,-2.064404,0.071594,0.075235,0.127788,3.300948,1.0,6034.0,100.56666666666666
2022-06-29 15:37:24.628,21.082497,-0.564934,23.021248,-2.061648,0.071453,0.074773,0.127733,3.465966,1.0,6035.0,100.58333333333333
2022-06-29 15:37:25.628,21.080922,-0.563096,23.019804,-2.055348,0.072046,0.074868,0.127604,3.541403,1.0,6036.0,100.6
2022-06-29 15:37:26.628,21.079609,-0.56559,23.020854,-2.057185,0.071804,0.074747,0.128201,3.62627,1.0,6037.0,100.61666666666666
2022-06-29 15:37:27.628,21.072915,-0.556927,23.015603,-2.058629,0.071358,0.07461,0.128128,3.555548,1.0,6038.0,100.63333333333334
2022-06-29 15:37:28.628,21.087616,-0.551677,23.01429,-2.058367,0.071384,0.074469,0.127861,3.87144,1.0,6039.0,100.65
2022-06-29 15:37:29.628,21.079871,-0.551415,23.019016,-2.055873,0.072088,0.074684,0.12765,3.569692,1.0,6040.0,100.66666666666667
2022-06-29 15:37:30.628,21.064776,-0.548265,23.013896,-2.05666,0.071348,0.074196,0.127834,3.352811,1.0,6041.0,100.68333333333334
2022-06-29 15:37:31.628,21.073177,-0.549052,23.015734,-2.063485,0.071411,0.075051,0.127622,3.857295,1.0,6042.0,100.7
2022-06-29 15:37:32.628,21.078953,-0.540258,23.017966,-2.062042,0.071815,0.0745,0.127356,3.470681,1.0,6043.0,100.71666666666667
2022-06-29 15:37:33.628,21.076459,-0.538946,23.014159,-2.057448,0.07172,0.075072,0.128027,3.442392,1.0,6044.0,100.73333333333333
2022-06-29 15:37:34.628,21.080396,-0.540521,23.010352,-2.060467,0.071353,0.074915,0.127255,3.583837,1.0,6045.0,100.75
2022-06-29 15:37:35.628,21.083809,-0.541571,23.019016,-2.062435,0.071327,0.075009,0.126961,3.74414,1.0,6046.0,100.76666666666667
2022-06-29 15:37:36.628,21.079084,-0.533039,23.017834,-2.060204,0.072109,0.075036,0.127531,3.904444,1.0,6047.0,100.78333333333333
2022-06-29 15:37:37.628,21.07449,-0.535402,23.020985,-2.05036,0.071768,0.074642,0.127347,3.73471,1.0,6048.0,100.8
2022-06-29 15:37:38.628,21.075934,-0.53002,23.012321,-2.052723,0.072009,0.075618,0.127319,3.729996,1.0,6049.0,100.81666666666666
2022-06-29 15:37:39.628,21.081315,-0.527001,23.013896,-2.058498,0.07192,0.074841,0.127319,3.692277,1.0,6050.0,100.83333333333333
2022-06-29 15:37:40.628,21.080265,-0.525033,23.010746,-2.056923,0.071531,0.074946,0.127668,3.729996,1.0,6051.0,100.85
2022-06-29 15:37:41.628,21.079871,-0.512301,23.004182,-2.05141,0.071668,0.074931,0.127861,3.791288,1.0,6052.0,100.86666666666666
2022-06-29 15:37:42.628,21.078821,-0.520439,23.003526,-2.057448,0.071416,0.074726,0.128183,3.880869,1.0,6053.0,100.88333333333334
2022-06-29 15:37:43.628,21.070552,-0.515057,23.00497,-2.061254,0.071558,0.074915,0.127834,3.73471,1.0,6054.0,100.9
2022-06-29 15:37:44.628,21.064645,-0.510595,23.006545,-2.052723,0.071652,0.074857,0.127733,3.805433,1.0,6055.0,100.91666666666667
2022-06-29 15:37:45.628,21.089979,-0.510463,23.003919,-2.051279,0.071836,0.074589,0.127632,3.748855,1.0,6056.0,100.93333333333334
2022-06-29 15:37:46.628,21.077771,-0.509807,22.998669,-2.054035,0.071909,0.074878,0.128027,3.758284,1.0,6057.0,100.95
2022-06-29 15:37:47.628,21.075802,-0.506526,22.998669,-2.05666,0.071075,0.075135,0.127861,3.687562,1.0,6058.0,100.96666666666667
2022-06-29 15:37:48.628,21.087485,-0.507838,23.002344,-2.052723,0.071206,0.07566,0.127696,3.569692,1.0,6059.0,100.98333333333333
2022-06-29 15:37:49.628,21.085253,-0.502194,23.000506,-2.048654,0.071678,0.075319,0.127935,3.904444,1.0,6060.0,101.0
2022-06-29 15:37:50.628,21.087485,-0.502457,23.003788,-2.050229,0.071505,0.07524,0.127852,3.517829,1.0,6061.0,101.01666666666667
2022-06-29 15:37:51.628,21.08906,-0.500226,23.002475,-2.050754,0.071106,0.075366,0.127861,3.48954,1.0,6062.0,101.03333333333333
2022-06-29 15:37:52.628,21.074621,-0.501276,22.997225,-2.05036,0.071631,0.075492,0.128339,3.73471,1.0,6063.0,101.05
2022-06-29 15:37:53.628,21.077509,-0.494188,23.000506,-2.054429,0.0714,0.074841,0.128063,3.786573,1.0,6064.0,101.06666666666666
2022-06-29 15:37:54.628,21.089322,-0.493007,23.002607,-2.050492,0.071426,0.075093,0.128183,3.725281,1.0,6065.0,101.08333333333333
2022-06-29 15:37:55.628,21.079346,-0.492088,23.003132,-2.048917,0.071967,0.075618,0.128027,3.678133,1.0,6066.0,101.1
2022-06-29 15:37:56.628,21.090372,-0.491432,22.998406,-2.050754,0.071321,0.075487,0.128183,3.682848,1.0,6067.0,101.11666666666666
2022-06-29 15:37:57.628,21.09536,-0.493532,23.003394,-2.053379,0.070823,0.075414,0.127944,3.630985,1.0,6068.0,101.13333333333334
2022-06-29 15:37:58.628,21.087091,-0.48605,23.001425,-2.056004,0.072025,0.075519,0.127907,3.484826,1.0,6069.0,101.15
2022-06-29 15:37:59.628,21.077902,-0.487363,23.007464,-2.04826,0.071836,0.075398,0.127944,3.758284,1.0,6070.0,101.16666666666667
2022-06-29 15:38:00.628,21.086041,-0.488938,23.009433,-2.051148,0.071841,0.075671,0.127577,3.564977,1.0,6071.0,101.18333333333334
2022-06-29 15:38:01.628,21.086566,-0.479619,23.004445,-2.054692,0.0716,0.075655,0.127751,3.777144,1.0,6072.0,101.2
2022-06-29 15:38:02.628,21.079478,-0.483294,23.011008,-2.050229,0.072393,0.076059,0.128403,3.654559,1.0,6073.0,101.21666666666667
2022-06-29 15:38:03.628,21.095229,-0.47555,23.001294,-2.045373,0.071815,0.075645,0.128146,3.513114,1.0,6074.0,101.23333333333333
2022-06-29 15:38:04.628,21.102842,-0.469643,23.009433,-2.046029,0.071668,0.075818,0.128385,3.569692,1.0,6075.0,101.25
2022-06-29 15:38:05.628,21.105861,-0.475944,23.007201,-2.049573,0.071269,0.07566,0.128808,3.541403,1.0,6076.0,101.26666666666667
2022-06-29 15:38:06.628,21.089716,-0.47555,23.014028,-2.043535,0.072198,0.075335,0.128165,3.800718,1.0,6077.0,101.28333333333333
2022-06-29 15:38:07.628,21.106124,-0.470562,23.009564,-2.046029,0.071689,0.074773,0.128321,3.701707,1.0,6078.0,101.3
2022-06-29 15:38:08.628,21.096673,-0.470168,23.005626,-2.036579,0.071967,0.076023,0.12833,3.418818,1.0,6079.0,101.31666666666666
2022-06-29 15:38:09.628,21.103367,-0.465312,23.01219,-2.046029,0.072314,0.075697,0.128045,3.560263,1.0,6080.0,101.33333333333333
2022-06-29 15:38:10.628,21.092604,-0.467018,23.015734,-2.053117,0.07213,0.075555,0.128523,3.729996,1.0,6081.0,101.35
2022-06-29 15:38:11.628,21.095623,-0.466887,23.005101,-2.040648,0.071941,0.075482,0.128523,3.913873,1.0,6082.0,101.36666666666666
2022-06-29 15:38:12.628,21.08801,-0.456518,23.001688,-2.041173,0.071936,0.075571,0.12833,3.635699,1.0,6083.0,101.38333333333334
2022-06-29 15:38:13.628,21.101005,-0.45573,23.009039,-2.039467,0.072298,0.075424,0.128018,3.73471,1.0,6084.0,101.4
2022-06-29 15:38:14.628,21.104024,-0.458093,23.006939,-2.036317,0.071258,0.074994,0.128266,3.73471,1.0,6085.0,101.41666666666667
2022-06-29 15:38:15.628,21.094573,-0.450349,23.011665,-2.036579,0.072062,0.075261,0.127861,3.555548,1.0,6086.0,101.43333333333334
2022-06-29 15:38:16.628,21.102055,-0.450743,23.008645,-2.035529,0.071878,0.075125,0.127843,3.602696,1.0,6087.0,101.45
2022-06-29 15:38:17.628,21.099429,-0.448905,23.006807,-2.027786,0.071495,0.075314,0.128192,3.696992,1.0,6088.0,101.46666666666667
2022-06-29 15:38:18.628,21.10363,-0.44523,23.005363,-2.031592,0.072156,0.075324,0.128073,3.729996,1.0,6089.0,101.48333333333333
2022-06-29 15:38:19.628,21.095098,-0.445361,23.005101,-2.027261,0.071479,0.074915,0.127641,3.649844,1.0,6090.0,101.5
2022-06-29 15:38:20.628,21.099167,-0.444049,23.007989,-2.034873,0.071642,0.075492,0.1281,3.75357,1.0,6091.0,101.51666666666667
2022-06-29 15:38:21.628,21.101267,-0.440767,23.010877,-2.029886,0.072466,0.075629,0.1281,3.857295,1.0,6092.0,101.53333333333333
2022-06-29 15:38:22.628,21.099692,-0.436436,23.016916,-2.032379,0.071626,0.075403,0.127834,3.484826,1.0,6093.0,101.55
2022-06-29 15:38:23.628,21.117018,-0.441817,23.012584,-2.022273,0.071584,0.075576,0.127494,3.725281,1.0,6094.0,101.56666666666666
2022-06-29 15:38:24.628,21.100086,-0.435123,23.00707,-2.026736,0.071815,0.074621,0.128468,3.659273,1.0,6095.0,101.58333333333333
2022-06-29 15:38:25.628,21.097592,-0.434992,23.015209,-2.015711,0.071458,0.075366,0.127788,3.640414,1.0,6096.0,101.6
2022-06-29 15:38:26.628,21.111243,-0.437092,23.011927,-2.018467,0.071841,0.07503,0.128054,3.437677,1.0,6097.0,101.61666666666666
2022-06-29 15:38:27.628,21.094573,-0.439192,23.006939,-2.022142,0.071342,0.075309,0.128201,3.635699,1.0,6098.0,101.63333333333334
2022-06-29 15:38:28.628,21.108224,-0.427905,23.006151,-2.011904,0.071657,0.075057,0.127972,3.470681,1.0,6099.0,101.65
2022-06-29 15:38:29.628,21.099954,-0.429348,23.01114,-2.017154,0.071642,0.075099,0.12821,3.706422,1.0,6100.0,101.66666666666667
2022-06-29 15:38:30.628,21.109011,-0.427117,23.008645,-2.018073,0.071521,0.074826,0.12822,3.414103,1.0,6101.0,101.68333333333334
2022-06-29 15:38:31.628,21.085384,-0.424361,23.004707,-2.014398,0.071258,0.07512,0.128403,3.654559,1.0,6102.0,101.7
2022-06-29 15:38:32.628,21.097329,-0.432761,23.003657,-2.013086,0.07161,0.075492,0.128054,3.729996,1.0,6103.0,101.71666666666667
2022-06-29 15:38:33.628,21.090766,-0.426461,23.005101,-2.012692,0.071484,0.075083,0.128293,3.767714,1.0,6104.0,101.73333333333333
2022-06-29 15:38:34.628,21.099823,-0.422654,23.002213,-2.005998,0.07129,0.07534,0.128385,3.833721,1.0,6105.0,101.75
2022-06-29 15:38:35.628,21.096804,-0.423442,22.99368,-2.008754,0.072309,0.076107,0.128633,3.796003,1.0,6106.0,101.76666666666667
2022-06-29 15:38:36.628,21.10258,-0.417535,23.004313,-1.999567,0.07109,0.075435,0.128532,3.645129,1.0,6107.0,101.78333333333333
2022-06-29 15:38:37.628,21.104811,-0.415304,23.001163,-2.004292,0.071442,0.075555,0.128275,3.663988,1.0,6108.0,101.8
2022-06-29 15:38:38.628,21.103761,-0.419242,22.996437,-1.993398,0.071516,0.075718,0.127944,3.555548,1.0,6109.0,101.81666666666666
2022-06-29 15:38:39.628,21.092341,-0.415042,22.996174,-2.007573,0.072209,0.075225,0.128523,3.829007,1.0,6110.0,101.83333333333333
2022-06-29 15:38:40.628,21.09221,-0.40861,23.003919,-1.997205,0.071831,0.075855,0.128624,3.531974,1.0,6111.0,101.85
2022-06-29 15:38:41.628,21.088797,-0.414648,23.001163,-1.996155,0.072046,0.075639,0.128817,3.824292,1.0,6112.0,101.86666666666666
2022-06-29 15:38:42.628,21.108224,-0.411104,22.997225,-1.996548,0.071012,0.075424,0.128762,3.729996,1.0,6113.0,101.88333333333334
2022-06-29 15:38:43.628,21.093523,-0.409135,22.994205,-1.992611,0.071211,0.075592,0.128844,3.758284,1.0,6114.0,101.9
2022-06-29 15:38:44.628,21.09431,-0.407166,23.002607,-1.996155,0.071726,0.075167,0.128615,3.786573,1.0,6115.0,101.91666666666667
2022-06-29 15:38:45.628,21.091554,-0.411498,23.001163,-1.99248,0.071957,0.075282,0.128798,3.659273,1.0,6116.0,101.93333333333334
2022-06-29 15:38:46.628,21.098379,-0.410316,23.004838,-1.994711,0.071825,0.07587,0.128642,3.729996,1.0,6117.0,101.95
2022-06-29 15:38:47.628,21.086041,-0.411235,22.998669,-1.99143,0.07213,0.076296,0.128477,3.696992,1.0,6118.0,101.96666666666667
2022-06-29 15:38:48.628,21.089716,-0.399554,22.997618,-1.989461,0.072309,0.075839,0.128367,3.442392,1.0,6119.0,101.98333333333333
2022-06-29 15:38:49.628,21.092079,-0.402572,22.99775,-1.986836,0.071274,0.075057,0.12844,3.715851,1.0,6120.0,102.0
2022-06-29 15:38:50.628,21.08696,-0.406641,22.992499,-1.992217,0.071531,0.075849,0.128606,3.729996,1.0,6121.0,102.01666666666667
2022-06-29 15:38:51.628,21.091816,-0.402441,22.994862,-1.99773,0.071489,0.075765,0.128991,3.579122,1.0,6122.0,102.03333333333333
2022-06-29 15:38:52.628,21.100217,-0.40126,23.000638,-1.984211,0.071337,0.07565,0.127861,3.843151,1.0,6123.0,102.05
2022-06-29 15:38:53.628,21.099298,-0.39601,23.000375,-1.987755,0.071615,0.07576,0.128247,3.711136,1.0,6124.0,102.06666666666666
2022-06-29 15:38:54.628,21.093916,-0.396797,23.000113,-1.978698,0.071789,0.076138,0.128238,3.513114,1.0,6125.0,102.08333333333333
2022-06-29 15:38:55.628,21.084203,-0.39496,22.993811,-1.993136,0.071789,0.075576,0.128569,3.833721,1.0,6126.0,102.1
2022-06-29 15:38:56.628,21.108749,-0.391678,22.993286,-1.981192,0.071237,0.075393,0.128229,3.541403,1.0,6127.0,102.11666666666666
2022-06-29 15:38:57.628,21.089454,-0.394435,22.993155,-1.974367,0.0714,0.076154,0.128532,3.729996,1.0,6128.0,102.13333333333334
2022-06-29 15:38:58.628,21.09746,-0.389316,22.990661,-1.980273,0.071369,0.075855,0.128367,3.796003,1.0,6129.0,102.15
2022-06-29 15:38:59.628,21.09011,-0.393122,22.996306,-1.982242,0.071348,0.075645,0.128036,3.73471,1.0,6130.0,102.16666666666667
2022-06-29 15:39:00.628,21.093785,-0.386428,22.99775,-1.983948,0.071516,0.075755,0.128008,3.678133,1.0,6131.0,102.18333333333334
2022-06-29 15:39:01.628,21.084072,-0.385641,22.995387,-1.981061,0.071479,0.075193,0.12855,3.781858,1.0,6132.0,102.2
2022-06-29 15:39:02.628,21.101005,-0.384328,22.99263,-1.984867,0.071631,0.075534,0.128422,3.579122,1.0,6133.0,102.21666666666667
2022-06-29 15:39:03.628,21.10153,-0.379472,22.995781,-1.978042,0.071668,0.075923,0.128633,3.918588,1.0,6134.0,102.23333333333333
2022-06-29 15:39:04.628,21.089716,-0.386297,22.989742,-1.98303,0.071474,0.07555,0.128486,3.682848,1.0,6135.0,102.25
2022-06-29 15:39:05.628,21.091816,-0.385772,22.997093,-1.978567,0.071899,0.075865,0.128413,3.612125,1.0,6136.0,102.26666666666667
2022-06-29 15:39:06.628,21.08906,-0.379603,22.990923,-1.976598,0.071038,0.075277,0.12889,3.649844,1.0,6137.0,102.28333333333333
2022-06-29 15:39:07.628,21.094179,-0.380915,22.998012,-1.978173,0.072109,0.076091,0.128275,3.654559,1.0,6138.0,102.3
2022-06-29 15:39:08.628,21.103498,-0.381047,22.999719,-1.978042,0.071783,0.075771,0.128165,3.692277,1.0,6139.0,102.31666666666666
2022-06-29 15:39:09.628,21.092473,-0.373565,22.9988,-1.983948,0.07139,0.075781,0.128606,3.583837,1.0,6140.0,102.33333333333333
2022-06-29 15:39:10.628,21.087353,-0.374484,22.99263,-1.975286,0.071358,0.075629,0.128817,3.513114,1.0,6141.0,102.35
2022-06-29 15:39:11.628,21.091554,-0.374878,22.995518,-1.974367,0.071516,0.075345,0.128716,3.772429,1.0,6142.0,102.36666666666666
2022-06-29 15:39:12.628,21.087485,-0.376059,22.992499,-1.976467,0.072125,0.075687,0.128688,3.385815,1.0,6143.0,102.38333333333334
2022-06-29 15:39:13.628,21.093391,-0.376978,22.994993,-1.970299,0.071642,0.076201,0.129019,3.640414,1.0,6144.0,102.4
2022-06-29 15:39:14.628,21.097592,-0.369103,22.99368,-1.972792,0.071463,0.075975,0.128955,3.550833,1.0,6145.0,102.41666666666667
2022-06-29 15:39:15.628,21.092735,-0.371728,22.998669,-1.97463,0.070964,0.075666,0.128716,3.612125,1.0,6146.0,102.43333333333334
2022-06-29 15:39:16.628,21.094048,-0.373696,23.005232,-1.966755,0.071762,0.075991,0.128045,3.649844,1.0,6147.0,102.45
2022-06-29 15:39:17.628,21.089716,-0.368578,23.006414,-1.976073,0.071957,0.075996,0.128275,3.876155,1.0,6148.0,102.46666666666667
2022-06-29 15:39:18.628,21.104417,-0.368053,23.003788,-1.974367,0.071411,0.075603,0.128275,3.739425,1.0,6149.0,102.48333333333333
2022-06-29 15:39:19.628,21.092604,-0.365952,22.996043,-1.978698,0.071248,0.075592,0.128973,3.715851,1.0,6150.0,102.5
2022-06-29 15:39:20.628,21.087747,-0.369234,22.992105,-1.970561,0.071909,0.076374,0.128532,3.687562,1.0,6151.0,102.51666666666667
2022-06-29 15:39:21.628,21.094441,-0.365559,22.998669,-1.973186,0.070896,0.07576,0.128844,3.48954,1.0,6152.0,102.53333333333333
2022-06-29 15:39:22.628,21.087616,-0.364246,23.001819,-1.975811,0.071117,0.075876,0.128633,3.762999,1.0,6153.0,102.55
2022-06-29 15:39:23.628,21.099036,-0.360965,23.0009,-1.971086,0.071285,0.075146,0.128449,3.503685,1.0,6154.0,102.56666666666666
2022-06-29 15:39:24.628,21.10468,-0.355977,23.002213,-1.979092,0.071222,0.075597,0.128826,3.711136,1.0,6155.0,102.58333333333333
2022-06-29 15:39:25.628,21.091029,-0.358865,22.997356,-1.969117,0.071489,0.076222,0.128918,3.918588,1.0,6156.0,102.6
2022-06-29 15:39:26.628,21.094048,-0.354927,22.996568,-1.972005,0.071117,0.075114,0.1289,3.503685,1.0,6157.0,102.61666666666666
2022-06-29 15:39:27.628,21.099298,-0.35519,23.002344,-1.972005,0.070555,0.076002,0.128716,3.97988,1.0,6158.0,102.63333333333334
2022-06-29 15:39:28.628,21.09116,-0.358996,22.9988,-1.96938,0.071232,0.076222,0.128569,3.663988,1.0,6159.0,102.65
2022-06-29 15:39:29.628,21.100611,-0.355058,23.003132,-1.969905,0.071169,0.075839,0.128523,3.465966,1.0,6160.0,102.66666666666667
2022-06-29 15:39:30.628,21.089979,-0.352696,23.007989,-1.966099,0.070691,0.075393,0.128128,3.546118,1.0,6161.0,102.68333333333334
2022-06-29 15:39:31.628,21.093523,-0.347577,23.003788,-1.96938,0.071127,0.076007,0.128909,3.748855,1.0,6162.0,102.7
2022-06-29 15:39:32.628,21.089847,-0.347314,23.00917,-1.97778,0.071337,0.07597,0.128587,3.715851,1.0,6163.0,102.71666666666667
2022-06-29 15:39:33.628,21.094179,-0.349152,23.007201,-1.971874,0.071159,0.075319,0.129092,3.503685,1.0,6164.0,102.73333333333333
2022-06-29 15:39:34.628,21.091422,-0.347314,22.9988,-1.965311,0.071883,0.07629,0.12856,3.630985,1.0,6165.0,102.75
2022-06-29 15:39:35.628,21.103892,-0.345608,23.00195,-1.966361,0.071017,0.076485,0.128679,3.527259,1.0,6166.0,102.76666666666667
2022-06-29 15:39:36.628,21.101661,-0.338389,23.003919,-1.963605,0.071064,0.075718,0.128789,3.758284,1.0,6167.0,102.78333333333333
2022-06-29 15:39:37.628,21.094966,-0.343508,23.006939,-1.962555,0.070544,0.075335,0.128348,3.437677,1.0,6168.0,102.8
2022-06-29 15:39:38.628,21.100348,-0.343902,23.002738,-1.963605,0.071106,0.075503,0.128459,3.814862,1.0,6169.0,102.81666666666666
2022-06-29 15:39:39.628,21.093785,-0.339177,23.004313,-1.963999,0.07109,0.076217,0.128541,3.791288,1.0,6170.0,102.83333333333333
2022-06-29 15:39:40.628,21.091029,-0.339439,23.004707,-1.965049,0.070686,0.076023,0.128532,3.814862,1.0,6171.0,102.85
2022-06-29 15:39:41.628,21.088928,-0.33852,23.006151,-1.971742,0.071216,0.075566,0.128422,3.767714,1.0,6172.0,102.86666666666666
2022-06-29 15:39:42.628,21.096935,-0.339177,23.001294,-1.962949,0.071794,0.075645,0.128403,3.673418,1.0,6173.0,102.88333333333334
2022-06-29 15:39:43.628,21.101267,-0.328676,23.005495,-1.966624,0.071253,0.075813,0.128348,3.588551,1.0,6174.0,102.9
2022-06-29 15:39:44.628,21.108355,-0.333926,23.007464,-1.961636,0.071526,0.075361,0.128569,3.206652,1.0,6175.0,102.91666666666667
2022-06-29 15:39:45.628,21.101792,-0.333664,23.009039,-1.963211,0.071337,0.075939,0.12833,3.654559,1.0,6176.0,102.93333333333334
2022-06-29 15:39:46.628,21.092998,-0.336026,23.00497,-1.961636,0.071941,0.075566,0.128936,3.579122,1.0,6177.0,102.95
2022-06-29 15:39:47.628,21.091816,-0.325001,23.003919,-1.965049,0.071327,0.075928,0.1289,3.305663,1.0,6178.0,102.96666666666667
2022-06-29 15:39:48.628,21.092866,-0.326314,23.003001,-1.96728,0.071621,0.07587,0.128991,3.75357,1.0,6179.0,102.98333333333333
2022-06-29 15:39:49.628,21.101661,-0.322245,23.000769,-1.961899,0.071258,0.075613,0.129129,3.720566,1.0,6180.0,103.0
2022-06-29 15:39:50.628,21.100217,-0.325657,22.995387,-1.960717,0.07139,0.075398,0.129129,3.475396,1.0,6181.0,103.01666666666667
2022-06-29 15:39:51.628,21.092866,-0.327364,22.996174,-1.955861,0.071169,0.07554,0.128863,3.635699,1.0,6182.0,103.03333333333333
2022-06-29 15:39:52.628,21.093523,-0.319488,22.999062,-1.956386,0.07214,0.076075,0.128477,3.569692,1.0,6183.0,103.05
2022-06-29 15:39:53.628,21.086697,-0.31962,23.003263,-1.952055,0.070996,0.075671,0.128606,3.725281,1.0,6184.0,103.06666666666666
2022-06-29 15:39:54.628,21.09116,-0.322376,23.001819,-1.958749,0.071316,0.075744,0.128146,3.494255,1.0,6185.0,103.08333333333333
2022-06-29 15:39:55.628,21.092866,-0.317782,22.999194,-1.958749,0.071358,0.075765,0.128532,3.517829,1.0,6186.0,103.1
2022-06-29 15:39:56.628,21.08696,-0.311351,22.999456,-1.963736,0.072298,0.075739,0.128633,3.715851,1.0,6187.0,103.11666666666666
2022-06-29 15:39:57.628,21.093916,-0.31542,22.995387,-1.963736,0.071143,0.075251,0.129175,3.376385,1.0,6188.0,103.13333333333334
2022-06-29 15:39:58.628,21.09641,-0.312663,22.999194,-1.954549,0.070597,0.07597,0.12912,3.461252,1.0,6189.0,103.15
2022-06-29 15:39:59.628,21.106124,-0.312532,22.997881,-1.961505,0.071321,0.075849,0.129092,3.970451,1.0,6190.0,103.16666666666667
2022-06-29 15:40:00.628,21.099298,-0.308988,23.000638,-1.97148,0.07129,0.075902,0.129111,3.635699,1.0,6191.0,103.18333333333334
2022-06-29 15:40:01.628,21.098379,-0.310169,22.996043,-1.950217,0.071589,0.075681,0.128569,3.560263,1.0,6192.0,103.2
2022-06-29 15:40:02.628,21.093785,-0.312138,22.996043,-1.955336,0.07118,0.076191,0.128798,3.527259,1.0,6193.0,103.21666666666667
2022-06-29 15:40:03.628,21.094704,-0.302688,23.002869,-1.963211,0.0716,0.075996,0.128927,3.73471,1.0,6194.0,103.23333333333333
2022-06-29 15:40:04.628,21.086566,-0.307019,23.004838,-1.964786,0.071106,0.07545,0.128633,3.706422,1.0,6195.0,103.25
2022-06-29 15:40:05.628,21.103892,-0.299275,22.998275,-1.951924,0.071059,0.075293,0.12901,3.385815,1.0,6196.0,103.26666666666667
2022-06-29 15:40:06.628,21.102186,-0.294419,22.998012,-1.96098,0.071237,0.075666,0.129396,3.668703,1.0,6197.0,103.28333333333333
2022-06-29 15:40:07.628,21.100086,-0.297175,23.000113,-1.957174,0.071762,0.076269,0.128532,3.819577,1.0,6198.0,103.3
2022-06-29 15:40:08.628,21.096148,-0.296388,23.004576,-1.956255,0.071573,0.076359,0.128955,3.597981,1.0,6199.0,103.31666666666666
2022-06-29 15:40:09.628,21.092079,-0.301375,23.004051,-1.949824,0.070728,0.076254,0.128789,3.480111,1.0,6200.0,103.33333333333333
2022-06-29 15:40:10.628,21.089716,-0.294288,22.999325,-1.960192,0.071689,0.075613,0.129368,3.824292,1.0,6201.0,103.35
2022-06-29 15:40:11.628,21.086041,-0.289431,23.001557,-1.950349,0.071269,0.075492,0.129065,3.513114,1.0,6202.0,103.36666666666666
2022-06-29 15:40:12.628,21.097854,-0.288381,23.001688,-1.958749,0.071432,0.075881,0.129368,3.621555,1.0,6203.0,103.38333333333334
2022-06-29 15:40:13.628,21.102842,-0.283656,23.003788,-1.949955,0.070859,0.075461,0.128881,3.781858,1.0,6204.0,103.4
2022-06-29 15:40:14.628,21.100873,-0.28195,22.9988,-1.951924,0.071479,0.075944,0.129671,3.909158,1.0,6205.0,103.41666666666667
2022-06-29 15:40:15.628,21.095623,-0.281818,23.009039,-1.952317,0.071678,0.075681,0.129102,3.668703,1.0,6206.0,103.43333333333334
2022-06-29 15:40:16.628,21.095754,-0.284706,23.003394,-1.953236,0.0713,0.076122,0.129359,3.772429,1.0,6207.0,103.45
2022-06-29 15:40:17.628,21.092735,-0.282869,23.004182,-1.952055,0.071484,0.076028,0.129065,3.781858,1.0,6208.0,103.46666666666667
2022-06-29 15:40:18.628,21.088797,-0.284575,23.009696,-1.95468,0.071631,0.076185,0.128909,3.729996,1.0,6209.0,103.48333333333333
2022-06-29 15:40:19.628,21.081972,-0.280768,23.006545,-1.94733,0.070854,0.075907,0.129377,3.762999,1.0,6210.0,103.5
2022-06-29 15:40:20.628,21.091816,-0.273418,23.001688,-1.954549,0.071636,0.075855,0.129598,3.536688,1.0,6211.0,103.51666666666667
2022-06-29 15:40:21.628,21.092866,-0.272499,23.008514,-1.949561,0.070712,0.075702,0.129193,3.602696,1.0,6212.0,103.53333333333333
2022-06-29 15:40:22.628,21.095885,-0.270793,23.005232,-1.951924,0.071757,0.075902,0.129304,3.706422,1.0,6213.0,103.55
2022-06-29 15:40:23.628,21.101792,-0.268562,23.008908,-1.950349,0.071526,0.075414,0.128918,3.465966,1.0,6214.0,103.56666666666666
2022-06-29 15:40:24.628,21.099298,-0.269874,23.013896,-1.94733,0.071689,0.075949,0.129037,3.843151,1.0,6215.0,103.58333333333333
2022-06-29 15:40:25.628,21.09326,-0.27565,23.011533,-1.944574,0.07118,0.075687,0.129037,3.696992,1.0,6216.0,103.6
2022-06-29 15:40:26.628,21.087091,-0.274862,23.016784,-1.951267,0.071526,0.076679,0.129028,3.74414,1.0,6217.0,103.61666666666666
2022-06-29 15:40:27.628,21.092473,-0.272893,23.008383,-1.947592,0.071248,0.076196,0.129451,3.579122,1.0,6218.0,103.63333333333334
2022-06-29 15:40:28.628,21.098248,-0.266199,23.007989,-1.949036,0.07109,0.076611,0.129368,3.758284,1.0,6219.0,103.65
2022-06-29 15:40:29.628,21.097592,-0.265149,23.010352,-1.951792,0.071521,0.076059,0.129726,3.640414,1.0,6220.0,103.66666666666667
2022-06-29 15:40:30.628,21.094835,-0.259505,23.010746,-1.947199,0.071747,0.07649,0.129607,3.696992,1.0,6221.0,103.68333333333334
2022-06-29 15:40:31.628,21.081709,-0.26528,23.011271,-1.945755,0.071689,0.07586,0.129386,3.819577,1.0,6222.0,103.7
2022-06-29 15:40:32.628,21.093391,-0.268037,23.013502,-1.950349,0.071804,0.07587,0.12912,3.74414,1.0,6223.0,103.71666666666667
2022-06-29 15:40:33.628,21.088666,-0.256618,23.012584,-1.948511,0.071579,0.075907,0.129111,3.546118,1.0,6224.0,103.73333333333333
2022-06-29 15:40:34.628,21.088666,-0.255436,23.014159,-1.948249,0.071505,0.075214,0.129037,3.640414,1.0,6225.0,103.75
2022-06-29 15:40:35.628,21.097329,-0.25688,23.009827,-1.948511,0.071568,0.076506,0.129497,3.602696,1.0,6226.0,103.76666666666667
2022-06-29 15:40:36.628,21.084728,-0.25583,23.004182,-1.94523,0.070802,0.075886,0.129644,3.725281,1.0,6227.0,103.78333333333333
2022-06-29 15:40:37.628,21.092866,-0.250186,23.010483,-1.951267,0.071563,0.076485,0.129432,3.541403,1.0,6228.0,103.8
2022-06-29 15:40:38.628,21.08696,-0.249924,23.012715,-1.944442,0.071143,0.07555,0.128909,3.593266,1.0,6229.0,103.81666666666666
2022-06-29 15:40:39.628,21.092079,-0.257536,23.011402,-1.936043,0.071626,0.075408,0.128569,3.649844,1.0,6230.0,103.83333333333333
2022-06-29 15:40:40.628,21.095623,-0.253336,23.01534,-1.941817,0.07129,0.075939,0.128927,3.706422,1.0,6231.0,103.85
2022-06-29 15:40:41.628,21.092341,-0.245724,23.009433,-1.943917,0.071348,0.076196,0.129129,3.711136,1.0,6232.0,103.86666666666666
2022-06-29 15:40:42.628,21.098904,-0.249267,23.010352,-1.946674,0.070025,0.075414,0.129276,3.5084,1.0,6233.0,103.88333333333334
2022-06-29 15:40:43.628,21.093916,-0.248217,23.010614,-1.945886,0.07088,0.07586,0.129166,3.663988,1.0,6234.0,103.9
2022-06-29 15:40:44.628,21.093654,-0.242705,23.004313,-1.945755,0.071516,0.076101,0.12969,3.527259,1.0,6235.0,103.91666666666667
2022-06-29 15:40:45.628,21.095754,-0.239423,23.014028,-1.945886,0.071306,0.075839,0.129331,3.62627,1.0,6236.0,103.93333333333334
2022-06-29 15:40:46.628,21.08801,-0.242836,23.014159,-1.94313,0.071794,0.075734,0.128725,3.37167,1.0,6237.0,103.95
2022-06-29 15:40:47.628,21.098642,-0.240998,23.009827,-1.945624,0.070985,0.076091,0.129377,3.758284,1.0,6238.0,103.96666666666667
2022-06-29 15:40:48.628,21.093654,-0.241917,23.005101,-1.950217,0.070807,0.075597,0.129598,3.428248,1.0,6239.0,103.98333333333333
2022-06-29 15:40:49.628,21.088535,-0.236404,23.00707,-1.946674,0.070497,0.075849,0.129506,3.649844,1.0,6240.0,104.0
2022-06-29 15:40:50.628,21.090897,-0.232992,23.002869,-1.947199,0.071064,0.076149,0.12935,3.725281,1.0,6241.0,104.01666666666667
2022-06-29 15:40:51.628,21.088535,-0.226954,23.005101,-1.949167,0.071111,0.076306,0.130039,3.564977,1.0,6242.0,104.03333333333333
2022-06-29 15:40:52.628,21.083941,-0.231811,23.004445,-1.951005,0.070592,0.075886,0.130048,3.857295,1.0,6243.0,104.05
2022-06-29 15:40:53.628,21.093916,-0.231286,23.008777,-1.946936,0.070697,0.075939,0.129405,3.555548,1.0,6244.0,104.06666666666666
2022-06-29 15:40:54.628,21.089847,-0.233517,23.010221,-1.955336,0.071274,0.075765,0.128982,3.602696,1.0,6245.0,104.08333333333333
2022-06-29 15:40:55.628,21.094966,-0.228529,23.009433,-1.954286,0.071468,0.07639,0.12991,3.762999,1.0,6246.0,104.1
2022-06-29 15:40:56.628,21.094704,-0.223935,23.00812,-1.95048,0.070707,0.075765,0.129717,3.720566,1.0,6247.0,104.11666666666666
2022-06-29 15:40:57.628,21.09116,-0.219866,23.000506,-1.954155,0.071258,0.076332,0.129754,3.838436,1.0,6248.0,104.13333333333334
2022-06-29 15:40:58.628,21.089716,-0.221704,23.006151,-1.947724,0.070555,0.076553,0.129579,3.5084,1.0,6249.0,104.15
2022-06-29 15:40:59.628,21.092341,-0.221441,23.006282,-1.947724,0.071432,0.076469,0.129487,3.390529,1.0,6250.0,104.16666666666667
2022-06-29 15:41:00.628,21.101398,-0.219473,23.0009,-1.951661,0.070655,0.075372,0.130177,3.564977,1.0,6251.0,104.18333333333334
2022-06-29 15:41:01.628,21.096804,-0.218423,23.00707,-1.945624,0.071001,0.075739,0.129331,3.885584,1.0,6252.0,104.2
2022-06-29 15:41:02.628,21.087222,-0.217766,23.012715,-1.951005,0.071468,0.076259,0.129368,3.824292,1.0,6253.0,104.21666666666667
2022-06-29 15:41:03.628,21.086828,-0.213829,23.006545,-1.953892,0.070896,0.076327,0.129579,3.597981,1.0,6254.0,104.23333333333333
2022-06-29 15:41:04.628,21.083941,-0.211072,23.014159,-1.961636,0.071285,0.076322,0.129414,3.857295,1.0,6255.0,104.25
2022-06-29 15:41:05.628,21.092604,-0.210547,23.007333,-1.95468,0.07025,0.076201,0.129901,3.663988,1.0,6256.0,104.26666666666667
2022-06-29 15:41:06.628,21.082628,-0.207922,23.008252,-1.95363,0.070639,0.076033,0.129873,3.48954,1.0,6257.0,104.28333333333333
2022-06-29 15:41:07.628,21.099692,-0.212254,23.008645,-1.957567,0.070655,0.076159,0.129901,3.781858,1.0,6258.0,104.3
2022-06-29 15:41:08.628,21.08696,-0.204641,23.006939,-1.95783,0.071159,0.075597,0.130406,3.451822,1.0,6259.0,104.31666666666666
2022-06-29 15:41:09.628,21.085516,-0.20346,23.009433,-1.955861,0.071185,0.076611,0.129864,3.87144,1.0,6260.0,104.33333333333333
2022-06-29 15:41:10.628,21.08801,-0.205297,23.013502,-1.957961,0.070807,0.075566,0.129634,3.729996,1.0,6261.0,104.35
2022-06-29 15:41:11.628,21.086041,-0.202541,23.003657,-1.967674,0.070655,0.076086,0.130425,3.583837,1.0,6262.0,104.36666666666666
2022-06-29 15:41:12.628,21.088666,-0.203985,23.008645,-1.957961,0.070817,0.075524,0.129892,3.574407,1.0,6263.0,104.38333333333334
2022-06-29 15:41:13.628,21.093785,-0.204378,23.006414,-1.95993,0.071159,0.076301,0.130149,3.692277,1.0,6264.0,104.4
2022-06-29 15:41:14.628,21.090635,-0.199391,23.006545,-1.962949,0.070823,0.075996,0.130011,3.687562,1.0,6265.0,104.41666666666667
2022-06-29 15:41:15.628,21.095229,-0.198603,23.010483,-1.965574,0.0716,0.076128,0.130195,3.612125,1.0,6266.0,104.43333333333334
2022-06-29 15:41:16.628,21.091029,-0.197028,23.013502,-1.970692,0.070765,0.075503,0.129699,3.654559,1.0,6267.0,104.45
2022-06-29 15:41:17.628,21.084728,-0.200441,23.008252,-1.963605,0.071363,0.075492,0.129543,3.909158,1.0,6268.0,104.46666666666667
2022-06-29 15:41:18.628,21.102317,-0.199128,23.007989,-1.956517,0.071206,0.076044,0.129644,3.461252,1.0,6269.0,104.48333333333333
2022-06-29 15:41:19.628,21.09011,-0.18994,23.006414,-1.97148,0.071106,0.07586,0.129653,3.343381,1.0,6270.0,104.5
2022-06-29 15:41:20.628,21.088928,-0.195059,23.006414,-1.96833,0.071342,0.076096,0.129781,3.843151,1.0,6271.0,104.51666666666667
2022-06-29 15:41:21.628,21.087485,-0.18994,23.005757,-1.97148,0.071621,0.07638,0.130268,3.706422,1.0,6272.0,104.53333333333333
2022-06-29 15:41:22.628,21.083022,-0.191384,23.00707,-1.969117,0.071521,0.076201,0.12968,3.73471,1.0,6273.0,104.55
2022-06-29 15:41:23.628,21.078559,-0.192303,23.006545,-1.971742,0.071211,0.076238,0.129377,3.456537,1.0,6274.0,104.56666666666666
2022-06-29 15:41:24.628,21.091947,-0.188365,23.006807,-1.96623,0.071043,0.076206,0.130351,3.645129,1.0,6275.0,104.58333333333333
2022-06-29 15:41:25.628,21.07659,-0.182196,23.011927,-1.97358,0.071285,0.07566,0.129249,3.659273,1.0,6276.0,104.6
2022-06-29 15:41:26.628,21.085384,-0.18469,23.009696,-1.976336,0.071348,0.075996,0.129763,3.569692,1.0,6277.0,104.61666666666666
2022-06-29 15:41:27.628,21.086697,-0.184034,23.003919,-1.976467,0.071054,0.076248,0.129745,3.777144,1.0,6278.0,104.63333333333334
2022-06-29 15:41:28.628,21.093391,-0.178784,23.006414,-1.96518,0.071064,0.075629,0.129883,3.522544,1.0,6279.0,104.65
2022-06-29 15:41:29.628,21.088535,-0.177996,23.003657,-1.96833,0.070828,0.076164,0.129873,3.659273,1.0,6280.0,104.66666666666667
2022-06-29 15:41:30.628,21.091554,-0.175896,23.006939,-1.964655,0.070607,0.076369,0.129662,3.376385,1.0,6281.0,104.68333333333334
2022-06-29 15:41:31.628,21.081184,-0.174321,23.007201,-1.981848,0.070371,0.075881,0.130002,3.739425,1.0,6282.0,104.7
2022-06-29 15:41:32.628,21.080528,-0.176028,23.003132,-1.976205,0.071148,0.076311,0.129726,3.531974,1.0,6283.0,104.71666666666667
2022-06-29 15:41:33.628,21.086828,-0.171434,23.004182,-1.984211,0.070907,0.076301,0.129781,3.343381,1.0,6284.0,104.73333333333333
2022-06-29 15:41:34.628,21.080922,-0.18049,22.99775,-1.973974,0.071216,0.076306,0.129809,3.442392,1.0,6285.0,104.75
2022-06-29 15:41:35.628,21.07974,-0.173271,22.994074,-1.98513,0.07097,0.076716,0.130011,3.715851,1.0,6286.0,104.76666666666667
2022-06-29 15:41:36.628,21.08079,-0.169334,22.995255,-1.981455,0.071243,0.076889,0.130333,3.475396,1.0,6287.0,104.78333333333333
2022-06-29 15:41:37.628,21.084859,-0.170515,22.998669,-1.976336,0.071043,0.076196,0.130369,3.475396,1.0,6288.0,104.8
2022-06-29 15:41:38.628,21.084072,-0.167496,23.003001,-1.973711,0.071395,0.076138,0.130066,3.310378,1.0,6289.0,104.81666666666666
2022-06-29 15:41:39.628,21.079215,-0.165265,22.99263,-1.982242,0.071489,0.076626,0.13014,3.682848,1.0,6290.0,104.83333333333333
2022-06-29 15:41:40.628,21.083941,-0.165396,22.992761,-1.982505,0.071169,0.076873,0.129809,3.3811,1.0,6291.0,104.85
2022-06-29 15:41:41.628,21.081972,-0.169465,23.000113,-1.983292,0.071264,0.075928,0.129791,3.423533,1.0,6292.0,104.86666666666666
2022-06-29 15:41:42.628,21.083547,-0.158702,22.993549,-1.981323,0.071379,0.076952,0.129827,3.767714,1.0,6293.0,104.88333333333334
2022-06-29 15:41:43.628,21.083022,-0.158439,22.989611,-1.980536,0.071379,0.077004,0.130241,3.62627,1.0,6294.0,104.9
2022-06-29 15:41:44.628,21.084728,-0.160802,22.985935,-1.98093,0.070786,0.076647,0.130627,3.399959,1.0,6295.0,104.91666666666667
2022-06-29 15:41:45.628,21.088141,-0.165396,22.98751,-1.977386,0.071237,0.077283,0.129846,3.583837,1.0,6296.0,104.93333333333334
2022-06-29 15:41:46.628,21.078034,-0.160146,22.985804,-1.978961,0.071311,0.076674,0.130167,3.550833,1.0,6297.0,104.95
2022-06-29 15:41:47.628,21.07974,-0.159883,22.989217,-1.983423,0.071899,0.076689,0.129864,3.536688,1.0,6298.0,104.96666666666667
2022-06-29 15:41:48.628,21.085778,-0.159489,22.991186,-1.987886,0.071227,0.076548,0.129524,3.597981,1.0,6299.0,104.98333333333333
2022-06-29 15:41:49.628,21.076984,-0.153452,22.98331,-1.986442,0.070891,0.076521,0.130406,3.654559,1.0,6300.0,105.0
2022-06-29 15:41:50.628,21.089716,-0.153189,22.986329,-1.989986,0.071327,0.07681,0.130406,3.729996,1.0,6301.0,105.01666666666667
2022-06-29 15:41:51.628,21.086566,-0.151352,22.988561,-1.987623,0.071489,0.076889,0.130461,3.385815,1.0,6302.0,105.03333333333333
2022-06-29 15:41:52.628,21.079871,-0.150039,22.98646,-1.987361,0.07139,0.076217,0.130057,3.527259,1.0,6303.0,105.05
2022-06-29 15:41:53.628,21.081972,-0.145577,22.990136,-1.978961,0.070833,0.076553,0.130369,3.338667,1.0,6304.0,105.06666666666666
2022-06-29 15:41:54.628,21.078953,-0.145051,22.986329,-1.99143,0.071558,0.0768,0.130599,3.531974,1.0,6305.0,105.08333333333333
2022-06-29 15:41:55.628,21.081447,-0.142689,22.986198,-1.982636,0.071757,0.076453,0.129846,3.630985,1.0,6306.0,105.1
2022-06-29 15:41:56.628,21.079215,-0.141114,22.982128,-1.996417,0.071615,0.076973,0.130535,3.555548,1.0,6307.0,105.11666666666666
2022-06-29 15:41:57.628,21.082103,-0.140326,22.988692,-1.988673,0.071332,0.077146,0.130498,3.48954,1.0,6308.0,105.13333333333334
2022-06-29 15:41:58.628,21.086303,-0.135995,22.983835,-1.992873,0.071442,0.076931,0.130875,3.376385,1.0,6309.0,105.15
2022-06-29 15:41:59.628,21.078559,-0.137045,22.980028,-1.989723,0.071773,0.07733,0.130636,3.531974,1.0,6310.0,105.16666666666667
2022-06-29 15:42:00.628,21.078428,-0.142689,22.987773,-1.992873,0.071888,0.077356,0.130691,3.772429,1.0,6311.0,105.18333333333334
2022-06-29 15:42:01.628,21.080003,-0.136651,22.986066,-1.99143,0.071636,0.076857,0.130461,3.465966,1.0,6312.0,105.2
2022-06-29 15:42:02.628,21.078428,-0.131795,22.989348,-1.996023,0.071243,0.077341,0.130158,3.574407,1.0,6313.0,105.21666666666667
2022-06-29 15:42:03.628,21.09326,-0.13862,22.98541,-1.989198,0.071064,0.076626,0.130195,3.701707,1.0,6314.0,105.23333333333333
2022-06-29 15:42:04.628,21.090372,-0.134682,22.986854,-1.995367,0.071258,0.076679,0.130599,3.654559,1.0,6315.0,105.25
2022-06-29 15:42:05.628,21.084334,-0.135076,22.987248,-2.001011,0.071873,0.076915,0.130829,3.484826,1.0,6316.0,105.26666666666667
2022-06-29 15:42:06.628,21.080528,-0.127857,22.986066,-1.991561,0.071342,0.076674,0.130305,3.564977,1.0,6317.0,105.28333333333333
2022-06-29 15:42:07.628,21.082628,-0.127463,22.987116,-1.992217,0.072529,0.077755,0.130599,3.692277,1.0,6318.0,105.3
2022-06-29 15:42:08.628,21.084203,-0.124051,22.993943,-2.005867,0.07192,0.076805,0.130287,3.621555,1.0,6319.0,105.31666666666666
2022-06-29 15:42:09.628,21.088666,-0.128645,22.99263,-1.990905,0.071521,0.076794,0.130222,3.640414,1.0,6320.0,105.33333333333333
2022-06-29 15:42:10.628,21.08801,-0.128513,22.987904,-1.998255,0.072193,0.076726,0.131224,3.701707,1.0,6321.0,105.35
2022-06-29 15:42:11.628,21.09011,-0.119851,22.988823,-2.000092,0.071783,0.076416,0.131132,3.767714,1.0,6322.0,105.36666666666666
2022-06-29 15:42:12.628,21.076196,-0.120244,22.998143,-1.999961,0.071783,0.076983,0.130415,3.612125,1.0,6323.0,105.38333333333334
2022-06-29 15:42:13.628,21.077902,-0.123395,22.994599,-1.99248,0.071636,0.077136,0.130627,3.659273,1.0,6324.0,105.4
2022-06-29 15:42:14.628,21.085122,-0.116832,22.994205,-1.999961,0.0713,0.0768,0.130847,3.423533,1.0,6325.0,105.41666666666667
2022-06-29 15:42:15.628,21.086303,-0.116176,22.989742,-2.011117,0.0714,0.077293,0.131233,3.484826,1.0,6326.0,105.43333333333334
2022-06-29 15:42:16.628,21.09326,-0.112107,22.99368,-2.008492,0.071353,0.076999,0.131435,3.536688,1.0,6327.0,105.45
2022-06-29 15:42:17.628,21.085516,-0.115519,22.998931,-2.000617,0.072272,0.077871,0.130498,3.692277,1.0,6328.0,105.46666666666667
2022-06-29 15:42:18.628,21.085122,-0.112763,22.998406,-2.003898,0.072356,0.076899,0.130893,3.729996,1.0,6329.0,105.48333333333333
2022-06-29 15:42:19.628,21.077902,-0.114469,22.988035,-2.00613,0.071579,0.076779,0.130985,3.777144,1.0,6330.0,105.5
2022-06-29 15:42:20.628,21.083022,-0.108825,22.993024,-2.007836,0.071783,0.077713,0.130737,3.451822,1.0,6331.0,105.51666666666667
2022-06-29 15:42:21.628,21.089979,-0.112894,22.993286,-2.006523,0.072046,0.077125,0.130765,3.74414,1.0,6332.0,105.53333333333333
2022-06-29 15:42:22.628,21.077377,-0.111057,22.991974,-2.007311,0.071962,0.077409,0.131215,3.593266,1.0,6333.0,105.55
2022-06-29 15:42:23.628,21.084991,-0.118669,22.988429,-2.013873,0.071143,0.076737,0.130902,3.366955,1.0,6334.0,105.56666666666666
2022-06-29 15:42:24.628,21.088666,-0.116438,22.998143,-2.001536,0.07223,0.077393,0.13036,3.876155,1.0,6335.0,105.58333333333333
2022-06-29 15:42:25.628,21.085384,-0.102919,22.998143,-2.013873,0.071699,0.077614,0.13036,3.843151,1.0,6336.0,105.6
2022-06-29 15:42:26.628,21.087616,-0.103706,23.004445,-2.011117,0.071621,0.076884,0.13082,3.659273,1.0,6337.0,105.61666666666666
2022-06-29 15:42:27.628,21.08696,-0.102263,23.00497,-2.002061,0.072004,0.077041,0.130287,3.814862,1.0,6338.0,105.63333333333334
2022-06-29 15:42:28.628,21.090504,-0.104888,22.996306,-2.010461,0.070765,0.07618,0.131187,3.715851,1.0,6339.0,105.65
2022-06-29 15:42:29.628,21.087091,-0.101606,22.994205,-2.004948,0.071589,0.077572,0.131059,3.527259,1.0,6340.0,105.66666666666667
2022-06-29 15:42:30.628,21.08289,-0.100031,23.000375,-2.009148,0.071657,0.076647,0.130728,3.814862,1.0,6341.0,105.68333333333334
2022-06-29 15:42:31.628,21.089191,-0.101081,22.998931,-2.017286,0.07213,0.076936,0.130866,3.937447,1.0,6342.0,105.7
2022-06-29 15:42:32.628,21.076459,-0.100819,23.005232,-2.007836,0.07224,0.077288,0.130516,3.880869,1.0,6343.0,105.71666666666667
2022-06-29 15:42:33.628,21.071996,-0.098456,23.007201,-2.014398,0.071274,0.076674,0.130452,3.663988,1.0,6344.0,105.73333333333333
2022-06-29 15:42:34.628,21.091816,-0.095569,23.005101,-2.018992,0.071715,0.077115,0.130498,3.602696,1.0,6345.0,105.75
2022-06-29 15:42:35.628,21.083022,-0.098456,23.003788,-2.009804,0.071421,0.076999,0.13093,3.560263,1.0,6346.0,105.76666666666667
2022-06-29 15:42:36.628,21.086303,-0.091237,23.003788,-2.017286,0.071505,0.077052,0.130636,3.668703,1.0,6347.0,105.78333333333333
2022-06-29 15:42:37.628,21.083809,-0.096356,23.010483,-2.018598,0.0715,0.077314,0.130884,3.536688,1.0,6348.0,105.8
2022-06-29 15:42:38.628,21.079084,-0.09255,23.010483,-2.019517,0.07182,0.077041,0.130397,3.86201,1.0,6349.0,105.81666666666666
2022-06-29 15:42:39.628,21.089585,-0.087693,23.005495,-2.015711,0.071426,0.077262,0.130287,3.857295,1.0,6350.0,105.83333333333333
2022-06-29 15:42:40.628,21.079084,-0.088218,23.007333,-2.019648,0.071799,0.077036,0.130737,3.701707,1.0,6351.0,105.85
2022-06-29 15:42:41.628,21.093129,-0.085462,23.010221,-2.019386,0.071657,0.076863,0.130461,3.607411,1.0,6352.0,105.86666666666666
2022-06-29 15:42:42.628,21.087091,-0.084412,23.006151,-2.021092,0.071983,0.077146,0.131022,3.843151,1.0,6353.0,105.88333333333334
2022-06-29 15:42:43.628,21.09116,-0.081262,23.007464,-2.016629,0.071248,0.0765,0.131215,3.696992,1.0,6354.0,105.9
2022-06-29 15:42:44.628,21.087353,-0.080212,23.011271,-2.017417,0.071505,0.077104,0.130967,3.687562,1.0,6355.0,105.91666666666667
2022-06-29 15:42:45.628,21.077902,-0.080474,23.009039,-2.017154,0.0714,0.076983,0.130562,3.843151,1.0,6356.0,105.93333333333334
2022-06-29 15:42:46.628,21.087222,-0.079162,23.016916,-2.028704,0.071962,0.076658,0.130507,3.531974,1.0,6357.0,105.95
2022-06-29 15:42:47.628,21.083415,-0.078506,23.013502,-2.020698,0.071799,0.076327,0.130516,3.668703,1.0,6358.0,105.96666666666667
2022-06-29 15:42:48.628,21.10783,-0.075093,23.012846,-2.020567,0.071972,0.076815,0.130636,3.800718,1.0,6359.0,105.98333333333333
2022-06-29 15:42:49.628,21.09431,-0.072205,23.017703,-2.018467,0.072056,0.076978,0.130737,3.786573,1.0,6360.0,106.0
2022-06-29 15:42:50.628,21.073965,-0.076012,23.019278,-2.025292,0.072435,0.077251,0.130829,3.909158,1.0,6361.0,106.01666666666667
2022-06-29 15:42:51.628,21.091422,-0.07588,23.013765,-2.021617,0.071999,0.077556,0.130682,3.404674,1.0,6362.0,106.03333333333333
2022-06-29 15:42:52.628,21.075409,-0.070499,23.013765,-2.028311,0.072624,0.077278,0.130856,3.579122,1.0,6363.0,106.05
2022-06-29 15:42:53.628,21.092604,-0.071287,23.022035,-2.021486,0.072062,0.077089,0.130379,3.696992,1.0,6364.0,106.06666666666666
2022-06-29 15:42:54.628,21.069633,-0.071418,23.019804,-2.035267,0.071804,0.0765,0.13059,3.711136,1.0,6365.0,106.08333333333333
2022-06-29 15:42:55.628,21.082234,-0.069974,23.019935,-2.022929,0.071747,0.076516,0.130535,3.494255,1.0,6366.0,106.1
2022-06-29 15:42:56.628,21.088403,-0.069712,23.024267,-2.030673,0.071216,0.07618,0.130048,3.602696,1.0,6367.0,106.11666666666666
2022-06-29 15:42:57.628,21.080396,-0.067611,23.023085,-2.032904,0.071715,0.07681,0.130801,3.630985,1.0,6368.0,106.13333333333334
2022-06-29 15:42:58.628,21.086828,-0.070368,23.017178,-2.027392,0.071752,0.077099,0.130755,3.645129,1.0,6369.0,106.15
2022-06-29 15:42:59.628,21.091554,-0.068793,23.017703,-2.034217,0.071841,0.07691,0.131509,3.663988,1.0,6370.0,106.16666666666667
2022-06-29 15:43:00.628,21.09011,-0.061311,23.02558,-2.032904,0.07139,0.0767,0.131003,3.810147,1.0,6371.0,106.18333333333334
2022-06-29 15:43:01.628,21.090766,-0.063543,23.022692,-2.028048,0.071563,0.076479,0.1307,3.593266,1.0,6372.0,106.2
2022-06-29 15:43:02.628,21.086434,-0.065249,23.02558,-2.034742,0.071479,0.077225,0.130553,3.909158,1.0,6373.0,106.21666666666667
2022-06-29 15:43:03.628,21.090897,-0.061574,23.021248,-2.027786,0.071878,0.076915,0.1307,3.975166,1.0,6374.0,106.23333333333333
2022-06-29 15:43:04.628,21.102317,-0.054092,23.022429,-2.034217,0.071783,0.077157,0.131123,3.819577,1.0,6375.0,106.25
2022-06-29 15:43:05.628,21.087878,-0.054486,23.026236,-2.034479,0.070802,0.076385,0.131279,3.470681,1.0,6376.0,106.26666666666667
2022-06-29 15:43:06.628,21.105992,-0.055274,23.023742,-2.031198,0.071421,0.076889,0.131095,3.640414,1.0,6377.0,106.28333333333333
2022-06-29 15:43:07.628,21.09011,-0.059867,23.01836,-2.039861,0.071678,0.077199,0.131656,3.494255,1.0,6378.0,106.3
2022-06-29 15:43:08.628,21.095492,-0.054355,23.026236,-2.030017,0.071642,0.076647,0.131031,3.829007,1.0,6379.0,106.31666666666666
2022-06-29 15:43:09.628,21.091029,-0.049105,23.02046,-2.036186,0.071169,0.077131,0.131104,3.366955,1.0,6380.0,106.33333333333333
2022-06-29 15:43:10.628,21.092604,-0.050286,23.022823,-2.032642,0.072041,0.076973,0.131086,3.612125,1.0,6381.0,106.35
2022-06-29 15:43:11.628,21.094966,-0.046742,23.025448,-2.030804,0.071468,0.076784,0.130893,3.899729,1.0,6382.0,106.36666666666666
2022-06-29 15:43:12.628,21.094966,-0.047923,23.023085,-2.033298,0.072309,0.077383,0.131316,3.579122,1.0,6383.0,106.38333333333334
2022-06-29 15:43:13.628,21.098379,-0.045036,23.02558,-2.041698,0.071883,0.076605,0.130957,3.711136,1.0,6384.0,106.4
2022-06-29 15:43:14.628,21.087878,-0.042804,23.020854,-2.039073,0.072393,0.077404,0.131077,3.74414,1.0,6385.0,106.41666666666667
2022-06-29 15:43:15.628,21.093785,-0.043067,23.021379,-2.039861,0.071621,0.076605,0.131307,3.5084,1.0,6386.0,106.43333333333334
2022-06-29 15:43:16.628,21.094179,-0.037685,23.02256,-2.043535,0.071694,0.077036,0.130673,3.414103,1.0,6387.0,106.45
2022-06-29 15:43:17.628,21.090504,-0.042017,23.019804,-2.042748,0.071967,0.076831,0.131628,3.579122,1.0,6388.0,106.46666666666667
2022-06-29 15:43:18.628,21.097067,-0.046086,23.023873,-2.035923,0.072151,0.076705,0.131022,3.696992,1.0,6389.0,106.48333333333333
2022-06-29 15:43:19.628,21.081447,-0.034798,23.025317,-2.044323,0.072718,0.077152,0.131224,3.715851,1.0,6390.0,106.5
2022-06-29 15:43:20.628,21.096804,-0.029941,23.022823,-2.044192,0.071999,0.077036,0.131307,3.456537,1.0,6391.0,106.51666666666667
2022-06-29 15:43:21.628,21.094704,-0.029548,23.014946,-2.047604,0.07202,0.077771,0.13116,4.008169,1.0,6392.0,106.53333333333333
2022-06-29 15:43:22.628,21.096279,-0.027973,23.017966,-2.04826,0.072225,0.077304,0.131242,3.574407,1.0,6393.0,106.55
2022-06-29 15:43:23.628,21.095623,-0.027448,23.022954,-2.035661,0.071951,0.076626,0.131003,3.758284,1.0,6394.0,106.56666666666666
2022-06-29 15:43:24.628,21.086303,-0.024691,23.021641,-2.044585,0.071589,0.076485,0.131353,3.73471,1.0,6395.0,106.58333333333333
2022-06-29 15:43:25.628,21.086434,-0.033354,23.025711,-2.059285,0.071705,0.07701,0.131224,3.951592,1.0,6396.0,106.6
2022-06-29 15:43:26.628,21.097329,-0.028629,23.024923,-2.047998,0.071747,0.077057,0.131279,3.522544,1.0,6397.0,106.61666666666666
2022-06-29 15:43:27.628,21.094441,-0.02351,23.027286,-2.051673,0.071762,0.076805,0.131178,3.668703,1.0,6398.0,106.63333333333334
2022-06-29 15:43:28.628,21.09536,-0.022722,23.025842,-2.056267,0.071967,0.07638,0.13161,3.583837,1.0,6399.0,106.65
2022-06-29 15:43:29.628,21.091554,-0.020229,23.024267,-2.048523,0.071684,0.076689,0.130957,3.447107,1.0,6400.0,106.66666666666667
2022-06-29 15:43:30.628,21.097592,-0.022066,23.026499,-2.047998,0.071222,0.076894,0.131196,3.522544,1.0,6401.0,106.68333333333334
2022-06-29 15:43:31.628,21.093916,-0.014453,23.022166,-2.053904,0.071831,0.076894,0.131619,3.451822,1.0,6402.0,106.7
2022-06-29 15:43:32.628,21.088797,-0.017997,23.020722,-2.053117,0.071348,0.076626,0.131316,3.423533,1.0,6403.0,106.71666666666667
2022-06-29 15:43:33.628,21.080659,-0.011172,23.025054,-2.061517,0.071594,0.075939,0.131059,3.531974,1.0,6404.0,106.73333333333333
2022-06-29 15:43:34.628,21.083153,-0.011435,23.024529,-2.059154,0.071631,0.077036,0.131123,3.682848,1.0,6405.0,106.75
2022-06-29 15:43:35.628,21.088403,-0.016291,23.029255,-2.054035,0.07213,0.076332,0.131132,3.75357,1.0,6406.0,106.76666666666667
2022-06-29 15:43:36.628,21.088141,-0.009203,23.02361,-2.056398,0.072445,0.077797,0.131582,3.409389,1.0,6407.0,106.78333333333333
2022-06-29 15:43:37.628,21.092473,-0.010385,23.023479,-2.058498,0.071668,0.077125,0.131876,3.418818,1.0,6408.0,106.8
2022-06-29 15:43:38.628,21.088272,-0.011435,23.027811,-2.057185,0.071678,0.076395,0.131444,3.777144,1.0,6409.0,106.81666666666666
2022-06-29 15:43:39.628,21.092473,-0.003822,23.033719,-2.04931,0.071925,0.076432,0.131169,3.630985,1.0,6410.0,106.83333333333333
2022-06-29 15:43:40.628,21.087747,-0.001328,23.025317,-2.06086,0.072109,0.077404,0.131637,3.687562,1.0,6411.0,106.85
2022-06-29 15:43:41.628,21.09011,-0.004741,23.032668,-2.057185,0.071442,0.076989,0.131601,3.876155,1.0,6412.0,106.86666666666666
2022-06-29 15:43:42.628,21.094048,-0.001197,23.033325,-2.06821,0.072534,0.077194,0.131904,3.98931,1.0,6413.0,106.88333333333334
2022-06-29 15:43:43.628,21.084597,-0.001197,23.030043,-2.062829,0.071715,0.077561,0.13217,3.503685,1.0,6414.0,106.9
2022-06-29 15:43:44.628,21.099692,0.000772,23.025054,-2.065848,0.071993,0.077335,0.132143,3.536688,1.0,6415.0,106.91666666666667
2022-06-29 15:43:45.628,21.091685,-0.001328,23.023085,-2.062567,0.071967,0.076968,0.132326,3.772429,1.0,6416.0,106.93333333333334
2022-06-29 15:43:46.628,21.106386,0.003397,23.035294,-2.064667,0.072529,0.077745,0.131435,3.720566,1.0,6417.0,106.95
2022-06-29 15:43:47.628,21.088141,0.002872,23.030437,-2.064535,0.071762,0.077052,0.132097,3.390529,1.0,6418.0,106.96666666666667
2022-06-29 15:43:48.628,21.089847,0.007728,23.026236,-2.061385,0.071909,0.076983,0.132244,3.527259,1.0,6419.0,106.98333333333333
2022-06-29 15:43:49.628,21.103236,0.008516,23.028993,-2.06926,0.072471,0.076941,0.131683,3.777144,1.0,6420.0,107.0
2022-06-29 15:43:50.628,21.095098,0.015079,23.031487,-2.060598,0.071516,0.076401,0.131353,3.692277,1.0,6421.0,107.01666666666667
2022-06-29 15:43:51.628,21.083153,0.010091,23.029649,-2.067554,0.072009,0.077393,0.131784,3.748855,1.0,6422.0,107.03333333333333
2022-06-29 15:43:52.628,21.099167,0.00996,23.030962,-2.057973,0.071978,0.077687,0.13149,3.715851,1.0,6423.0,107.05
2022-06-29 15:43:53.628,21.10153,0.012191,23.026892,-2.071492,0.071972,0.077167,0.132225,3.640414,1.0,6424.0,107.06666666666666
2022-06-29 15:43:54.628,21.097985,0.008779,23.037132,-2.068473,0.072587,0.077446,0.131775,3.663988,1.0,6425.0,107.08333333333333
2022-06-29 15:43:55.628,21.101398,0.018754,23.030831,-2.067554,0.072629,0.077015,0.132023,3.838436,1.0,6426.0,107.1
2022-06-29 15:43:56.628,21.091554,0.022035,23.029518,-2.074117,0.072471,0.077383,0.132602,3.951592,1.0,6427.0,107.11666666666666
2022-06-29 15:43:57.628,21.090766,0.020854,23.030699,-2.068342,0.072781,0.077729,0.132244,3.829007,1.0,6428.0,107.13333333333334
2022-06-29 15:43:58.628,21.097985,0.017179,23.036344,-2.063485,0.072025,0.077036,0.131362,3.762999,1.0,6429.0,107.15
2022-06-29 15:43:59.628,21.09011,0.022823,23.024529,-2.070573,0.072204,0.077519,0.132032,3.640414,1.0,6430.0,107.16666666666667
2022-06-29 15:44:00.628,21.095492,0.024004,23.033719,-2.063617,0.071741,0.077099,0.132299,3.649844,1.0,6431.0,107.18333333333334
2022-06-29 15:44:01.628,21.107043,0.025842,23.033325,-2.064404,0.072503,0.07828,0.132106,3.668703,1.0,6432.0,107.2
2022-06-29 15:44:02.628,21.101136,0.032536,23.031618,-2.06821,0.072524,0.077897,0.131895,3.678133,1.0,6433.0,107.21666666666667
2022-06-29 15:44:03.628,21.086303,0.026367,23.02558,-2.068342,0.072666,0.077692,0.132189,3.536688,1.0,6434.0,107.23333333333333
2022-06-29 15:44:04.628,21.097592,0.025185,23.027286,-2.068735,0.07308,0.078191,0.132501,3.720566,1.0,6435.0,107.25
2022-06-29 15:44:05.628,21.10258,0.02886,23.031356,-2.071885,0.073217,0.079288,0.13262,3.692277,1.0,6436.0,107.26666666666667
2022-06-29 15:44:06.628,21.092735,0.030042,23.031487,-2.075691,0.070628,0.086329,0.133925,3.564977,1.0,6437.0,107.28333333333333
