Time,Temperature TS outlet (Mean),Temperature TS inlet (Mean),Bypass temperature (Mean),Tank temperature (Mean),TS outlet pressure (Mean),TS inlet pressure (Mean),Pump outlet pressure (Mean),Flow rate (Mean),reading_interval_s,elapsed_runtime_s,elapsed_runtime_m,Differential pressure (Mean),Pump to inlet DP,Total system DP,Relative_DP,Pressure_Ratio,Relative_Ratio_Dev,Plug_Label
2022-07-14 13:11:01.659,21.178449,-1.149672,22.114674,-1.443334,0.066727,0.068541,0.117471,1.075559,1.0,1074.0,17.9,0.00181400000000001,0.04893,0.05074400000000001,0.9808067727158516,0.03707261245427255,0.2145701376910324,0
2022-07-14 13:11:02.659,21.179761,-1.149803,22.114805,-1.444252,0.067473,0.068966,0.117921,0.863392,1.0,1075.0,17.916666666666668,0.0014929999999999943,0.048955,0.05044799999999999,0.9750855287318553,0.0304967726121414,0.3538875647577524,0
2022-07-14 13:11:03.659,21.186981,-1.146784,22.117037,-1.450421,0.066817,0.069092,0.11816,0.750237,1.0,1076.0,17.933333333333334,0.0022749999999999992,0.049068,0.051343,0.992384560372654,0.0463632843546842,0.017735583328324256,0
2022-07-14 13:11:04.659,21.194594,-1.13799,22.114805,-1.456459,0.067237,0.070027,0.118757,1.070844,1.0,1077.0,17.95,0.002790000000000001,0.048729999999999996,0.051519999999999996,0.9958057096468678,0.05725308325296015,0.21297848517157414,0
2022-07-14 13:11:05.659,21.192494,-1.137334,22.116905,-1.462365,0.06657,0.069003,0.118215,0.769096,1.0,1078.0,17.966666666666665,0.0024329999999999907,0.049212000000000006,0.051644999999999996,0.9982217755184877,0.049438156584642075,0.04740944725651497,0
2022-07-14 13:11:06.659,21.181862,-1.139697,22.115987,-1.469977,0.066853,0.069853,0.118977,0.839818,1.0,1079.0,17.983333333333334,0.0030000000000000027,0.049124,0.052124000000000004,1.0074801399385354,0.06106870229007639,0.29381716732925134,0
2022-07-14 13:11:07.659,21.195381,-1.131953,22.127145,-1.481002,0.066895,0.069607,0.11849,1.127421,1.0,1080.0,18.0,0.002712000000000006,0.048882999999999996,0.051595,0.9972553491698398,0.05547827510023742,0.1753769450929712,0
2022-07-14 13:11:08.659,21.185931,-1.133528,22.117431,-1.482708,0.066953,0.06905,0.117562,1.02841,1.0,1081.0,18.016666666666666,0.0020970000000000016,0.048512,0.050609,0.9781974215745018,0.043225527178282146,0.08421291049430912,0
2022-07-14 13:11:09.659,21.187112,-1.132609,22.117431,-1.48809,0.06678,0.068756,0.118003,0.863392,1.0,1082.0,18.033333333333335,0.0019759999999999917,0.049247,0.05122299999999999,0.9900651371358987,0.04012345679012329,0.14993416822465122,0
2022-07-14 13:11:10.659,21.185931,-1.124209,22.1194,-1.49439,0.066811,0.068924,0.117856,0.948259,1.0,1083.0,18.05,0.0021130000000000038,0.048932,0.05104500000000001,0.9866246593347122,0.04318149306194191,0.08514582856089181,0
2022-07-14 13:11:11.659,21.179761,-1.124865,22.117037,-1.49964,0.065861,0.068961,0.116726,1.018981,1.0,1084.0,18.066666666666663,0.0030999999999999917,0.047765,0.050864999999999994,0.9831455244795794,0.06489971946572859,0.37498207839364595,0
2022-07-14 13:11:12.659,21.191706,-1.124602,22.122025,-1.508433,0.066507,0.068562,0.11827,0.929399,1.0,1085.0,18.083333333333332,0.0020550000000000013,0.049708,0.051763,1.0005025417012972,0.04134060230541755,0.12414741160838338,0
2022-07-14 13:11:13.659,21.185143,-1.117383,22.120712,-1.511846,0.066769,0.068614,0.117985,0.971833,1.0,1086.0,18.1,0.0018449999999999994,0.04937100000000001,0.05121600000000001,0.9899298374470884,0.037369359150935734,0.20828318617424102,0
2022-07-14 13:11:14.659,21.183043,-1.115414,22.120319,-1.523921,0.066129,0.067801,0.117232,1.033125,1.0,1087.0,18.116666666666667,0.0016720000000000068,0.049431,0.05110300000000001,0.987745713899144,0.03382424340508186,0.28339091632327884,0
2022-07-14 13:11:15.659,21.18278,-1.110689,22.121631,-1.524708,0.065977,0.068257,0.118601,0.754952,1.0,1088.0,18.133333333333333,0.0022800000000000042,0.050344,0.052624000000000004,1.017144403425015,0.045287516138643444,0.040527084273758174,0
2022-07-14 13:11:16.659,21.186981,-1.105177,22.126095,-1.530877,0.065583,0.068016,0.117829,0.882251,1.0,1089.0,18.15,0.0024329999999999907,0.04981300000000001,0.052246,1.0098382202292364,0.04884169109085779,0.03477257654143151,0
2022-07-14 13:11:17.659,21.182387,-1.105964,22.119531,-1.535733,0.065977,0.068751,0.119345,0.688944,1.0,1090.0,18.166666666666668,0.0027740000000000126,0.050594,0.05336800000000001,1.031524827492897,0.05482755212965733,0.16159056157833707,0
2022-07-14 13:11:18.659,21.192231,-1.105308,22.124913,-1.542033,0.064884,0.067774,0.117434,0.929399,1.0,1091.0,18.183333333333337,0.0028900000000000037,0.049659999999999996,0.05255,1.015714092429016,0.05819455911077111,0.23292483382126195,0
2022-07-14 13:11:19.659,21.20142,-1.105045,22.127539,-1.550958,0.065914,0.068347,0.118996,0.655941,1.0,1092.0,18.2,0.0024330000000000046,0.050649,0.053082000000000004,1.0259968687786305,0.04803553800592309,0.017693210816094318,0
2022-07-14 13:11:20.659,21.195381,-1.098614,22.125832,-1.55332,0.065819,0.068331,0.118141,0.811529,1.0,1093.0,18.216666666666665,0.0025120000000000003,0.04980999999999999,0.052321999999999994,1.011307188279181,0.050430627772981886,0.06843619603945705,0
2022-07-14 13:11:21.659,21.194988,-1.096251,22.12767,-1.563033,0.065278,0.068242,0.118059,0.905825,1.0,1094.0,18.233333333333334,0.0029639999999999944,0.049817,0.052780999999999995,1.0201789821597695,0.05949656750572071,0.2605095171405658,0
2022-07-14 13:11:22.659,21.200501,-1.090607,22.122944,-1.569202,0.065672,0.067622,0.117829,0.839818,1.0,1095.0,18.25,0.0019500000000000073,0.050207,0.05215700000000001,1.0081179813286432,0.03883843212237108,0.1771590299497635,0
2022-07-14 13:11:23.659,21.19525,-1.083388,22.122025,-1.570383,0.065541,0.067701,0.117709,0.976548,1.0,1096.0,18.266666666666666,0.0021599999999999953,0.050008,0.05216799999999999,1.0083305951253454,0.04319222539942801,0.08491845051019842,0
2022-07-14 13:11:24.659,21.197744,-1.081288,22.120581,-1.578389,0.065688,0.067953,0.118196,0.91997,1.0,1097.0,18.283333333333335,0.002265000000000003,0.050242999999999996,0.052508,1.0149022942961516,0.045080009553379576,0.044923371934710965,0
2022-07-14 13:11:25.659,21.190394,-1.079845,22.118218,-1.575633,0.066843,0.068667,0.118104,0.952974,1.0,1098.0,18.3,0.0018240000000000062,0.049436999999999995,0.051261,0.9907996211608714,0.03689469638739444,0.2183395130508884,0
2022-07-14 13:11:26.659,21.187112,-1.075776,22.119793,-1.585608,0.065746,0.068215,0.118297,1.000122,1.0,1099.0,18.316666666666663,0.002468999999999999,0.050082,0.052551,1.015733420955989,0.04929816504602358,0.04444355066540839,0
2022-07-14 13:11:27.659,21.191706,-1.06895,22.12255,-1.595714,0.066927,0.068788,0.118059,0.924685,1.0,1100.0,18.333333333333332,0.0018610000000000015,0.049270999999999995,0.051132,0.9883062411813596,0.03776993018347138,0.19979658568668424,0
2022-07-14 13:11:28.659,21.186587,-1.070657,22.116249,-1.610414,0.065504,0.067937,0.117213,1.15571,1.0,1101.0,18.35,0.0024329999999999907,0.049276,0.05170899999999999,0.999458801244757,0.04937394727763441,0.046049092433283034,0
2022-07-14 13:11:29.659,21.193938,-1.063175,22.122681,-1.603589,0.065504,0.068,0.117838,0.957688,1.0,1102.0,18.366666666666667,0.0024959999999999982,0.04983799999999999,0.05233399999999999,1.0115391306028567,0.05008126166255339,0.06103443614601178,0
2022-07-14 13:11:30.659,21.195907,-1.061863,22.115855,-1.612514,0.06562,0.068147,0.117507,0.811529,1.0,1103.0,18.383333333333333,0.0025270000000000015,0.04936,0.051887,1.002899279045944,0.05119426267701224,0.08461476069461016,0
2022-07-14 13:11:31.659,21.197088,-1.053725,22.117562,-1.614482,0.065499,0.068735,0.11816,0.934114,1.0,1104.0,18.4,0.0032360000000000028,0.049425,0.052661,1.0178595589230146,0.06547161413021492,0.38709838522626483,0
2022-07-14 13:11:32.659,21.198532,-1.0511,22.11638,-1.623145,0.065205,0.067911,0.117663,1.103847,1.0,1105.0,18.416666666666668,0.002706,0.049752000000000005,0.052458000000000005,1.013935867947504,0.05438868007959319,0.1522925059239557,0
2022-07-14 13:11:33.659,21.192756,-1.048869,22.107454,-1.625114,0.065929,0.069019,0.11849,0.995407,1.0,1106.0,18.433333333333337,0.0030899999999999955,0.049471,0.052561,1.0159267062257185,0.062459573091849845,0.3232845123585222,0
2022-07-14 13:11:34.659,21.188556,-1.043356,22.108504,-1.63732,0.066334,0.068719,0.119216,0.740807,1.0,1107.0,18.45,0.0023849999999999982,0.050497,0.052882,1.0221311633840384,0.04722959325121783,0.0006182588283545343,0
2022-07-14 13:11:35.659,21.186456,-1.045325,22.107979,-1.641782,0.066008,0.068919,0.118435,1.132136,1.0,1108.0,18.466666666666665,0.002910999999999997,0.049516000000000004,0.052427,1.013336683611342,0.05878789102732388,0.2454953157665627,0
2022-07-14 13:11:36.659,21.192231,-1.036137,22.108635,-1.650576,0.065929,0.06863,0.119473,1.108562,1.0,1109.0,18.483333333333334,0.002700999999999995,0.050843,0.053543999999999994,1.0349266482401376,0.053123279049641946,0.12548339561520327,0
2022-07-14 13:11:37.659,21.192756,-1.032068,22.10194,-1.650838,0.065441,0.067843,0.117912,1.02841,1.0,1110.0,18.5,0.0024020000000000014,0.050069,0.052471000000000004,1.0141871387981523,0.047972838026762554,0.016364832999193002,0
2022-07-14 13:11:38.659,21.185668,-1.026555,22.107322,-1.658713,0.066339,0.067827,0.117728,0.882251,1.0,1111.0,18.516666666666666,0.0014880000000000032,0.049901,0.051389000000000004,0.9932736726134103,0.02981844415053511,0.3682588052754483,0
2022-07-14 13:11:39.659,21.190525,-1.022749,22.105091,-1.662782,0.065536,0.067874,0.117875,1.122707,1.0,1112.0,18.533333333333335,0.0023380000000000067,0.05000099999999999,0.052339,1.0116357732377215,0.04675812967481315,0.009370289250256625,0
2022-07-14 13:11:40.659,21.196038,-1.023405,22.108504,-1.669738,0.065761,0.068294,0.118288,1.03784,1.0,1113.0,18.55,0.0025329999999999936,0.04999400000000001,0.052527000000000004,1.0152695363086381,0.05066506650665052,0.07340307509424093,0
2022-07-14 13:11:41.659,21.185012,-1.014611,22.108504,-1.672363,0.065887,0.068635,0.118784,0.717233,1.0,1114.0,18.566666666666663,0.0027480000000000004,0.050149,0.052897,1.022421091288633,0.05479561316051845,0.1609138943981112,0
2022-07-14 13:11:42.659,21.186324,-1.00923,22.108898,-1.689426,0.064669,0.067827,0.117856,0.868107,1.0,1115.0,18.583333333333332,0.003157999999999994,0.050029000000000004,0.053187,1.0280263641107912,0.0631221267239655,0.33732154329845887,0
2022-07-14 13:11:43.659,21.192231,-1.009492,22.114674,-1.688769,0.064979,0.068672,0.117893,1.03784,1.0,1116.0,18.6,0.003693000000000002,0.049221,0.052914,1.0227496762471733,0.07502742676039173,0.5895502789962999,0
2022-07-14 13:11:44.659,21.191444,-1.003455,22.114805,-1.691132,0.06594,0.069313,0.118647,1.000122,1.0,1117.0,18.616666666666667,0.003373000000000001,0.049334,0.052707000000000004,1.0187486711637708,0.06836931184757274,0.44848975121010604,0
2022-07-14 13:11:45.659,21.187768,-0.998992,22.115199,-1.697432,0.065604,0.0682,0.119032,0.8021,1.0,1118.0,18.633333333333333,0.002596000000000001,0.050832,0.053428,1.0326845391112744,0.05106918733893339,0.0819648825483994,1
2022-07-14 13:11:46.659,21.1963,-0.997679,22.117431,-1.704257,0.065551,0.068131,0.117967,1.02841,1.0,1119.0,18.65,0.002579999999999999,0.049836000000000005,0.052416000000000004,1.0131240698146395,0.0517687661777394,0.09678633899998945,1
2022-07-14 13:11:47.659,21.191706,-0.987704,22.114805,-1.706094,0.065231,0.067879,0.118224,1.103847,1.0,1120.0,18.666666666666668,0.0026479999999999976,0.050345,0.052993,1.024276629878037,0.052596035434791195,0.11431307735596796,1
2022-07-14 13:11:48.659,21.191575,-0.987835,22.111129,-1.713707,0.065347,0.068551,0.117957,0.688944,1.0,1121.0,18.683333333333337,0.0032039999999999985,0.049406000000000005,0.052610000000000004,1.0168738040473937,0.0648491104499362,0.3739098628233395,1
2022-07-14 13:11:49.659,21.202732,-0.984423,22.111523,-1.712394,0.064821,0.068404,0.118178,0.952974,1.0,1122.0,18.7,0.003583000000000003,0.049774,0.053357,1.0313122136961943,0.07198392767453547,0.5250699278775306,1
2022-07-14 13:11:50.659,21.19105,-0.976941,22.115987,-1.720007,0.065714,0.069061,0.119381,1.103847,1.0,1123.0,18.716666666666665,0.0033470000000000028,0.050320000000000004,0.053667000000000006,1.0373040570578118,0.06651298662586201,0.409161169630178,1
2022-07-14 13:11:51.659,21.190525,-0.967885,22.113361,-1.728932,0.064601,0.067307,0.117057,1.094418,1.0,1124.0,18.733333333333334,0.002706,0.04974999999999999,0.05245599999999999,1.0138972108935576,0.05439086651524594,0.15233882830967405,1
2022-07-14 13:11:52.659,21.184093,-0.960666,22.113624,-1.731557,0.065572,0.068525,0.118472,0.754952,1.0,1125.0,18.75,0.0029529999999999973,0.04994699999999999,0.05289999999999999,1.0224790768695515,0.059121486345799584,0.2525629516225594,1
2022-07-14 13:11:53.659,21.191837,-0.958041,22.110867,-1.739825,0.066055,0.069202,0.119317,1.108562,1.0,1126.0,18.766666666666666,0.003146999999999997,0.05011500000000001,0.053262000000000004,1.0294760036337631,0.06279431718413274,0.33037648643061623,1
2022-07-14 13:11:54.659,21.198794,-0.953972,22.112311,-1.7414,0.065625,0.068746,0.118251,0.967118,1.0,1127.0,18.783333333333335,0.0031209999999999988,0.04950499999999999,0.05262599999999999,1.0171830604789607,0.06304286349129397,0.3356422521505755,1
2022-07-14 13:11:55.659,21.1879,-0.954234,22.106141,-1.755313,0.065226,0.069113,0.119317,0.886966,1.0,1128.0,18.8,0.0038869999999999877,0.05020400000000001,0.054091,1.0454993524943463,0.07742256747335896,0.6402943435727269,1
2022-07-14 13:11:56.659,21.180549,-0.955284,22.105091,-1.756888,0.066003,0.068756,0.118895,0.55693,1.0,1129.0,18.816666666666663,0.0027529999999999916,0.050139,0.052891999999999995,1.022324448653768,0.054906262465097555,0.16325813890387253,1
2022-07-14 13:11:57.659,21.180024,-0.946753,22.109029,-1.763844,0.06574,0.068294,0.118371,1.009551,1.0,1130.0,18.833333333333332,0.002553999999999987,0.05007700000000001,0.052631,1.0172797031138257,0.05100043931466884,0.08050836929892924,1
2022-07-14 13:11:58.659,21.17963,-0.939009,22.106797,-1.760956,0.066155,0.068887,0.118858,0.938829,1.0,1131.0,18.85,0.0027319999999999983,0.049971,0.052703,1.0186713570558787,0.054670615544704995,0.15826566289572086,1
2022-07-14 13:11:59.659,21.188687,-0.939009,22.103516,-1.76975,0.066145,0.068793,0.119749,0.91997,1.0,1132.0,18.866666666666667,0.0026480000000000115,0.05095599999999999,0.053604,1.0360863598585153,0.051965382577467516,0.10095190440104163,1
2022-07-14 13:12:00.659,21.198926,-0.929558,22.105222,-1.773425,0.065273,0.067932,0.118472,1.070844,1.0,1133.0,18.883333333333333,0.0026590000000000086,0.05053999999999999,0.053198999999999996,1.0282583064344666,0.052610751666963634,0.11462485921982135,1
2022-07-14 13:12:01.659,21.182124,-0.924965,22.102465,-1.781956,0.065977,0.068861,0.119556,1.094418,1.0,1134.0,18.9,0.0028840000000000116,0.05069499999999999,0.053579,1.0356031466841913,0.05688811740571272,0.2052462252585563,1
2022-07-14 13:12:02.659,21.190919,-0.919714,22.103122,-1.780119,0.065798,0.069082,0.118527,0.721948,1.0,1135.0,18.916666666666668,0.003284000000000009,0.04944499999999999,0.052729,1.0191738987571757,0.06641588803947761,0.4071040141106319,1
2022-07-14 13:12:03.659,21.185012,-0.911839,22.109685,-1.786812,0.065625,0.068788,0.118444,0.835103,1.0,1136.0,18.933333333333337,0.003162999999999999,0.04965599999999999,0.05281899999999999,1.0209134661847419,0.06369696115351309,0.3495001327465834,1
2022-07-14 13:12:04.659,21.185143,-0.910789,22.109817,-1.797575,0.065121,0.068882,0.118555,0.943544,1.0,1137.0,18.95,0.0037610000000000005,0.049672999999999995,0.053433999999999995,1.032800510273112,0.07571365301767526,0.6040888442359578,1
2022-07-14 13:12:05.659,21.181205,-0.907245,22.105353,-1.798231,0.065819,0.069192,0.118895,0.976548,1.0,1138.0,18.966666666666665,0.003373000000000001,0.049703,0.053076,1.0258808976167926,0.06786174150973767,0.43773623603634704,1
2022-07-14 13:12:06.659,21.179499,-0.902389,22.112048,-1.81175,0.065677,0.069202,0.119418,0.985977,1.0,1139.0,18.983333333333334,0.0035250000000000004,0.050216,0.053741,1.0387343680538106,0.07019535217157537,0.4871767091907735,1
2022-07-14 13:12:07.659,21.173855,-0.90252,22.107454,-1.80755,0.066349,0.069465,0.11996,0.882251,1.0,1140.0,19.0,0.0031159999999999938,0.050495,0.05361099999999999,1.0362216595473257,0.06170785804816211,0.3073584849174431,1
2022-07-14 13:12:08.659,21.177792,-0.89097,22.113099,-1.814375,0.065961,0.069092,0.119639,0.962403,1.0,1141.0,19.016666666666666,0.003130999999999995,0.050546999999999995,0.05367799999999999,1.037516670854514,0.06194112526707279,0.3123005439605222,1
2022-07-14 13:12:09.659,21.181862,-0.890051,22.116643,-1.817393,0.066811,0.069397,0.120236,1.03784,1.0,1142.0,19.033333333333335,0.002586000000000005,0.050838999999999995,0.053425,1.0326265535303556,0.050865460267506005,0.07764866863557662,1
2022-07-14 13:12:10.659,21.190919,-0.881257,22.118218,-1.827237,0.065935,0.069276,0.119097,0.8021,1.0,1143.0,19.05,0.0033410000000000106,0.04982099999999999,0.053162,1.0275431509364672,0.06705872907550904,0.4207234089412364,1
2022-07-14 13:12:11.659,21.183962,-0.881388,22.117562,-1.827368,0.06637,0.070058,0.12008,0.79267,1.0,1144.0,19.066666666666663,0.003687999999999997,0.05002200000000001,0.05371000000000001,1.0381351837176491,0.07372608600043971,0.5619797403630462,1
2022-07-14 13:12:12.659,21.189737,-0.869444,22.121894,-1.832618,0.065803,0.068856,0.119528,1.009551,1.0,1145.0,19.083333333333332,0.003053,0.050671999999999995,0.053724999999999995,1.0384251116222432,0.06024904781639138,0.2764517577239418,1
2022-07-14 13:12:13.659,21.181337,-0.865769,22.121763,-1.837081,0.066313,0.069685,0.119942,0.886966,1.0,1146.0,19.1,0.003372,0.050256999999999996,0.053628999999999996,1.036569573032839,0.06709379601257512,0.42146634605108746,1
2022-07-14 13:12:14.659,21.193544,-0.868788,22.126357,-1.838393,0.066129,0.069418,0.119749,1.000122,1.0,1147.0,19.116666666666667,0.0032890000000000003,0.050331,0.05362,1.0363956162900825,0.0653461018834936,0.38443925062165585,1
2022-07-14 13:12:15.659,21.189606,-0.856975,22.122813,-1.844168,0.06573,0.068567,0.119409,0.886966,1.0,1148.0,19.133333333333333,0.002837000000000006,0.050842,0.053679000000000004,1.0375359993814872,0.05579922506539752,0.1821766732549588,1
2022-07-14 13:12:16.659,21.181862,-0.855268,22.119793,-1.851781,0.065772,0.069181,0.119354,0.8021,1.0,1149.0,19.15,0.0034090000000000092,0.050172999999999995,0.053582000000000005,1.0356611322651101,0.0679435564236459,0.43946958775643474,1
2022-07-14 13:12:17.659,21.180811,-0.853431,22.1215,-1.847581,0.065042,0.068488,0.118353,0.853963,1.0,1150.0,19.166666666666668,0.0034459999999999907,0.04986500000000001,0.053311,1.0304231014554381,0.06910520194120223,0.46408050720624394,1
2022-07-14 13:12:18.659,21.178449,-0.840831,22.125569,-1.850074,0.065625,0.068793,0.119483,1.122707,1.0,1151.0,19.183333333333337,0.003168000000000004,0.05069,0.053858,1.040995805709647,0.06249630111854183,0.3240626417386179,1
2022-07-14 13:12:19.659,21.193413,-0.83978,22.124257,-1.854406,0.065247,0.068394,0.118986,0.820959,1.0,1152.0,19.2,0.003146999999999997,0.050592,0.053738999999999995,1.0386957109998647,0.06220228094795717,0.3178334551016302,1
2022-07-14 13:12:20.659,21.188031,-0.83453,22.125963,-1.858343,0.065026,0.06863,0.118628,0.844533,1.0,1153.0,19.216666666666665,0.003603999999999996,0.049998,0.053602,1.0360477028045691,0.0720814416288325,0.5271358834880555,1
2022-07-14 13:12:21.659,21.182124,-0.830986,22.119268,-1.864381,0.065599,0.068945,0.119216,0.934114,1.0,1154.0,19.233333333333334,0.0033460000000000018,0.050270999999999996,0.053617,1.0363376307091636,0.06655792488860603,0.41011324317403663,1
2022-07-14 13:12:22.659,21.178711,-0.834793,22.118481,-1.868581,0.065467,0.068478,0.119051,1.113277,1.0,1155.0,19.25,0.003011,0.05057300000000001,0.05358400000000001,1.0356997893190563,0.05953652074188317,0.2613559766345275,1
2022-07-14 13:12:23.659,21.179761,-0.821536,22.122288,-1.877112,0.065005,0.068583,0.118481,1.066129,1.0,1156.0,19.266666666666666,0.0035780000000000117,0.049898,0.05347600000000001,1.0336123084059765,0.07170484378444482,0.5191571851044949,1
2022-07-14 13:12:24.659,21.179105,-0.820092,22.118743,-1.885774,0.065651,0.068966,0.118931,0.820959,1.0,1157.0,19.283333333333335,0.0033149999999999985,0.049964999999999996,0.053279999999999994,1.0298239171192762,0.066345114677981,0.4056045915478441,1
2022-07-14 13:12:25.659,21.195119,-0.813792,22.122288,-1.881574,0.065252,0.068982,0.11929,1.075559,1.0,1158.0,19.3,0.003729999999999997,0.05030799999999999,0.05403799999999999,1.0444749405647793,0.07414180365342181,0.5707872410306585,1
2022-07-14 13:12:26.659,21.19,-0.814448,22.124782,-1.885118,0.066512,0.069701,0.120263,1.080273,1.0,1159.0,19.316666666666663,0.0031889999999999974,0.050561999999999996,0.05375099999999999,1.03892765332354,0.06306983367284373,0.33621364932435727,1
2022-07-14 13:12:27.659,21.185012,-0.809592,22.127407,-1.888137,0.065499,0.068756,0.119087,1.066129,1.0,1160.0,19.333333333333332,0.003256999999999996,0.050331,0.053588,1.0357771034269478,0.0647103234522768,0.3709694859454933,1
2022-07-14 13:12:28.659,21.183437,-0.808542,22.128195,-1.890762,0.065473,0.068998,0.119584,0.6748,1.0,1161.0,19.35,0.0035250000000000004,0.05058599999999999,0.05411099999999999,1.0458859230338056,0.06968193409373952,0.4762993022996638,1
2022-07-14 13:12:29.659,21.185274,-0.800667,22.130033,-1.898505,0.065609,0.068215,0.11951,1.075559,1.0,1162.0,19.366666666666667,0.002605999999999997,0.05129500000000001,0.053901000000000004,1.0418269323694842,0.05080318153462252,0.07632921545018845,1
2022-07-14 13:12:30.659,21.186981,-0.792135,22.137122,-1.897062,0.065084,0.069066,0.119703,1.014266,1.0,1163.0,19.383333333333333,0.003981999999999999,0.050637,0.054619,1.055704814736069,0.07863659702199928,0.6660150845214183,1
2022-07-14 13:12:31.659,21.188556,-0.790035,22.138566,-1.897455,0.065929,0.069139,0.120447,0.736092,1.0,1164.0,19.4,0.0032100000000000045,0.05130799999999999,0.054518,1.0537526335118002,0.06256212360404617,0.3254571737746397,1
2022-07-14 13:12:32.659,21.186193,-0.784522,22.142504,-1.904805,0.065341,0.069134,0.120714,0.759666,1.0,1165.0,19.416666666666668,0.0037930000000000047,0.05158,0.055373000000000006,1.0702785240736805,0.07353482871600017,0.5579277145510475,1
2022-07-14 13:12:33.659,21.179236,-0.781897,22.143423,-1.907693,0.065446,0.069208,0.120199,0.849248,1.0,1166.0,19.433333333333337,0.0037620000000000015,0.050990999999999995,0.054752999999999996,1.0582948373504455,0.0737762786319423,0.5630431343091469,1
2022-07-14 13:12:34.659,21.189868,-0.781504,22.147492,-1.910711,0.065425,0.068824,0.119868,0.844533,1.0,1167.0,19.45,0.0033989999999999992,0.051044000000000006,0.054443000000000005,1.0523029939888282,0.06658830443726121,0.4107568720725039,1
2022-07-14 13:12:35.659,21.187506,-0.773891,22.147886,-1.912155,0.066019,0.070321,0.120585,0.8021,1.0,1168.0,19.466666666666665,0.004302,0.050264,0.054566,1.0546804028065022,0.0855863921217547,0.8132552234517232,1
2022-07-14 13:12:36.659,21.180418,-0.768247,22.144998,-1.91373,0.065352,0.069617,0.119675,0.877537,1.0,1169.0,19.483333333333334,0.004265000000000005,0.050058000000000005,0.05432300000000001,1.0499835707520733,0.08519946463173464,0.8050576785502177,1
2022-07-14 13:12:37.659,21.177399,-0.766147,22.142241,-1.921474,0.064785,0.069271,0.119822,0.943544,1.0,1170.0,19.5,0.004486000000000004,0.050551,0.055037,1.063784139010766,0.08874030701060302,0.8800748720518274,1
2022-07-14 13:12:38.659,21.183043,-0.765491,22.148805,-1.921736,0.066045,0.069885,0.120631,0.957688,1.0,1171.0,19.516666666666666,0.003839999999999996,0.050746,0.054585999999999996,1.0550669733459612,0.07566949770429772,0.6031533584579025,1
2022-07-14 13:12:39.659,21.18068,-0.760765,22.144735,-1.922918,0.066019,0.069334,0.120263,0.806814,1.0,1172.0,19.533333333333335,0.0033150000000000124,0.05092899999999999,0.054244,1.0484566171212093,0.0650893383074811,0.37899939173924757,1
2022-07-14 13:12:40.659,21.183305,-0.755909,22.142766,-1.92423,0.065835,0.069271,0.120833,0.745522,1.0,1173.0,19.55,0.0034359999999999946,0.051562,0.05499799999999999,1.0630303264588203,0.0666369295812888,0.41178705682750216,1
2022-07-14 13:12:41.659,21.190131,-0.75184,22.14211,-1.935911,0.065221,0.068572,0.119492,0.773811,1.0,1174.0,19.566666666666663,0.003350999999999993,0.05092000000000001,0.054271,1.0489784873494792,0.0658078199564029,0.3942213279672442,1
2022-07-14 13:12:42.659,21.189475,-0.745277,22.145392,-1.92528,0.06531,0.068688,0.119308,1.080273,1.0,1175.0,19.583333333333332,0.003377999999999992,0.05062,0.05399799999999999,1.043701799485861,0.06673119851445036,0.41378426258915213,1
2022-07-14 13:12:43.659,21.180811,-0.743965,22.137909,-1.938536,0.0649,0.069302,0.119675,0.764381,1.0,1176.0,19.6,0.004402000000000003,0.050373,0.054775000000000004,1.0587200649438508,0.08738635010124277,0.8513895942014249,1
2022-07-14 13:12:44.659,21.179105,-0.738583,22.140141,-1.936699,0.06532,0.069061,0.119602,0.943544,1.0,1177.0,19.616666666666667,0.0037409999999999943,0.050541,0.054282,1.0491911011461816,0.07401764868821958,0.5681568621399331,1
2022-07-14 13:12:45.659,21.180418,-0.73504,22.137647,-1.941292,0.06583,0.069974,0.121219,0.721948,1.0,1178.0,19.633333333333333,0.004143999999999995,0.051245,0.055388999999999994,1.0705877805052477,0.08086484798813556,0.7132233801785146,1
2022-07-14 13:12:46.659,21.188162,-0.737533,22.133577,-1.940243,0.065635,0.069013,0.120227,0.868107,1.0,1179.0,19.65,0.003378000000000006,0.051213999999999996,0.054592,1.0551829445077991,0.06595723909011043,0.39738696000245577,1
2022-07-14 13:12:47.659,21.183437,-0.737271,22.135021,-1.94208,0.065714,0.069355,0.119914,1.004836,1.0,1180.0,19.666666666666668,0.0036410000000000053,0.05055900000000001,0.05420000000000001,1.0476061619343993,0.0720134493670887,0.5256953820169121,1
2022-07-14 13:12:48.659,21.189868,-0.734777,22.12977,-1.944442,0.065782,0.069591,0.12008,0.967118,1.0,1181.0,19.683333333333337,0.003809000000000007,0.050489000000000006,0.05429800000000001,1.0495003575777493,0.07544068132303439,0.5983055960011463,1
2022-07-14 13:12:49.659,21.178974,-0.727296,22.12767,-1.947199,0.065761,0.070174,0.120218,1.132136,1.0,1182.0,19.7,0.004413,0.050044000000000005,0.054457000000000005,1.0525735933664497,0.08818063742631631,0.8682175688993443,1
2022-07-14 13:12:50.659,21.179236,-0.717976,22.127539,-1.945755,0.065215,0.069192,0.119951,1.000122,1.0,1183.0,19.716666666666665,0.003977000000000008,0.050759,0.05473600000000001,1.0579662523919053,0.07834909377462586,0.6599239670886661,1
2022-07-14 13:12:51.659,21.183174,-0.71417,22.126751,-1.946017,0.064879,0.069155,0.11962,1.132136,1.0,1184.0,19.733333333333334,0.004275999999999988,0.05046500000000001,0.054741,1.05806289502677,0.08473031347838123,0.795118122058617,1
2022-07-14 13:12:52.659,21.187112,-0.714826,22.131608,-1.947199,0.065593,0.068903,0.119694,0.882251,1.0,1185.0,19.75,0.0033100000000000074,0.05079099999999999,0.054100999999999996,1.045692637764076,0.06516774295164608,0.38066049261113344,1
2022-07-14 13:12:53.659,21.182518,-0.707607,22.130558,-1.944311,0.065609,0.068992,0.119804,0.849248,1.0,1186.0,19.766666666666666,0.003382999999999997,0.050811999999999996,0.05419499999999999,1.047509519299534,0.06657745065239205,0.4105269210064486,1
2022-07-14 13:12:54.659,21.180549,-0.712201,22.12767,-1.948511,0.06511,0.06904,0.11985,1.16514,1.0,1187.0,19.783333333333335,0.003930000000000003,0.050809999999999994,0.05474,1.058043566499797,0.07734545669244855,0.6386606548191298,1
2022-07-14 13:12:55.659,21.180024,-0.708001,22.123732,-1.950742,0.065399,0.06863,0.119336,0.830388,1.0,1188.0,19.8,0.0032309999999999978,0.050706,0.053937,1.0425227593405106,0.06371901315400236,0.34996733207679753,1
2022-07-14 13:12:56.659,21.188556,-0.703014,22.131871,-1.953367,0.064727,0.068746,0.119253,0.915255,1.0,1189.0,19.816666666666663,0.004018999999999995,0.050506999999999996,0.05452599999999999,1.0539072617275835,0.07957155302130346,0.6858233017789479,1
2022-07-14 13:12:57.659,21.177661,-0.699863,22.124651,-1.957174,0.065483,0.069407,0.119731,0.891681,1.0,1190.0,19.833333333333332,0.003923999999999997,0.05032400000000001,0.054248000000000005,1.048533931229101,0.07797317436661691,0.6519596422319833,1
2022-07-14 13:12:58.659,21.183962,-0.690807,22.12662,-1.955861,0.065793,0.068562,0.119106,1.04727,1.0,1191.0,19.85,0.0027689999999999937,0.050544000000000006,0.053313,1.030461758509384,0.05478286675239872,0.1606438457311401,1
2022-07-14 13:12:59.659,21.179236,-0.690282,22.132264,-1.955074,0.065452,0.068908,0.119896,0.962403,1.0,1192.0,19.866666666666667,0.0034560000000000007,0.050988000000000006,0.054444000000000006,1.0523223225158012,0.06777932495244073,0.4359901377453359,1
2022-07-14 13:13:00.659,21.181468,-0.686738,22.129902,-1.961111,0.065215,0.068425,0.119455,0.731378,1.0,1193.0,19.883333333333333,0.0032100000000000045,0.051030000000000006,0.05424000000000001,1.0483793030133175,0.06290294134937595,0.3326778258157388,1
2022-07-14 13:13:01.659,21.176874,-0.684769,22.131871,-1.959142,0.064974,0.06873,0.119262,0.78324,1.0,1194.0,19.9,0.0037559999999999955,0.05053200000000001,0.054288,1.0493070723080196,0.07432766706904388,0.5747249909564396,1
2022-07-14 13:13:02.659,21.184618,-0.682669,22.131346,-1.961505,0.065966,0.069418,0.121026,1.193429,1.0,1195.0,19.916666666666668,0.0034519999999999967,0.051608,0.05506,1.0642286951311442,0.06688755837160179,0.41709694256886976,1
2022-07-14 13:13:03.659,21.182518,-0.683457,22.135152,-1.965705,0.065357,0.069113,0.119464,0.962403,1.0,1196.0,19.933333333333337,0.0037559999999999955,0.05035100000000001,0.054107,1.0458086089259138,0.07459485224022869,0.5803856444232953,1
2022-07-14 13:13:04.659,21.183043,-0.676106,22.133708,-1.968592,0.06531,0.068231,0.119914,0.830388,1.0,1197.0,19.95,0.002920999999999993,0.05168300000000001,0.054604,1.0554148868314746,0.056516523488893904,0.19737354136605068,1
2022-07-14 13:13:05.659,21.185406,-0.676894,22.137647,-1.970036,0.06552,0.068788,0.120557,1.169855,1.0,1198.0,19.966666666666665,0.003268000000000007,0.051768999999999996,0.055037,1.063784139010766,0.06312536217886822,0.3373900904746763,1
2022-07-14 13:13:06.659,21.17858,-0.671906,22.139353,-1.974498,0.065357,0.068483,0.1194,0.962403,1.0,1199.0,19.983333333333334,0.0031260000000000038,0.050917000000000004,0.05404300000000001,1.0445715831996445,0.06139282768372684,0.30068417093251054,1
2022-07-14 13:13:07.659,21.185012,-0.667181,22.135809,-1.969642,0.065515,0.069418,0.119905,0.901111,1.0,1200.0,20.0,0.00390299999999999,0.050487000000000004,0.054389999999999994,1.0512785820592612,0.07730549833623811,0.6378140868505204,1
2022-07-14 13:13:08.659,21.184356,-0.661931,22.137647,-1.964655,0.065189,0.068557,0.119685,0.995407,1.0,1201.0,20.016666666666666,0.00336800000000001,0.05112799999999999,0.054496,1.053327405918395,0.06587259676504548,0.39559370602545907,1
2022-07-14 13:13:09.659,21.186849,-0.661668,22.141716,-1.972661,0.065436,0.068898,0.120328,0.943544,1.0,1202.0,20.033333333333335,0.0034620000000000067,0.051430000000000003,0.05489200000000001,1.0609815025996872,0.06731348797417912,0.42612079621604027,1
2022-07-14 13:13:10.659,21.177661,-0.663243,22.141979,-1.968855,0.06563,0.068583,0.1211,1.033125,1.0,1203.0,20.05,0.002953000000000011,0.052516999999999994,0.055470000000000005,1.0721533911900576,0.05622834075935891,0.19126802825019773,1
2022-07-14 13:13:11.659,21.188425,-0.662062,22.144079,-1.971086,0.065037,0.06853,0.119602,1.169855,1.0,1204.0,20.066666666666663,0.003492999999999996,0.051072000000000006,0.054565,1.0546610742795293,0.06839230121590656,0.4489768098555489,1
2022-07-14 13:13:12.659,21.182649,-0.6597,22.143948,-1.970955,0.065693,0.069061,0.120355,1.042555,1.0,1205.0,20.083333333333332,0.003367999999999996,0.051294000000000006,0.054662,1.0565359413959063,0.06565942099619837,0.39107730958914866,1
2022-07-14 13:13:13.659,21.180286,-0.653793,22.142635,-1.972661,0.065777,0.069003,0.119979,0.839818,1.0,1206.0,20.1,0.0032259999999999928,0.05097600000000001,0.054202,1.047644818988345,0.06328344155207236,0.34073920056188056,1
2022-07-14 13:13:14.659,21.185274,-0.648805,22.142766,-1.979617,0.06573,0.069297,0.121173,0.830388,1.0,1207.0,20.116666666666667,0.0035670000000000007,0.051876000000000005,0.055443000000000006,1.0716315209617877,0.06875879484164467,0.45674143767495745,1
2022-07-14 13:13:15.659,21.171623,-0.641324,22.139747,-1.976992,0.066129,0.070095,0.121449,1.202858,1.0,1208.0,20.133333333333333,0.003966000000000011,0.051354,0.05532000000000001,1.0692541121441137,0.07722714438710956,0.6361540600166602,1
2022-07-14 13:13:16.659,21.170704,-0.647099,22.143685,-1.977123,0.065247,0.069381,0.120015,1.009551,1.0,1209.0,20.15,0.004133999999999999,0.050634,0.054768,1.05858476525504,0.08164313222079587,0.7297123092619351,1
2022-07-14 13:13:17.659,21.174511,-0.639749,22.145654,-1.976598,0.065,0.069008,0.120107,0.896396,1.0,1210.0,20.166666666666668,0.004007999999999998,0.051099000000000006,0.055107,1.0651371358988733,0.07843444227005865,0.6617321821719366,1
2022-07-14 13:13:18.659,21.18383,-0.636599,22.145392,-1.978042,0.065578,0.069145,0.120172,0.868107,1.0,1211.0,20.183333333333337,0.0035670000000000007,0.051027,0.054594000000000004,1.055221601561745,0.06990279846358863,0.48097859140596877,1
2022-07-14 13:13:19.659,21.184093,-0.643424,22.146048,-1.979092,0.065116,0.069082,0.119896,1.245292,1.0,1212.0,20.2,0.003966000000000011,0.050814,0.05478000000000001,1.0588167075787156,0.07804782052543563,0.6535411148707189,1
2022-07-14 13:13:20.659,21.180155,-0.633974,22.147623,-1.978567,0.066055,0.069281,0.120806,0.896396,1.0,1213.0,20.216666666666665,0.0032259999999999928,0.051525,0.054750999999999994,1.0582561802964996,0.06260916818693461,0.3264538723565382,1
2022-07-14 13:13:21.659,21.17438,-0.635024,22.147492,-1.982111,0.065509,0.069712,0.12075,1.02841,1.0,1214.0,20.233333333333334,0.004202999999999998,0.051038,0.055241,1.0677271585132497,0.08234879210015866,0.7446626001962067,1
2022-07-14 13:13:22.659,21.179499,-0.62728,22.152087,-1.984736,0.065278,0.068793,0.120548,0.91054,1.0,1215.0,20.25,0.0035150000000000042,0.051754999999999995,0.05527,1.0682876857954655,0.06791483113069025,0.43886100634289726,1
2022-07-14 13:13:23.659,21.184881,-0.630824,22.149067,-1.980798,0.064732,0.06863,0.12087,0.830388,1.0,1216.0,20.266666666666666,0.0038979999999999987,0.05224000000000001,0.05613800000000001,1.0850648472079945,0.07461572328247924,0.5808278236698028,1
2022-07-14 13:13:24.659,21.180418,-0.62413,22.149724,-1.986573,0.065047,0.068824,0.11951,0.901111,1.0,1217.0,20.283333333333335,0.0037770000000000026,0.05068600000000001,0.05446300000000001,1.0526895645282877,0.07451614812476576,0.5787181988757919,1
2022-07-14 13:13:25.659,21.185537,-0.623998,22.151037,-1.981192,0.065672,0.069565,0.120723,0.712518,1.0,1218.0,20.3,0.0038930000000000076,0.051157999999999995,0.055051,1.0640547383883876,0.07609609257413179,0.6121913066275593,1
2022-07-14 13:13:26.659,21.174511,-0.617698,22.150905,-1.982767,0.065919,0.06968,0.121338,0.981262,1.0,1219.0,20.316666666666663,0.0037610000000000005,0.051657999999999996,0.055418999999999996,1.0711676363144365,0.07280435161346524,0.5424516395705874,1
2022-07-14 13:13:27.659,21.176874,-0.625573,22.145654,-1.989855,0.065263,0.069313,0.12064,0.901111,1.0,1220.0,20.333333333333332,0.004049999999999998,0.051327,0.055376999999999996,1.070355838181572,0.07890430174563587,0.671686745359583,1
2022-07-14 13:13:28.659,21.176217,-0.616648,22.151562,-1.98933,0.064685,0.069097,0.119933,0.684229,1.0,1221.0,20.35,0.004411999999999999,0.05083599999999999,0.05524799999999999,1.0678624582020604,0.08678718256388064,0.8386954772990673,1
2022-07-14 13:13:29.659,21.179105,-0.616779,22.146179,-1.989461,0.065604,0.068383,0.12042,0.8021,1.0,1222.0,20.366666666666667,0.0027790000000000037,0.052037,0.054816000000000004,1.059512534549742,0.05340328221684161,0.13141561442851102,1
2022-07-14 13:13:30.659,21.174773,-0.60851,22.149067,-1.991692,0.065242,0.068625,0.120144,1.217003,1.0,1223.0,20.383333333333333,0.003383000000000011,0.051518999999999995,0.054902000000000006,1.0611747878694167,0.06566381987577662,0.3911705053785126,1
2022-07-14 13:13:31.659,21.183043,-0.60641,22.147755,-1.991036,0.065394,0.06883,0.120126,0.816244,1.0,1224.0,20.4,0.0034360000000000085,0.051295999999999994,0.054732,1.0578889382840135,0.06698247460865175,0.4191078622764839,1
2022-07-14 13:13:32.659,21.176611,-0.611529,22.147492,-1.993136,0.066187,0.069801,0.121366,1.042555,1.0,1225.0,20.416666666666668,0.003614000000000006,0.051565,0.055179000000000006,1.0665287898409264,0.07008493968894244,0.48483748205541755,1
2022-07-14 13:13:33.659,21.171886,-0.611004,22.141847,-1.996942,0.06584,0.069895,0.120649,1.122707,1.0,1226.0,20.433333333333337,0.004055000000000003,0.05075400000000001,0.05480900000000001,1.0593772348609314,0.07989360654122751,0.6926464101348015,1
2022-07-14 13:13:34.659,21.173723,-0.601291,22.143948,-1.993136,0.065236,0.069433,0.120907,1.188714,1.0,1227.0,20.45,0.004196999999999992,0.051474000000000006,0.055671,1.0760384251116222,0.08153472559494884,0.727415578722175,1
2022-07-14 13:13:35.659,21.180024,-0.602604,22.146836,-1.996155,0.065882,0.06967,0.12121,1.188714,1.0,1228.0,20.466666666666665,0.0037879999999999997,0.05154,0.055328,1.0694087403598973,0.07349488756523931,0.5570815111014995,1
2022-07-14 13:13:36.659,21.174773,-0.60116,22.149593,-1.997598,0.065389,0.069486,0.120943,0.929399,1.0,1229.0,20.483333333333334,0.004097000000000003,0.05145699999999999,0.05555399999999999,1.0737769874557859,0.0796183295114463,0.6868143204792758,1
2022-07-14 13:13:37.659,21.174905,-0.59906,22.154581,-1.999567,0.065194,0.068966,0.119666,1.023696,1.0,1230.0,20.5,0.0037719999999999976,0.050699999999999995,0.05447199999999999,1.0528635212710438,0.07439695469517363,0.5761929363492257,1
2022-07-14 13:13:38.659,21.169392,-0.60116,22.149855,-2.003898,0.065294,0.068992,0.120659,0.627652,1.0,1231.0,20.516666666666666,0.003697999999999993,0.051667000000000005,0.055365,1.0701238958578967,0.07157234652008966,0.5163500641273275,1
2022-07-14 13:13:39.659,21.172017,-0.597485,22.147623,-2.00193,0.065425,0.069334,0.120263,0.773811,1.0,1232.0,20.533333333333335,0.00390900000000001,0.05092899999999999,0.054838,1.0599377621431472,0.07675240526212469,0.6260961153269118,1
2022-07-14 13:13:40.659,21.177792,-0.595647,22.150905,-2.00088,0.065058,0.069386,0.119896,0.759666,1.0,1233.0,20.55,0.0043279999999999985,0.05051,0.054838,1.0599377621431472,0.08568430638870737,0.8153296601886966,1
2022-07-14 13:13:41.659,21.176086,-0.59591,22.14933,-1.998255,0.065168,0.067916,0.119427,0.78324,1.0,1234.0,20.566666666666663,0.0027480000000000004,0.051511,0.054259,1.0487465450258036,0.05334679298027645,0.13021881899489984,1
2022-07-14 13:13:42.659,21.177792,-0.589085,22.150643,-1.99773,0.065226,0.068945,0.120897,0.844533,1.0,1235.0,20.583333333333332,0.003719,0.051952,0.055671,1.0760384251116222,0.0715839316305122,0.5165955092438603,1
2022-07-14 13:13:43.659,21.164141,-0.591447,22.149855,-2.002455,0.066412,0.069622,0.121605,0.811529,1.0,1236.0,20.6,0.0032100000000000045,0.051983,0.055193000000000006,1.0667993892185479,0.06174976915974154,0.3082464244614298,1
2022-07-14 13:13:44.659,21.17333,-0.587116,22.151562,-1.99983,0.066176,0.069113,0.120943,1.15571,1.0,1237.0,20.616666666666667,0.002936999999999995,0.05183,0.054766999999999996,1.058565436728067,0.05666493025409494,0.20051772510280097,1
2022-07-14 13:13:45.659,21.188293,-0.581472,22.154318,-2.00298,0.065326,0.068252,0.120208,0.995407,1.0,1238.0,20.633333333333333,0.002925999999999998,0.051956,0.054882,1.0607882173299574,0.056315799603518256,0.19312095372208082,1
2022-07-14 13:13:46.659,21.175824,-0.584097,22.151168,-1.99983,0.064527,0.068341,0.120208,0.990692,1.0,1239.0,20.65,0.003813999999999998,0.051866999999999996,0.055680999999999994,1.0762317103813517,0.07353281406647641,0.5578850316702553,1
2022-07-14 13:13:47.659,21.172936,-0.581866,22.153531,-1.994711,0.064947,0.068656,0.119381,0.882251,1.0,1240.0,20.666666666666668,0.00370899999999999,0.050725000000000006,0.054433999999999996,1.0521290372460714,0.07311832196506701,0.5491034958521444,1
2022-07-14 13:13:48.659,21.173986,-0.581472,22.1555,-1.989986,0.065189,0.068851,0.120631,0.825674,1.0,1241.0,20.683333333333337,0.0036619999999999986,0.05178000000000001,0.055442000000000005,1.0716121924348148,0.07072092080106598,0.49831154078118,1
2022-07-14 13:13:49.659,21.173198,-0.580159,22.154318,-1.993398,0.064632,0.068116,0.119584,0.981262,1.0,1242.0,20.7,0.003484000000000001,0.051468,0.054952,1.0621412142180644,0.067691231615147,0.4341237697394045,1
2022-07-14 13:13:50.659,21.16821,-0.580947,22.153006,-1.989592,0.065131,0.068704,0.120015,0.952974,1.0,1243.0,20.716666666666665,0.0035730000000000067,0.051310999999999996,0.054884,1.0608268743839033,0.06963283442469612,0.4752590641361476,1
2022-07-14 13:13:51.659,21.178974,-0.576747,22.1576,-1.990773,0.065394,0.068677,0.120429,1.160425,1.0,1244.0,20.733333333333334,0.003283000000000008,0.05175199999999999,0.055035,1.0637454819568202,0.0634359360810003,0.34396998870788686,1
2022-07-14 13:13:52.659,21.174905,-0.578191,22.158519,-1.988936,0.064669,0.068882,0.120631,1.193429,1.0,1245.0,20.75,0.0042129999999999945,0.051749,0.055962,1.0816630264607534,0.08141062801932356,0.7247864157017252,1
2022-07-14 13:13:53.659,21.181074,-0.571365,22.15655,-1.980667,0.065084,0.068746,0.119602,0.825674,1.0,1246.0,20.766666666666666,0.0036619999999999986,0.050856,0.054518,1.0537526335118002,0.07200582024106807,0.5255337493991052,1
2022-07-14 13:13:54.659,21.181337,-0.571759,22.15655,-1.976598,0.065221,0.068583,0.120227,1.084988,1.0,1247.0,20.783333333333335,0.003362000000000004,0.051643999999999995,0.055006,1.0631849546746042,0.0650982670152,0.37918855762775605,1
2022-07-14 13:13:55.659,21.175036,-0.578847,22.155237,-1.982373,0.065184,0.068467,0.119868,0.740807,1.0,1248.0,20.8,0.0032829999999999943,0.051401,0.054683999999999996,1.0569611689893113,0.06386911015135587,0.35314732550482386,1
2022-07-14 13:13:56.659,21.171886,-0.56874,22.158388,-1.982636,0.065273,0.068992,0.120208,0.91997,1.0,1249.0,20.816666666666663,0.003719,0.051216,0.054935,1.061812629259524,0.07261260909463654,0.5383893334585443,1
2022-07-14 13:13:57.659,21.172673,-0.568215,22.154581,-1.98198,0.065215,0.06884,0.119933,1.051984,1.0,1250.0,20.833333333333332,0.0036250000000000032,0.051093,0.054718,1.057618338906392,0.07094766508787731,0.5031154033141814,1
2022-07-14 13:13:58.659,21.181468,-0.570315,22.158782,-1.973317,0.065352,0.069481,0.120888,0.806814,1.0,1251.0,20.85,0.004129000000000008,0.051406999999999994,0.055536,1.0734290739702728,0.08031823840647385,0.7016427695865077,1
2022-07-14 13:13:59.659,21.175036,-0.567559,22.154712,-1.973055,0.065562,0.069386,0.121072,0.835103,1.0,1252.0,20.866666666666667,0.003824000000000008,0.051685999999999996,0.055510000000000004,1.0729265322689758,0.07398378702575131,0.5674394602864001,1
2022-07-14 13:14:00.659,21.170836,-0.563096,22.158782,-1.974367,0.065546,0.069066,0.121017,0.863392,1.0,1253.0,20.883333333333333,0.0035200000000000092,0.051951,0.055471000000000006,1.0721727197170305,0.0677548506313522,0.4354716185105132,1
2022-07-14 13:14:01.659,21.170573,-0.564146,22.155631,-1.974105,0.065504,0.06883,0.120061,0.759666,1.0,1254.0,20.9,0.0033259999999999956,0.051231,0.054556999999999994,1.0545064460637454,0.06492036227357893,0.3754194222076963,1
2022-07-14 13:14:02.659,21.185406,-0.562703,22.161013,-1.963736,0.065761,0.069601,0.120603,0.957688,1.0,1255.0,20.916666666666668,0.003839999999999996,0.051002000000000006,0.054842,1.060015076251039,0.07528968884183275,0.5951066306229666,1
2022-07-14 13:14:03.659,21.175298,-0.557452,22.162063,-1.954024,0.064905,0.068467,0.12064,0.797385,1.0,1256.0,20.933333333333337,0.0035619999999999957,0.052173,0.05573499999999999,1.0772754508378914,0.06827155288074511,0.44641860470135675,1
2022-07-14 13:14:04.659,21.176742,-0.562046,22.164426,-1.962817,0.064937,0.068992,0.119942,1.089703,1.0,1257.0,20.95,0.004055000000000003,0.050949999999999995,0.055005,1.0631656261476312,0.0795862691605661,0.6861350816743905,1
2022-07-14 13:14:05.659,21.176611,-0.566247,22.164164,-1.958486,0.065515,0.069208,0.11996,0.886966,1.0,1258.0,20.966666666666665,0.003693000000000002,0.05075199999999999,0.05444499999999999,1.0523416510427739,0.07276417157606452,0.5416003750075047,1
2022-07-14 13:14:06.659,21.170311,-0.562965,22.165345,-1.958749,0.065394,0.069528,0.121311,0.844533,1.0,1259.0,20.983333333333334,0.004134000000000013,0.051782999999999996,0.05591700000000001,1.0807932427469704,0.07983160821875508,0.6913328977961992,1
2022-07-14 13:14:07.659,21.170836,-0.560471,22.165739,-1.949299,0.065583,0.069507,0.121292,0.882251,1.0,1260.0,21.0,0.003923999999999997,0.051785,0.055708999999999995,1.0767729091365947,0.07577337504344799,0.6053541303696865,1
2022-07-14 13:14:08.659,21.179893,-0.556796,22.170334,-1.947592,0.065478,0.068982,0.120319,1.051984,1.0,1261.0,21.016666666666666,0.003504000000000007,0.051336999999999994,0.054841,1.059995747724066,0.0682535353928865,0.446036881589035,1
2022-07-14 13:14:09.659,21.178317,-0.551284,22.175453,-1.941817,0.065,0.068473,0.119179,0.981262,1.0,1262.0,21.033333333333335,0.003473000000000004,0.05070599999999999,0.05417899999999999,1.0472002628679666,0.0684915297690655,0.4510790913966969,1
2022-07-14 13:14:10.659,21.185931,-0.551415,22.174272,-1.938668,0.065399,0.069764,0.120851,0.839818,1.0,1263.0,21.05,0.004365000000000008,0.051086999999999994,0.055452,1.0718054777045443,0.08544080801753853,0.8101708413335242,1
2022-07-14 13:14:11.659,21.178186,-0.553252,22.171121,-1.940243,0.064281,0.068152,0.119574,1.127421,1.0,1264.0,21.066666666666663,0.0038709999999999994,0.051421999999999995,0.055292999999999995,1.0687322419158436,0.07527759951772553,0.5948505031061737,1
2022-07-14 13:14:12.659,21.178055,-0.54564,22.174403,-1.934074,0.064286,0.068835,0.119584,1.089703,1.0,1265.0,21.083333333333332,0.0045489999999999975,0.050749,0.055298,1.0688288845507083,0.08963546798029551,0.8990399816198991,1
2022-07-14 13:14:13.659,21.172936,-0.548658,22.171253,-1.929743,0.064811,0.068557,0.119795,0.849248,1.0,1266.0,21.1,0.003746000000000013,0.05123799999999999,0.054984000000000005,1.0627597270811993,0.07310837448037655,0.548892745893792,1
2022-07-14 13:14:14.659,21.178711,-0.546821,22.173353,-1.928824,0.064585,0.069029,0.120199,1.127421,1.0,1267.0,21.116666666666667,0.00444399999999999,0.05117000000000001,0.055614,1.0749366990741636,0.08684606515409096,0.8399429789359787,1
2022-07-14 13:14:15.659,21.177924,-0.544458,22.171909,-1.922786,0.065126,0.06895,0.120245,0.820959,1.0,1268.0,21.133333333333333,0.003823999999999994,0.05129500000000001,0.055119,1.0653690782225487,0.07454772301933861,0.5793871526790169,1
2022-07-14 13:14:16.659,21.184487,-0.541964,22.173484,-1.922918,0.064853,0.069549,0.121109,0.943544,1.0,1269.0,21.15,0.004696000000000006,0.051559999999999995,0.056256,1.0873456133908035,0.09107658889470736,0.9295719384053354,1
2022-07-14 13:14:17.659,21.180286,-0.543408,22.167446,-1.91688,0.065751,0.070189,0.122046,0.764381,1.0,1270.0,21.166666666666668,0.0044379999999999975,0.051857,0.056295,1.088099425942749,0.08557985267461139,0.8131166770496945,1
2022-07-14 13:14:18.659,21.177399,-0.549052,22.168102,-1.91688,0.064884,0.069538,0.120594,0.962403,1.0,1271.0,21.183333333333337,0.004654000000000005,0.051056000000000004,0.05571000000000001,1.076792237663568,0.09115302505043392,0.9311913343770053,1
2022-07-14 13:14:19.659,21.180155,-0.552071,22.162851,-1.90953,0.065604,0.069302,0.120732,0.773811,1.0,1272.0,21.2,0.003698000000000007,0.051430000000000003,0.05512800000000001,1.0655430349653054,0.0719021601757696,0.5233375807067926,2
2022-07-14 13:14:20.659,21.17858,-0.539733,22.164558,-1.907955,0.065614,0.069213,0.12053,1.042555,1.0,1273.0,21.216666666666665,0.003598999999999991,0.051317,0.05491599999999999,1.0614453872470377,0.07013133793210942,0.48582048711843995,2
2022-07-14 13:14:21.659,21.17333,-0.542227,22.164426,-1.902968,0.065914,0.069727,0.121283,0.825674,1.0,1274.0,21.233333333333334,0.003812999999999997,0.051556000000000005,0.055369,1.0702012099657885,0.07395697965358722,0.5668715124339612,2
2022-07-14 13:14:22.659,21.188425,-0.533564,22.164951,-1.896405,0.065683,0.069444,0.120714,0.712518,1.0,1275.0,21.25,0.0037610000000000005,0.051269999999999996,0.055031,1.0636681678489281,0.07335530806888886,0.5541243441434138,2
2022-07-14 13:14:23.659,21.185012,-0.537108,22.163245,-1.88958,0.064344,0.067717,0.11985,1.099133,1.0,1276.0,21.266666666666666,0.003373000000000001,0.052133,0.055506,1.072849218161084,0.06469866114244065,0.37072240526241185,2
2022-07-14 13:14:24.659,21.188818,-0.534089,22.159963,-1.88958,0.064848,0.069045,0.122046,0.877537,1.0,1277.0,21.283333333333335,0.004196999999999992,0.053001000000000006,0.057198,1.1055530857993312,0.07918569110599584,0.6776483324162099,2
2022-07-14 13:14:25.659,21.178186,-0.536189,22.154187,-1.888399,0.065536,0.069323,0.120815,0.820959,1.0,1278.0,21.3,0.0037869999999999987,0.05149200000000001,0.05527900000000001,1.0684616425382223,0.07354397685122245,0.5581215292868416,2
2022-07-14 13:14:26.659,21.17963,-0.539339,22.153268,-1.883412,0.065063,0.06841,0.120585,1.04727,1.0,1279.0,21.316666666666663,0.0033470000000000028,0.052175,0.055522,1.0731584745926515,0.06414826740263728,0.35906162252683593,2
2022-07-14 13:14:27.659,21.180549,-0.533695,22.149199,-1.879343,0.064827,0.068635,0.120557,0.924685,1.0,1280.0,21.333333333333332,0.003808000000000006,0.051921999999999996,0.05573,1.077178808203027,0.0733393679101748,0.5537866318583837,2
2022-07-14 13:14:28.659,21.178055,-0.539996,22.148936,-1.877243,0.064674,0.067958,0.120126,0.787955,1.0,1281.0,21.35,0.003284000000000009,0.05216799999999999,0.055452,1.0718054777045443,0.06294926105541623,0.33365916697108045,2
2022-07-14 13:14:29.659,21.181337,-0.535271,22.148674,-1.875537,0.064779,0.068625,0.120741,0.707803,1.0,1282.0,21.366666666666667,0.003846000000000002,0.052115999999999996,0.055962,1.0816630264607534,0.07379549858971166,0.563450333256968,2
2022-07-14 13:14:30.659,21.181074,-0.528577,22.14421,-1.863724,0.065394,0.06873,0.121752,0.962403,1.0,1283.0,21.383333333333333,0.0033360000000000056,0.053022,0.056358000000000005,1.0893171231420455,0.06291609301623834,0.3329564603982247,2
2022-07-14 13:14:31.659,21.18383,-0.53212,22.141322,-1.869106,0.064853,0.068536,0.120539,0.957688,1.0,1284.0,21.4,0.0036830000000000057,0.052002999999999994,0.055686,1.0763283530162167,0.07082147527113311,0.5004419135375318,2
2022-07-14 13:14:32.659,21.177399,-0.530677,22.13804,-1.861362,0.064863,0.068614,0.120034,0.962403,1.0,1285.0,21.416666666666668,0.0037509999999999905,0.05142000000000001,0.055171,1.0663741616251425,0.07294685050854689,0.545470657657894,2
2022-07-14 13:14:33.659,21.167948,-0.530808,22.135678,-1.858081,0.064643,0.068263,0.120263,0.79267,1.0,1286.0,21.433333333333337,0.0036199999999999982,0.05199999999999999,0.05561999999999999,1.075052670236001,0.06961404588373299,0.4748610052952753,2
2022-07-14 13:14:34.659,21.174511,-0.530808,22.13384,-1.855981,0.064317,0.06832,0.119703,0.693659,1.0,1287.0,21.45,0.0040030000000000066,0.051383,0.055386000000000005,1.0705297949243289,0.07790362758835448,0.6504862063757411,2
2022-07-14 13:14:35.659,21.172673,-0.529364,22.131739,-1.849943,0.065105,0.068851,0.120603,0.853963,1.0,1288.0,21.466666666666665,0.0037459999999999993,0.051752000000000006,0.055498000000000006,1.0726945899453004,0.07238227735590205,0.5335094662502982,2
2022-07-14 13:14:36.659,21.187506,-0.531202,22.133315,-1.851256,0.065247,0.068793,0.120383,0.745522,1.0,1289.0,21.483333333333334,0.0035460000000000075,0.05159,0.055136000000000004,1.065697663181089,0.06873291853230229,0.4561932155579185,2
2022-07-14 13:14:37.659,21.185406,-0.530939,22.128458,-1.843381,0.064328,0.068588,0.120162,1.075559,1.0,1290.0,21.5,0.00426,0.05157400000000001,0.05583400000000001,1.0791889750082149,0.08259815802229761,0.7499457304889998,2
2022-07-14 13:14:38.659,21.184881,-0.52687,22.120581,-1.838262,0.064475,0.067732,0.119666,0.990692,1.0,1291.0,21.516666666666666,0.003256999999999996,0.051933999999999994,0.05519099999999999,1.0667607321646015,0.06271300664291896,0.32865382047961034,2
2022-07-14 13:14:39.659,21.18278,-0.528314,22.120581,-1.839312,0.064963,0.06863,0.119951,0.693659,1.0,1292.0,21.533333333333335,0.0036669999999999897,0.051321000000000006,0.054987999999999995,1.0628370411890908,0.07145083979579886,0.513775791546806,2
2022-07-14 13:14:40.659,21.179761,-0.528577,22.121763,-1.834981,0.065184,0.068677,0.120309,0.91054,1.0,1293.0,21.55,0.003492999999999996,0.051632,0.05512499999999999,1.0654850493843864,0.06765053357348975,0.43326153060547457,2
2022-07-14 13:14:41.659,21.183043,-0.526214,22.122156,-1.831306,0.065467,0.069223,0.120273,1.089703,1.0,1294.0,21.566666666666663,0.0037560000000000093,0.05105,0.05480600000000001,1.0593192492800125,0.0735734853381914,0.5587467036493323,2
2022-07-14 13:14:42.659,21.183174,-0.524508,22.121631,-1.822775,0.06468,0.068861,0.119657,0.698374,1.0,1295.0,21.583333333333332,0.004181000000000004,0.050795999999999994,0.054977,1.0626244273923884,0.0823080103155699,0.7437985868630819,2
2022-07-14 13:14:43.659,21.172411,-0.522014,22.122025,-1.8191,0.064989,0.069181,0.12008,0.91054,1.0,1296.0,21.6,0.004192000000000001,0.050899,0.055091,1.0648278794673058,0.08235756385068764,0.7448484407494906,2
2022-07-14 13:14:44.659,21.175298,-0.525033,22.125307,-1.824743,0.064538,0.068362,0.119832,0.769096,1.0,1297.0,21.616666666666667,0.003824000000000008,0.05146999999999999,0.055293999999999996,1.0687515704428165,0.074294262788755,0.5740172793189016,2
2022-07-14 13:14:45.659,21.180155,-0.52582,22.121631,-1.818443,0.064968,0.068604,0.119804,1.117992,1.0,1298.0,21.633333333333333,0.0036360000000000003,0.051199999999999996,0.054835999999999996,1.059899105089201,0.07101423800316402,0.504525834147769,2
2022-07-14 13:14:46.659,21.184749,-0.52162,22.126488,-1.814506,0.064412,0.068184,0.120199,1.070844,1.0,1299.0,21.65,0.0037719999999999976,0.052015000000000006,0.055787,1.0782805342404855,0.07251614887726848,0.5363457025884744,2
2022-07-14 13:14:47.659,21.177792,-0.523589,22.12662,-1.809256,0.0648,0.068919,0.12053,1.056699,1.0,1300.0,21.666666666666668,0.004118999999999998,0.051611000000000004,0.05573,1.077178808203027,0.07980702162287835,0.6908119998789584,2
2022-07-14 13:14:48.659,21.17963,-0.525033,22.129639,-1.810043,0.06511,0.068767,0.120456,1.113277,1.0,1301.0,21.683333333333337,0.0036569999999999936,0.051689,0.05534599999999999,1.0697566538454104,0.07074869413813105,0.4988999538134091,2
2022-07-14 13:14:49.659,21.185274,-0.521489,22.127932,-1.806237,0.065242,0.068798,0.121669,0.868107,1.0,1302.0,21.7,0.0035560000000000036,0.052871,0.056427000000000005,1.0906507915031798,0.06725677106975343,0.4249191773528267,2
2022-07-14 13:14:50.659,21.178317,-0.525033,22.130952,-1.79705,0.0648,0.068567,0.120613,0.934114,1.0,1303.0,21.716666666666665,0.0037670000000000065,0.052045999999999995,0.055813,1.0787830759417825,0.07237689011854682,0.533395330859938,2
2022-07-14 13:14:51.659,21.186718,-0.519257,22.130164,-1.798362,0.064942,0.068473,0.120401,0.962403,1.0,1304.0,21.733333333333334,0.0035310000000000064,0.05192799999999999,0.055458999999999994,1.0719407773933547,0.06799668778524537,0.44059524239102066,2
2022-07-14 13:14:52.659,21.182124,-0.523326,22.133183,-1.786681,0.064989,0.068341,0.120328,0.641796,1.0,1305.0,21.75,0.003351999999999994,0.051987000000000005,0.055339,1.0696213541565998,0.06447641763483869,0.3660138973904572,2
2022-07-14 13:14:53.659,21.185799,-0.518864,22.130558,-1.781562,0.064685,0.068478,0.120539,0.679515,1.0,1306.0,21.766666666666666,0.003792999999999991,0.052060999999999996,0.05585399999999999,1.0795755455476737,0.07285544158887464,0.5435340448745207,2
2022-07-14 13:14:54.659,21.185274,-0.515582,22.131346,-1.784319,0.065095,0.069029,0.121173,0.684229,1.0,1307.0,21.783333333333335,0.003933999999999993,0.05214400000000001,0.056078,1.0839051355896168,0.07544347492568784,0.598364781982446,2
2022-07-14 13:14:55.659,21.190919,-0.520045,22.14316,-1.779462,0.064506,0.068074,0.119988,0.849248,1.0,1308.0,21.8,0.0035680000000000017,0.051914,0.055482000000000004,1.072385333513733,0.06872772801695082,0.4560832479703132,2
2022-07-14 13:14:56.659,21.182912,-0.520176,22.136465,-1.775525,0.064512,0.068651,0.119675,1.080273,1.0,1309.0,21.816666666666663,0.004139000000000004,0.051024,0.055163000000000004,1.066219533409359,0.08111709946104857,0.7185676444890399,2
2022-07-14 13:14:57.659,21.18278,-0.515845,22.138566,-1.774212,0.064848,0.068247,0.119437,1.009551,1.0,1310.0,21.833333333333332,0.0033989999999999992,0.05119,0.054589,1.0551249589268803,0.0663983903420523,0.40673330341155634,2
2022-07-14 13:14:58.659,21.179499,-0.51847,22.140403,-1.768175,0.065305,0.069124,0.120833,0.806814,1.0,1311.0,21.85,0.003819000000000003,0.05170899999999999,0.055527999999999994,1.073274445754489,0.07385418681106176,0.5646937169454262,2
2022-07-14 13:14:59.659,21.177792,-0.51322,22.141979,-1.766863,0.064958,0.069113,0.120769,1.113277,1.0,1312.0,21.866666666666667,0.004154999999999992,0.05165600000000001,0.055811,1.0787444188878366,0.08043440385620519,0.7041038805562319,2
2022-07-14 13:15:00.659,21.175298,-0.507838,22.143948,-1.757938,0.065378,0.06968,0.122138,1.009551,1.0,1313.0,21.883333333333333,0.004302,0.05245799999999999,0.05675999999999999,1.097087190985175,0.08200690062715646,0.7374191998856419,2
2022-07-14 13:15:01.659,21.18068,-0.509545,22.146048,-1.758069,0.064302,0.068677,0.120557,0.901111,1.0,1314.0,21.9,0.004375000000000004,0.051879999999999996,0.056255,1.0873262848638305,0.08432759584433616,0.7865860431217047,2
2022-07-14 13:15:02.659,21.178317,-0.512301,22.149855,-1.749931,0.064942,0.069386,0.121743,1.117992,1.0,1315.0,21.916666666666668,0.0044440000000000035,0.052357,0.056801000000000004,1.0978796605910666,0.08487719164215599,0.7982299204540524,2
2022-07-14 13:15:03.659,21.170311,-0.516107,22.145392,-1.750981,0.065137,0.068803,0.120227,1.056699,1.0,1316.0,21.933333333333337,0.0036660000000000026,0.051424,0.05509,1.0648085509403329,0.07128828390860481,0.5103318408877091,2
2022-07-14 13:15:04.659,21.173986,-0.513482,22.14828,-1.746256,0.064963,0.068866,0.119951,0.901111,1.0,1317.0,21.95,0.00390299999999999,0.051085000000000005,0.054987999999999995,1.0628370411890908,0.07640057941510374,0.6186422428240432,2
2022-07-14 13:15:05.659,21.173198,-0.509807,22.148411,-1.746781,0.065,0.068588,0.120015,0.877537,1.0,1318.0,21.966666666666665,0.003587999999999994,0.051427,0.055014999999999994,1.0633589114173607,0.06976744186046499,0.4781108917453327,2
2022-07-14 13:15:06.659,21.177136,-0.508495,22.147755,-1.740875,0.064144,0.068761,0.120107,0.853963,1.0,1319.0,21.983333333333334,0.004616999999999996,0.051346,0.055963,1.0816823549877264,0.089917619335112,0.90501771248624,2
2022-07-14 13:15:07.659,21.176349,-0.510463,22.147098,-1.7351,0.06426,0.068399,0.119777,0.820959,1.0,1320.0,22.0,0.004139000000000004,0.05137799999999999,0.055517,1.0730618319577865,0.0805582047139883,0.7067267572364833,2
2022-07-14 13:15:08.659,21.180286,-0.508101,22.148149,-1.729982,0.064769,0.069601,0.120539,0.835103,1.0,1321.0,22.016666666666666,0.004832000000000003,0.050938,0.05577,1.0779519492819452,0.09485855631245221,1.009697668736325,2
2022-07-14 13:15:09.659,21.177924,-0.503769,22.14526,-1.725388,0.065121,0.069108,0.120567,1.221718,1.0,1322.0,22.033333333333335,0.003987000000000004,0.05145899999999999,0.055445999999999995,1.0716895065427063,0.07747765254566663,0.6414613900227513,2
2022-07-14 13:15:10.659,21.172411,-0.507576,22.145654,-1.716857,0.064506,0.069008,0.120603,0.778526,1.0,1323.0,22.05,0.004502000000000006,0.051595,0.05609700000000001,1.084272377602103,0.08725482595550053,0.8486030899644212,2
2022-07-14 13:15:11.659,21.183043,-0.504557,22.148936,-1.718169,0.064821,0.068499,0.120861,1.075559,1.0,1324.0,22.066666666666663,0.0036780000000000007,0.05236199999999999,0.05603999999999999,1.0831706515646442,0.07024043694975463,0.4881318868481679,2
2022-07-14 13:15:12.659,21.171361,-0.503901,22.147886,-1.720925,0.064611,0.069166,0.120695,0.830388,1.0,1325.0,22.083333333333332,0.0045550000000000035,0.05152899999999999,0.056083999999999995,1.0840211067514545,0.08839510964486715,0.8727614322511181,2
2022-07-14 13:15:13.659,21.168473,-0.503638,22.149986,-1.715019,0.064223,0.068877,0.120833,1.000122,1.0,1326.0,22.1,0.0046539999999999915,0.051956,0.056609999999999994,1.094187911939231,0.08957407086629311,0.8977392066379213,2
2022-07-14 13:15:14.659,21.178843,-0.497994,22.146705,-1.711607,0.064926,0.068861,0.120796,0.962403,1.0,1327.0,22.116666666666667,0.003935000000000008,0.051934999999999995,0.05587,1.0798848019792413,0.07576632778804698,0.6052048254118529,2
2022-07-14 13:15:15.659,21.175298,-0.503901,22.147623,-1.702944,0.064716,0.069538,0.120962,0.79267,1.0,1328.0,22.133333333333333,0.004822000000000007,0.051424,0.056246000000000004,1.087152328121074,0.09376762275158011,0.9865848709112219,2
2022-07-14 13:15:16.659,21.171754,-0.500882,22.147886,-1.7078,0.064281,0.068551,0.119483,1.070844,1.0,1329.0,22.15,0.004269999999999996,0.050932000000000005,0.055202,1.0669733459613044,0.08383562719651298,0.7761630693483645,2
2022-07-14 13:15:17.659,21.171754,-0.496944,22.148411,-1.701107,0.064407,0.06842,0.120668,1.018981,1.0,1330.0,22.166666666666668,0.004012999999999989,0.052248,0.05626099999999999,1.0874422560256682,0.07680529770904684,0.6272167082539544,2
2022-07-14 13:15:18.659,21.169917,-0.500488,22.153793,-1.696776,0.06468,0.069433,0.12076,0.797385,1.0,1331.0,22.183333333333337,0.004752999999999993,0.05132700000000001,0.056080000000000005,1.0839437926435627,0.09260052992518689,0.9618585433812565,2
2022-07-14 13:15:19.659,21.185406,-0.500751,22.156025,-1.688507,0.064459,0.068546,0.119887,0.886966,1.0,1332.0,22.2,0.004086999999999993,0.051341,0.05542799999999999,1.071341593057193,0.07960344357446132,0.6864989432058,2
2022-07-14 13:15:20.659,21.177661,-0.496813,22.154975,-1.682601,0.065299,0.069187,0.121026,1.018981,1.0,1333.0,22.216666666666665,0.0038880000000000026,0.051838999999999996,0.055727,1.077120822622108,0.07500000000000005,0.5889692086262366,2
2022-07-14 13:15:21.659,21.179105,-0.493925,22.153531,-1.684044,0.06489,0.069097,0.120787,0.934114,1.0,1334.0,22.233333333333334,0.004207000000000002,0.05169,0.055897,1.0804066722075112,0.08138747557601908,0.7242959021081881,2
2022-07-14 13:15:22.659,21.179761,-0.494975,22.159832,-1.682863,0.065436,0.069171,0.121504,0.91054,1.0,1335.0,22.25,0.003735000000000002,0.052333000000000005,0.05606800000000001,1.0837118503198873,0.07136851759850196,0.5120316923909229,2
2022-07-14 13:15:23.659,21.173592,-0.496025,22.160226,-1.679976,0.063834,0.068399,0.119299,0.830388,1.0,1336.0,22.266666666666666,0.004565,0.0509,0.055465,1.0720567485551926,0.08968389619064457,0.9000659940875462,2
2022-07-14 13:15:24.659,21.181468,-0.493138,22.160357,-1.675382,0.064092,0.06895,0.119519,0.896396,1.0,1337.0,22.283333333333335,0.004858000000000001,0.050569,0.055427000000000004,1.0713222645302203,0.0960648605892822,1.0352547400978849,2
2022-07-14 13:15:25.659,21.179499,-0.493794,22.163376,-1.670263,0.064706,0.06894,0.120365,0.976548,1.0,1338.0,22.3,0.004234000000000002,0.051425,0.055659,1.0758064827879468,0.08233189437249644,0.744304600610193,2
2022-07-14 13:15:26.659,21.178317,-0.490907,22.165608,-1.665013,0.06532,0.068861,0.121109,1.02841,1.0,1339.0,22.316666666666663,0.0035410000000000025,0.05224799999999999,0.05578899999999999,1.0783191912944312,0.06777163199295687,0.4358271527354285,2
2022-07-14 13:15:27.659,21.179236,-0.491563,22.164426,-1.663438,0.065068,0.069003,0.120263,1.183999,1.0,1340.0,22.333333333333332,0.003934999999999994,0.05126,0.055194999999999994,1.0668380462724936,0.07676401162677267,0.6263420107409081,2
2022-07-14 13:15:28.659,21.181337,-0.489594,22.164426,-1.66357,0.065861,0.069381,0.121798,1.023696,1.0,1341.0,22.35,0.0035199999999999954,0.052417000000000005,0.055937,1.0811798132864294,0.06715250486474102,0.42271016682929274,2
2022-07-14 13:15:29.659,21.186718,-0.49025,22.169284,-1.65202,0.064842,0.069433,0.121311,0.901111,1.0,1342.0,22.366666666666667,0.004590999999999998,0.05187800000000001,0.056469000000000005,1.091462589636044,0.08849438115615176,0.8748646239141187,2
2022-07-14 13:15:30.659,21.186849,-0.48605,22.164558,-1.65097,0.064008,0.068357,0.12076,0.938829,1.0,1343.0,22.383333333333333,0.004349000000000006,0.052403000000000005,0.05675200000000001,1.0969325627693916,0.08298984810319833,0.7582441768606738,2
2022-07-14 13:15:31.659,21.183568,-0.484475,22.170334,-1.652676,0.064286,0.068441,0.119933,0.981262,1.0,1344.0,22.4,0.004155000000000006,0.051491999999999996,0.055647,1.0755745404642714,0.08069057930204117,0.7095312791620914,2
2022-07-14 13:15:32.659,21.184749,-0.485263,22.171515,-1.644276,0.064391,0.068588,0.120153,0.717233,1.0,1345.0,22.416666666666668,0.004196999999999992,0.051565,0.05576199999999999,1.0777973210661613,0.08139083892487282,0.7243671588784077,2
2022-07-14 13:15:33.659,21.184356,-0.489857,22.168758,-1.642963,0.063897,0.068011,0.119731,0.868107,1.0,1346.0,22.433333333333337,0.0041140000000000065,0.05172,0.05583400000000001,1.0791889750082149,0.07954215889097284,0.6852005502054852,2
2022-07-14 13:15:34.659,21.180024,-0.486706,22.167971,-1.639551,0.064097,0.06789,0.119051,0.91054,1.0,1347.0,22.45,0.0037930000000000047,0.051161,0.054954,1.0621798712720105,0.07413705484539315,0.5706866315675223,2
2022-07-14 13:15:35.659,21.191575,-0.480144,22.170071,-1.647163,0.064506,0.068599,0.12042,1.066129,1.0,1348.0,22.466666666666665,0.004092999999999999,0.051821000000000006,0.055914000000000005,1.0807352571660516,0.07898189957932922,0.6733307529381807,2
2022-07-14 13:15:36.659,21.184093,-0.477912,22.170202,-1.636401,0.064176,0.067485,0.119391,0.820959,1.0,1349.0,22.483333333333334,0.0033090000000000064,0.051905999999999994,0.055215,1.0672246168119528,0.06374862735276565,0.3505947460764378,2
2022-07-14 13:15:37.659,21.18278,-0.4829,22.169809,-1.633382,0.064244,0.068546,0.120659,0.971833,1.0,1350.0,22.5,0.004302,0.05211300000000001,0.05641500000000001,1.0904188491795042,0.08254979468089188,0.7489210923514,2
2022-07-14 13:15:38.659,21.186587,-0.477125,22.165739,-1.636926,0.063897,0.068189,0.119896,0.952974,1.0,1351.0,22.516666666666666,0.004292000000000004,0.051707,0.05599900000000001,1.082378181958753,0.08300456409066302,0.7585559535400863,2
2022-07-14 13:15:39.659,21.185274,-0.479487,22.164164,-1.634301,0.064338,0.067921,0.119225,0.896396,1.0,1352.0,22.533333333333335,0.003582999999999989,0.051304,0.05488699999999999,1.060884859964822,0.06983724783159515,0.47958981892805364,2
2022-07-14 13:15:40.659,21.190394,-0.479619,22.165608,-1.633645,0.063987,0.068116,0.119602,0.726663,1.0,1353.0,22.55,0.004128999999999994,0.051486000000000004,0.055615,1.0749560276011365,0.08019500067978312,0.6990318235458053,2
2022-07-14 13:15:41.659,21.1963,-0.479094,22.164164,-1.635351,0.064317,0.068751,0.11974,0.905825,1.0,1354.0,22.566666666666663,0.004434000000000007,0.05098899999999999,0.055423,1.0712449504223283,0.08695822710335376,0.8423192707194198,2
2022-07-14 13:15:42.659,21.183699,-0.483425,22.161538,-1.637714,0.064769,0.068609,0.120346,0.981262,1.0,1355.0,22.583333333333332,0.00384000000000001,0.05173699999999999,0.055577,1.0742215435761642,0.07422010901078531,0.5724462383869395,2
2022-07-14 13:15:43.659,21.174248,-0.47765,22.160226,-1.639551,0.064417,0.068578,0.120061,0.835103,1.0,1356.0,22.6,0.004160999999999998,0.051483,0.055644,1.0755165548833523,0.08082122601196484,0.7122991938191185,2
2022-07-14 13:15:44.659,21.184881,-0.4724,22.157206,-1.635089,0.064674,0.068231,0.119859,1.221718,1.0,1357.0,22.616666666666667,0.0035570000000000046,0.05162799999999999,0.055185,1.066644761002764,0.06889538825078938,0.45963534062472045,2
2022-07-14 13:15:45.659,21.188031,-0.473844,22.154581,-1.635614,0.064197,0.067685,0.119538,1.042555,1.0,1358.0,22.633333333333333,0.003487999999999991,0.05185300000000001,0.055341,1.0696600112105457,0.06726578470320496,0.42511014249965773,2
2022-07-14 13:15:46.659,21.19105,-0.471218,22.1576,-1.632989,0.065126,0.068646,0.121256,0.882251,1.0,1359.0,22.65,0.0035199999999999954,0.052610000000000004,0.05613,1.0849102189922106,0.0669061603086806,0.41749104797205683,2
2022-07-14 13:15:47.659,21.18895,-0.472137,22.155894,-1.637057,0.064086,0.06821,0.120199,1.004836,1.0,1360.0,22.666666666666668,0.004124000000000003,0.051988999999999994,0.056112999999999996,1.0845816340336702,0.07932294672052324,0.6805562650188115,2
2022-07-14 13:15:48.659,21.18278,-0.472793,22.152218,-1.645063,0.064685,0.069029,0.121504,0.773811,1.0,1361.0,22.683333333333337,0.004343999999999987,0.05247500000000001,0.056818999999999995,1.0982275740765794,0.08278069974845617,0.7538131062510722,2
2022-07-14 13:15:49.659,21.177924,-0.463343,22.157206,-1.64362,0.064769,0.069176,0.121981,1.084988,1.0,1362.0,22.7,0.004407000000000008,0.052805000000000005,0.05721200000000001,1.105823685176953,0.08345642540620399,0.7681292030996054,2
2022-07-14 13:15:50.659,21.194331,-0.467806,22.155762,-1.643095,0.064538,0.069334,0.120888,0.934114,1.0,1363.0,22.716666666666665,0.004796000000000009,0.05155399999999999,0.05635,1.0891624949262617,0.0930268645136264,0.9708909771626264,2
2022-07-14 13:15:51.659,21.186324,-0.470168,22.151037,-1.649788,0.063992,0.068047,0.120732,0.816244,1.0,1364.0,22.733333333333334,0.004055000000000003,0.05268500000000001,0.05674000000000001,1.0967006204457161,0.07696541775803824,0.6306090526210351,2
2022-07-14 13:15:52.659,21.188556,-0.45783,22.158257,-1.647688,0.064359,0.067669,0.119749,0.853963,1.0,1365.0,22.75,0.0033100000000000074,0.05207999999999999,0.055389999999999995,1.0706071090322207,0.06355484725715728,0.34648927134088625,2
2022-07-14 13:15:53.659,21.18278,-0.465837,22.152743,-1.653988,0.064239,0.068336,0.120686,0.835103,1.0,1366.0,22.766666666666666,0.0040969999999999895,0.05235000000000001,0.056447,1.0910373620426388,0.07826020515367403,0.65804074999947,2
2022-07-14 13:15:54.659,21.190919,-0.465049,22.157863,-1.649788,0.063677,0.067428,0.119216,0.698374,1.0,1367.0,22.783333333333335,0.0037510000000000043,0.051788,0.055539000000000005,1.0734870595511918,0.07242850798432107,0.5344889201843417,2
2022-07-14 13:15:55.659,21.183305,-0.464656,22.158913,-1.65202,0.064307,0.06841,0.119685,1.066129,1.0,1368.0,22.8,0.0041029999999999955,0.051275,0.055378,1.070375166708545,0.08001794211716974,0.6952806154909217,2
2022-07-14 13:15:56.659,21.180943,-0.45678,22.156944,-1.650313,0.063913,0.068326,0.118959,0.905825,1.0,1369.0,22.816666666666663,0.004413,0.050633,0.055046,1.0639580957535226,0.08715487617016235,0.8464855282136055,2
2022-07-14 13:15:57.659,21.186718,-0.458355,22.158388,-1.654776,0.064653,0.068378,0.120337,0.816244,1.0,1370.0,22.833333333333332,0.003724999999999992,0.051959000000000005,0.055684,1.0762896959622708,0.07168976135488822,0.5188376448890721,2
2022-07-14 13:15:58.659,21.184749,-0.459143,22.161538,-1.656745,0.064464,0.068578,0.12042,0.905825,1.0,1371.0,22.85,0.0041140000000000065,0.051842,0.055956000000000006,1.081547055298916,0.07935497559940602,0.6812348370498988,2
2022-07-14 13:15:59.659,21.186587,-0.454287,22.160094,-1.662782,0.064611,0.068441,0.120493,1.084988,1.0,1372.0,22.866666666666667,0.00383,0.052052,0.055882,1.0801167443029167,0.07357885232359326,0.5588604099766219,2
2022-07-14 13:16:00.659,21.166373,-0.461899,22.157338,-1.666588,0.064522,0.068284,0.119161,0.934114,1.0,1373.0,22.883333333333333,0.0037620000000000015,0.050877000000000006,0.05463900000000001,1.0560913852755283,0.07394158575415702,0.5665453733380241,2
2022-07-14 13:16:01.659,21.186587,-0.450086,22.162326,-1.670657,0.064711,0.068604,0.11928,1.009551,1.0,1374.0,22.9,0.0038929999999999937,0.050676,0.05456899999999999,1.0547383883874208,0.07681985910768187,0.627525209774829,2
2022-07-14 13:16:02.659,21.179105,-0.452712,22.164689,-1.674463,0.065063,0.068688,0.119602,1.075559,1.0,1375.0,22.916666666666668,0.0036250000000000032,0.050914,0.054539000000000004,1.0541585325782323,0.07119709319453998,0.5083998510642205,2
2022-07-14 13:16:03.659,21.183437,-0.454155,22.163114,-1.669738,0.064412,0.068714,0.120291,1.089703,1.0,1376.0,22.933333333333337,0.004302,0.051577,0.055879,1.0800587587219979,0.0834076544263058,0.767095928628502,2
2022-07-14 13:16:04.659,21.185406,-0.450086,22.164689,-1.671182,0.064669,0.068504,0.120521,0.79267,1.0,1377.0,22.95,0.003834999999999991,0.05201700000000001,0.055852,1.079536888493728,0.07372447998769638,0.5619457149657421,2
2022-07-14 13:16:05.659,21.181337,-0.450611,22.165083,-1.677744,0.065105,0.06842,0.119694,1.084988,1.0,1378.0,22.966666666666665,0.0033149999999999985,0.051274,0.054589,1.0551249589268803,0.06465138956606531,0.36972089753836346,2
2022-07-14 13:16:06.659,21.180024,-0.449036,22.16587,-1.683126,0.063992,0.068646,0.119795,1.169855,1.0,1379.0,22.983333333333334,0.004654000000000005,0.051149,0.055803000000000005,1.078589790672053,0.09098729227761496,0.927680077405411,2
2022-07-14 13:16:07.659,21.184881,-0.447461,22.168102,-1.676694,0.064585,0.068089,0.119547,1.089703,1.0,1380.0,23.0,0.0035039999999999932,0.051458000000000004,0.054962,1.062334499487794,0.06809304494840539,0.44263668992824523,2
2022-07-14 13:16:08.659,21.184749,-0.442736,22.162851,-1.681026,0.064648,0.069029,0.120557,0.839818,1.0,1381.0,23.016666666666666,0.004380999999999996,0.051528000000000004,0.055909,1.0806386145311866,0.08502008577694105,0.8012573121909423,2
2022-07-14 13:16:09.659,21.17963,-0.446149,22.161932,-1.687326,0.065158,0.068735,0.120181,0.684229,1.0,1382.0,23.033333333333335,0.0035770000000000107,0.05144599999999999,0.055023,1.0635135396331445,0.06952786362664512,0.4730351259240415,2
2022-07-14 13:16:10.659,21.192888,-0.448511,22.167971,-1.690607,0.064984,0.069181,0.120686,0.929399,1.0,1383.0,23.05,0.004197000000000006,0.051504999999999995,0.055702,1.076637609447784,0.08148565215703038,0.7263758962979903,2
2022-07-14 13:16:11.659,21.189212,-0.438667,22.166133,-1.688769,0.0648,0.06863,0.120539,0.679515,1.0,1384.0,23.066666666666663,0.00383,0.051909,0.055739,1.0773527649457835,0.0737815449816991,0.5631547085438855,2
2022-07-14 13:16:12.659,21.184881,-0.443261,22.164164,-1.690213,0.064543,0.068866,0.120879,0.641796,1.0,1385.0,23.083333333333332,0.0043229999999999935,0.052013000000000004,0.056336,1.0888918955486402,0.0831122390125734,0.7608371820128439,2
2022-07-14 13:16:13.659,21.185537,-0.434992,22.167971,-1.691263,0.06501,0.068672,0.119868,0.929399,1.0,1386.0,23.1,0.0036619999999999986,0.051196000000000005,0.054858000000000004,1.0603243326826064,0.0715276285719866,0.5154026582258782,2
2022-07-14 13:16:14.659,21.178449,-0.435517,22.165214,-1.694544,0.064748,0.069507,0.120144,1.132136,1.0,1387.0,23.116666666666667,0.004758999999999999,0.050637,0.055396,1.0707230801940584,0.09398080492910461,0.9911014031234129,2
2022-07-14 13:16:15.659,21.195119,-0.43578,22.170596,-1.698876,0.0649,0.068562,0.119014,0.957688,1.0,1388.0,23.133333333333333,0.0036619999999999986,0.050452,0.054113999999999995,1.0459439086147244,0.07258240342496974,0.5377493884048579,2
2022-07-14 13:16:16.659,21.18278,-0.43368,22.166658,-1.700057,0.064512,0.068593,0.119528,0.981262,1.0,1389.0,23.15,0.004081000000000001,0.050934999999999994,0.055015999999999995,1.063378239944334,0.08012015077744623,0.6974460343447122,2
2022-07-14 13:16:17.659,21.178317,-0.436699,22.171515,-1.707669,0.064942,0.069076,0.119777,0.797385,1.0,1390.0,23.166666666666668,0.004133999999999999,0.050700999999999996,0.054834999999999995,1.059879776562228,0.08153524515798191,0.7274265863176617,2
2022-07-14 13:16:18.659,21.186062,-0.435649,22.171384,-1.712132,0.065415,0.068835,0.119161,0.938829,1.0,1391.0,23.183333333333337,0.0034199999999999925,0.05032600000000001,0.053746,1.0388310106886756,0.06795557056848196,0.4397241225059345,2
2022-07-14 13:16:19.659,21.194463,-0.432105,22.176504,-1.709244,0.065478,0.069827,0.119703,0.967118,1.0,1392.0,23.2,0.004349000000000006,0.049876000000000004,0.05422500000000001,1.0480893751087232,0.08719449846622702,0.8473249763258968,2
2022-07-14 13:16:20.659,21.196563,-0.42948,22.179523,-1.707932,0.065389,0.068609,0.119685,0.759666,1.0,1393.0,23.216666666666665,0.0032200000000000006,0.051075999999999996,0.054296,1.0494617005238032,0.06304207373181668,0.3356255201040206,2
2022-07-14 13:16:21.659,21.190394,-0.424754,22.174141,-1.716463,0.065026,0.068761,0.119721,0.990692,1.0,1394.0,23.233333333333334,0.003735000000000002,0.05095999999999999,0.054694999999999994,1.0571737827860137,0.07329134043680467,0.5527691095070071,2
2022-07-14 13:16:22.659,21.178711,-0.42843,22.175322,-1.718825,0.0649,0.06874,0.11917,0.905825,1.0,1395.0,23.25,0.003839999999999996,0.05043,0.05427,1.0489591588225062,0.07614364180761825,0.6131986968662761,2
2022-07-14 13:16:23.659,21.194594,-0.421342,22.176766,-1.718432,0.064695,0.068677,0.119225,0.825674,1.0,1396.0,23.266666666666666,0.003981999999999999,0.050547999999999996,0.054529999999999995,1.0539845758354756,0.07877504995153217,0.6689483837463766,2
2022-07-14 13:16:24.659,21.193675,-0.420948,22.175322,-1.718038,0.064979,0.069444,0.119685,1.033125,1.0,1397.0,23.283333333333335,0.004465000000000011,0.050240999999999994,0.054706000000000005,1.0573863965827166,0.08886986983002292,0.882819823127041,2
2022-07-14 13:16:25.659,21.190787,-0.419898,22.179129,-1.724732,0.065357,0.069895,0.120346,1.014266,1.0,1398.0,23.3,0.004538,0.050450999999999996,0.054988999999999996,1.062856369716064,0.08994688020296521,0.9056376407267257,2
2022-07-14 13:16:26.659,21.195775,-0.422392,22.17506,-1.726438,0.065263,0.069108,0.120071,1.009551,1.0,1399.0,23.316666666666663,0.003845000000000001,0.050962999999999994,0.054807999999999996,1.0593579063339582,0.07544541244800254,0.5984058308264337,2
2022-07-14 13:16:27.659,21.196432,-0.414385,22.178866,-1.731294,0.065357,0.069192,0.120116,0.830388,1.0,1400.0,23.333333333333332,0.003835000000000005,0.050924,0.054759,1.0584108085122834,0.07530682376043212,0.5954696553969228,2
2022-07-14 13:16:28.659,21.19735,-0.409266,22.180179,-1.733525,0.06541,0.069418,0.119308,1.056699,1.0,1401.0,23.35,0.004007999999999998,0.049890000000000004,0.053898,1.0417689467885654,0.08033513058467454,0.7020006516002077,2
2022-07-14 13:16:29.659,21.200894,-0.416617,22.180967,-1.736282,0.065635,0.069738,0.120806,0.990692,1.0,1402.0,23.366666666666667,0.0041029999999999955,0.051068,0.055171,1.0663741616251425,0.080342282010613,0.7021521635417276,2
2022-07-14 13:16:30.659,21.189606,-0.413335,22.17926,-1.739957,0.065052,0.068788,0.119437,0.721948,1.0,1403.0,23.383333333333333,0.003736000000000003,0.050649,0.054385,1.0511819394243966,0.073761105626851,0.5627216751372479,2
2022-07-14 13:16:31.659,21.195907,-0.406248,22.181623,-1.738775,0.064585,0.068824,0.119198,0.8021,1.0,1404.0,23.4,0.004238999999999993,0.050374,0.054612999999999995,1.055588843574231,0.08414888337468968,0.7827997949688272,2
2022-07-14 13:16:32.659,21.199057,-0.408479,22.181098,-1.739038,0.064092,0.068546,0.119483,0.924685,1.0,1405.0,23.416666666666668,0.004454,0.05093700000000001,0.05539100000000001,1.0706264375591938,0.08743963249440494,0.8525184486293798,2
2022-07-14 13:16:33.659,21.204307,-0.407166,22.179917,-1.749144,0.064506,0.068656,0.119023,0.962403,1.0,1406.0,23.433333333333337,0.004150000000000001,0.05036700000000001,0.05451700000000001,1.0537333049848274,0.082393583227446,0.7456115564905965,2
2022-07-14 13:16:34.659,21.188687,-0.40021,22.177816,-1.748619,0.065184,0.06978,0.119418,0.882251,1.0,1407.0,23.45,0.004595999999999989,0.049638,0.05423399999999999,1.0482633318514794,0.09258848888978402,0.9616034389213215,2
2022-07-14 13:16:35.659,21.185931,-0.404147,22.176766,-1.7498,0.0648,0.069302,0.119501,1.033125,1.0,1408.0,23.466666666666665,0.004502000000000006,0.050198999999999994,0.054701,1.0572897539478516,0.08968127490039854,0.9000104587610418,2
2022-07-14 13:16:36.659,21.192362,-0.398766,22.177685,-1.754394,0.064459,0.069239,0.120806,1.014266,1.0,1409.0,23.483333333333334,0.004779999999999993,0.051567,0.056346999999999994,1.0891045093453426,0.09269314303443982,0.9638206684334971,2
2022-07-14 13:16:37.659,21.186849,-0.398897,22.177554,-1.7582,0.065252,0.069549,0.120989,0.839818,1.0,1410.0,23.5,0.004296999999999995,0.05144,0.055736999999999995,1.0773141078918376,0.08353259073501672,0.7697428612629162,2
2022-07-14 13:16:38.659,21.193019,-0.397847,22.176241,-1.767256,0.064879,0.068646,0.120025,0.91997,1.0,1411.0,23.516666666666666,0.0037669999999999926,0.05137900000000001,0.055146,1.0658909484508186,0.07331646555079782,0.553301416606985,2
2022-07-14 13:16:39.659,21.196169,-0.388791,22.181754,-1.768438,0.064632,0.068089,0.119087,0.820959,1.0,1412.0,23.533333333333335,0.0034570000000000017,0.050998,0.054455,1.0525349363125038,0.0677856428557423,0.43612399046279315,2
