Time,Flow rate (Mean),TS outlet pressure (Mean),TS inlet pressure (Mean),Pump outlet pressure (Mean),Temperature TS outlet (Mean),Tank temperature (Mean),Temperature TS inlet (Mean),Bypass temperature (Mean),Differential pressure (Mean),Pump to inlet DP,Total system DP,Relative_DP,Pressure_Ratio,Relative_Ratio_Dev,Plug_Label,rel_tot_dp_change,rel_ts_dp_change,rel_p_ts_dp_change,anomaly_score,smooth_score,is_alert
2018-06-20 14:01:48,1.094418,0.068686,0.069533,0.165649,22.012878,-1.805975,-1.549735,24.067365,0.000847,0.096116,0.096963,1.1884249811556633,0.0088121768261597,0.5307055134602877,0.0,1.1884395472401132,0.5803357314148682,1.1992613480398282,-0.07600438741814419,,0
2018-06-20 14:01:49,0.575789,0.068554,0.069286,0.164491,22.017734,-1.814506,-1.544091,24.067102,0.0007319999999999,0.095205,0.095937,1.1758498336182963,0.0076885910551855,0.5905423299330756,0.0,1.1758642455738246,0.5015416238437137,1.1878945923689275,-0.08897192235688134,,0
2018-06-20 14:01:50,1.009551,0.068717,0.068977,0.162525,22.006577,-1.819362,-1.544616,24.067627,0.0002599999999999,0.093548,0.093808,1.1497557896543058,0.0027792921356721,0.8519881634828099,0.0,1.1497698817848103,0.17814319972586504,1.1672198238215268,-0.09656608767811903,-0.08718079915104819,1
2018-06-20 14:01:51,0.858677,0.068948,0.069586,0.161606,22.008021,-1.815818,-1.546716,24.065396,0.0006379999999999,0.09202,0.092658,1.1356608387108635,0.0069332000304278,0.6307708512273845,0.0,1.135674758084779,0.43713600548126075,1.1481546178224749,-0.09474291788024036,-0.09342697597174691,1
2018-06-20 14:01:52,0.66537,0.068056,0.068987,0.160366,22.021016,-1.818968,-1.540285,24.071172,0.000931,0.091379,0.09231,1.131395583990587,0.0101882249945283,0.4574237544389069,0.0,1.1314094510868564,0.6378896882494005,1.1401567139969564,-0.06688698779257818,-0.08606533111697919,1
2018-06-20 14:01:53,1.04727,0.068334,0.069349,0.159006,22.00894,-1.820018,-1.543697,24.071566,0.0010149999999999,0.089657,0.090672,1.1113194712554924,0.011320796805639,0.3971083843493375,0.0,1.1113330922862903,0.6954436450838645,1.1186709255608522,-0.05810354547778562,-0.07324448371686805,1
2018-06-20 14:01:54,1.018981,0.06699,0.068824,0.157904,22.015372,-1.820937,-1.538972,24.071434,0.001834,0.0890799999999999,0.090914,1.114285539193156,0.0205880041759747,0.0964188575925317,0.0,1.114299196577949,1.2565947242206235,1.1114715643949786,-0.03580576024473703,-0.05359876450503361,1
2018-06-20 14:01:55,0.971833,0.067888,0.068593,0.156728,22.01419,-1.829206,-1.530178,24.072485,0.0007049999999999,0.088135,0.08884,1.0888656015786344,0.0079990015430697,0.5740113486100824,0.0,1.0888789474006753,0.48304213771832827,1.0996805829361425,-0.09176928802071138,-0.06189286458107801,1
2018-06-20 14:01:56,0.971833,0.068229,0.068845,0.155708,22.020097,-1.829337,-1.526503,24.06999,0.000616,0.086863,0.087479,1.0721845335490474,0.0070915454043102,0.6223381322297938,0.0,1.072197674917421,0.4220623501199041,1.0838095475756753,-0.09557107074963422,-0.07438203967169421,1
2018-06-20 14:01:57,0.863392,0.067268,0.068247,0.154909,22.014322,-1.836031,-1.529916,24.066315,0.000979,0.0866619999999999,0.087641,1.0741700831602103,0.0112966317805754,0.3983952982700613,0.0,1.0741832488647296,0.6707776635834191,1.081301624535223,-0.06312166400865271,-0.08348734092633277,1
2018-06-20 14:01:58,1.254721,0.067447,0.069229,0.153797,22.011434,-1.8359,-1.520334,24.070384,0.001782,0.0845679999999999,0.08635,1.0583469686663112,0.0210715510411617,0.1221702561734339,0.0,1.0583599404327815,1.2209660842754368,1.0551743068899253,-0.031274200652951945,-0.0633223118037463,1
2018-06-20 14:01:59,0.5475,0.068245,0.069139,0.152713,22.006577,-1.83695,-1.518365,24.070515,0.000894,0.0835739999999999,0.0844679999999999,1.0352802750353902,0.0106969787615914,0.4303299565500296,0.0,1.0352929640819466,0.6125385405960947,1.0427719412072962,-0.029963722394072634,-0.04145319568522576,1
2018-06-20 14:02:00,1.023696,0.067525,0.069334,0.151482,22.008284,-1.844824,-1.521515,24.071303,0.001809,0.082148,0.083957,1.0290172142248697,0.0220209619106745,0.1727313485474073,0.0,1.029029826507412,1.2394655704008224,1.0249794125720568,0.0849054760003739,0.007889184317783108,0
2018-06-20 14:02:01,1.014266,0.068323,0.069255,0.150986,22.010121,-1.844431,-1.518628,24.069071,0.000932,0.081731,0.082663,1.013157330293727,0.0114031224000391,0.3927241160447816,0.0,1.0131697481875508,0.6385748544021926,1.0197764080552998,0.07548846917092977,0.04347674092574368,0
2018-06-20 14:02:02,1.000122,0.067693,0.069323,0.149819,22.01104,-1.845612,-1.509834,24.076291,0.0016299999999999,0.080496,0.082126,1.006575601027093,0.0202492018336086,0.0783758615841963,0.0,1.0065879382511016,1.1168208290509765,1.0043670301699406,0.19966580979313386,0.12001991832147918,0
2018-06-20 14:02:03,0.891681,0.068208,0.069969,0.149259,22.012353,-1.850074,-1.50629,24.072091,0.0017609999999999,0.07929,0.081051,0.9933998860147444,0.0222093301887982,0.1827629441572433,0.0,0.9934120617488983,1.2065775950667352,0.9893194919272336,0.17087076216347924,0.14867501370918096,0
2018-06-20 14:02:04,1.080273,0.068045,0.069003,0.148799,22.018653,-1.848893,-1.500252,24.073666,0.000958,0.0797959999999999,0.0807539999999999,0.9897597117276118,0.0120054638645563,0.3606462839848301,0.0,0.9897718428454977,0.6563891743747859,0.9956329698300596,0.12425980414921445,0.16493212536860918,0
2018-06-20 14:02:05,1.014266,0.067688,0.06925,0.147614,22.012353,-1.854143,-1.49894,24.068678,0.001562,0.0783639999999999,0.079926,0.9796113470483332,0.0199323677662222,0.0615027910698864,0.0,0.9796233537814765,1.0702295306611855,0.9777655778204772,0.16584337673523813,0.15365798101597727,0
2018-06-20 14:02:06,1.094418,0.06847,0.069292,0.146594,22.004739,-1.860574,-1.489095,24.067759,0.000822,0.077302,0.078124,0.957525171743913,0.0106334812361745,0.4337115317470451,0.0,0.9575369077749927,0.5632065775950669,0.964514760561975,0.06822046445103036,0.11944121511182765,0
2018-06-20 14:02:07,1.02841,0.067546,0.068903,0.145914,22.001327,-1.860049,-1.491721,24.063427,0.001357,0.0770109999999999,0.078368,0.960515752639739,0.017620630551083,0.061609301525997,0.0,0.9605275253252601,0.9297704693388147,0.9608838869063953,0.17960929823566824,0.1378910464739789,0
2018-06-20 14:02:08,0.552215,0.067079,0.069475,0.145308,22.011303,-1.855587,-1.483058,24.070778,0.0023959999999999,0.075833,0.0782289999999999,0.9588121020474446,0.031595326634491,0.6826163253977255,0.0,0.9588238538519508,1.6416581020896883,0.9461857110772847,0.005871054331796244,0.08456693900616495,0
2018-06-20 14:02:09,0.693659,0.067326,0.069754,0.144748,22.01524,-1.869499,-1.477939,24.066315,0.0024279999999999,0.0749939999999999,0.0774219999999999,0.9489211234288724,0.0323754916994466,0.7241641938526184,0.0,0.9489327540033201,1.663583418979034,0.9357173158984846,-0.03105701624783619,0.051474445439876094,0
2018-06-20 14:02:10,0.717233,0.068113,0.069386,0.14393,22.017734,-1.864118,-1.476758,24.065527,0.0012729999999999,0.074544,0.075817,0.9292494745034592,0.0170769333959352,0.090564017516346,0.0,0.9292608639697996,0.872216512504214,0.930102562822849,0.05839556232587473,0.011069866803278261,0
2018-06-20 14:02:11,0.839818,0.067756,0.069617,0.143709,22.011171,-1.869762,-1.469014,24.067365,0.001861,0.074092,0.075953,0.93091635565851,0.0251170825853994,0.3376159611662388,0.0,0.9309277655551946,1.275094210346009,0.9244628552890981,-0.009292960554670993,0.006015195174455849,0
2018-06-20 14:02:12,0.8021,0.067856,0.069596,0.142791,22.011565,-1.870943,-1.465863,24.064608,0.00174,0.073195,0.074935,0.9184392599537928,0.0237717908082409,0.265972140772905,0.0,0.9184505169233408,1.1921891058581706,0.913270780824995,-0.015280888708025464,0.011273904354392758,0
2018-06-20 14:02:13,0.948259,0.067982,0.070074,0.142092,22.011828,-1.875143,-1.463895,24.061851,0.0020919999999999,0.072018,0.07411,0.908327664711758,0.0290478901401018,0.5469520139329407,0.0,0.9083387977472314,1.4333675916409045,0.8985850822249402,-0.039945237961521496,-0.02150636240807265,1
2018-06-20 14:02:14,0.66537,0.067636,0.069213,0.14122,22.005527,-1.880655,-1.463501,24.058307,0.0015769999999999,0.072007,0.073584,0.9018807567150186,0.021900344406177,0.1663078358379435,0.0,0.9018918107331302,1.0805070229529978,0.8984478327053135,-0.019084018459128882,-0.02477004837622528,1
2018-06-20 14:02:15,1.160425,0.067819,0.069549,0.14121,22.017734,-1.888268,-1.459038,24.062508,0.0017299999999999,0.071661,0.073391,0.8995152562523363,0.0241411068627723,0.2856401514814157,0.0,0.8995262812773858,1.1853374443301816,0.8941307114516015,-0.029135454203564892,-0.029388236874738422,1
2018-06-20 14:02:16,1.014266,0.067646,0.069507,0.140301,22.014059,-1.882887,-1.449325,24.055025,0.001861,0.070794,0.072655,0.8904944876485332,0.0262871671728229,0.3999290827133288,0.0,0.8905054021093658,1.275094210346009,0.8833129538592076,-0.038704393888836286,-0.028974622183843352,1
2018-06-20 14:02:17,0.533356,0.067373,0.069292,0.140108,22.00999,-1.884199,-1.446832,24.059226,0.001919,0.070816,0.072735,0.8914750059750336,0.0270980131889236,0.4431108722184036,0.0,0.8914859324537158,1.314833847207948,0.8835874528984611,-0.03973060778036075,-0.035856818624253974,1
2018-06-20 14:02:18,0.863392,0.067531,0.069475,0.139603,22.00999,-1.890237,-1.440269,24.059882,0.001944,0.070128,0.072072,0.883348960344162,0.0277203439376007,0.4762532381649538,1.0,0.8833597872249151,1.3319630010277494,0.8750031193072648,-0.04118893719094241,-0.039874646286713146,1
2018-06-20 14:02:19,0.797385,0.06835,0.070006,0.138886,22.014715,-1.889974,-1.434756,24.060407,0.001656,0.06888,0.070536,0.8645230084753553,0.0240414628126769,0.2803335848692436,1.0,0.8645336046133952,1.1346351490236384,0.859431537444165,-0.039886827053514096,-0.04026879067493908,1
2018-06-20 14:02:20,0.717233,0.067772,0.069208,0.138638,22.007627,-1.894043,-1.432787,24.062114,0.001436,0.06943,0.070866,0.8685676465721692,0.0206824041134364,0.1014461477904522,1.0,0.8685782922838389,0.9838985954093868,0.8662940134254992,-0.02333561496331793,-0.03480379306925815,1
2018-06-20 14:02:21,0.957688,0.067882,0.069365,0.138344,22.00684,-1.901393,-1.431081,24.057388,0.0014829999999999,0.068979,0.070462,0.8636160290233423,0.0214989852131052,0.144933360478862,1.0,0.8636266140448714,1.0161014045905448,0.8606667831208051,-0.03170462816361286,-0.03164235672681496,1
2018-06-20 14:02:22,1.089703,0.067594,0.069964,0.137765,22.017341,-1.896405,-1.421368,24.063689,0.0023699999999999,0.067801,0.070171,0.8600493936106973,0.0349547210996725,0.8615216437682744,1.0,0.8600599349172983,1.623843782117095,0.8459686072916933,-0.06821086569890378,-0.041083702941944855,1
2018-06-20 14:02:23,1.018981,0.067888,0.070158,0.137196,22.013271,-1.902574,-1.423206,24.059882,0.0022699999999999,0.067038,0.069308,0.849472052163575,0.0338608869464042,0.8032692564814266,1.0,0.8494824638276226,1.5553271668378899,0.8364484815212244,-0.0699071448796108,-0.056607546247375816,1
2018-06-20 14:02:24,1.160425,0.067048,0.069465,0.136865,22.014453,-1.901524,-1.412968,24.067627,0.002417,0.0673999999999999,0.0698169999999999,0.8557106000159332,0.0358600020771205,0.9097325886762856,1.0,0.8557210881435484,1.65604659129839,0.8409652384398467,-0.0780378939241182,-0.07205196816754426,1
2018-06-20 14:02:25,0.787955,0.068208,0.070231,0.13636,22.005002,-1.91163,-1.405355,24.063558,0.0020229999999999,0.066129,0.068152,0.835303562345645,0.0305912596401027,0.6291445086288983,1.0,0.8353138003517653,1.3860911270982528,0.8251066803084376,-0.07636836661919444,-0.07477113514097448,1
2018-06-20 14:02:26,0.778526,0.067825,0.069475,0.136534,22.011696,-1.913074,-1.403911,24.066971,0.0016499999999999,0.067059,0.0687089999999999,0.8421304211939035,0.0246048314941842,0.3103359124820608,1.0,0.8421407428743007,1.1305241521068174,0.8367105033314207,-0.06652216121235122,-0.07364280725188795,1
2018-06-20 14:02:27,0.934114,0.067552,0.069885,0.136277,22.010777,-1.914649,-1.39328,24.060801,0.002333,0.066392,0.068725,0.8423265248592037,0.035139246607323,0.8713485917602024,1.0,0.842336848943172,1.5984926344638577,0.8283881915504212,-0.0807561743203774,-0.07454890071730769,1
2018-06-20 14:02:28,0.905825,0.067714,0.069685,0.135569,22.007496,-1.916618,-1.395905,24.068809,0.001971,0.065884,0.067855,0.8316633880585124,0.0299157623131213,0.5931707444298382,1.0,0.8316735814483658,1.3504624871531348,0.8220497591894798,-0.07734120586561433,-0.07487318046611431,1
2018-06-20 14:02:29,0.853963,0.067462,0.070242,0.135422,22.014453,-1.919374,-1.391967,24.070253,0.00278,0.0651799999999999,0.0679599999999999,0.8329503183620439,0.0426504656264863,1.2713602735981464,1.0,0.8329605275253239,1.9047619047619049,0.8132657899333711,-0.11060045109848271,-0.08956594376149148,1
2018-06-20 14:02:30,1.03784,0.06731,0.070195,0.13522,22.018784,-1.922918,-1.38593,24.071566,0.0028849999999999,0.065025,0.06791,0.8323374944079814,0.0443668686371604,1.3627677073661966,1.0,0.8323476960601064,1.9767043508050017,0.8113318194295417,-0.1107695837051692,-0.09957041355642209,1
2018-06-20 14:02:31,0.849248,0.067741,0.0701,0.134651,22.006183,-1.922261,-1.381598,24.069071,0.002359,0.064551,0.06691,0.820081015326727,0.036544181435122,0.9461687164173024,2.0,0.8200910667557314,1.616306954436451,0.8054176128565373,-0.08729054727595964,-0.10288686069320385,1
2018-06-20 14:02:32,0.618222,0.068182,0.070384,0.134513,22.008809,-1.921868,-1.374248,24.065921,0.0022019999999999,0.0641289999999999,0.0663309999999999,0.8129845139386805,0.034336503976298,0.8285983498753506,2.0,0.8129944783884971,1.50873586844803,0.8001522221944943,-0.07876934187808526,-0.09227649095307137,1
2018-06-20 14:02:33,1.02841,0.067042,0.069591,0.134366,22.008809,-1.928955,-1.369392,24.064477,0.0025489999999999,0.064775,0.067324,0.8251551976663664,0.0393509941953809,1.0956461700730775,2.0,0.8251653112877426,1.7464885234668723,0.8082125121652989,-0.10369875421761543,-0.08991954779055344,1
2018-06-20 14:02:34,1.051984,0.067021,0.069806,0.134173,22.006708,-1.932499,-1.369654,24.064739,0.002785,0.0643669999999999,0.0671519999999999,0.8230470832643905,0.0432668406661696,1.3041854669040047,2.0,0.8230571710473891,1.9081877355258654,0.8031218027100535,-0.11060045109848271,-0.09768951573139446,1
2018-06-20 14:02:35,0.943544,0.067168,0.070205,0.133613,22.015503,-1.935518,-1.359941,24.063427,0.0030369999999999,0.063408,0.066445,0.8143817525539437,0.0478954091690453,1.550680938093672,2.0,0.8143917341291971,2.080849606029394,0.7911561400444196,-0.11110796337285878,-0.1084690562296523,1
2018-06-20 14:02:36,0.853963,0.066743,0.06988,0.132969,22.006052,-1.934205,-1.349966,24.066315,0.003137,0.063089,0.066226,0.8116975836351491,0.0497226184815343,1.64798938673482,2.0,0.8117075323115388,2.1493662213086675,0.7871759039752458,-0.11110796337285878,-0.11093879261473343,1
2018-06-20 14:02:37,0.891681,0.06699,0.06967,0.132464,22.010909,-1.937355,-1.351016,24.067102,0.00268,0.062794,0.065474,0.8024807113660458,0.0426785572099689,1.2728562972829458,2.0,0.802490547074649,1.8362452894826997,0.7834951214034394,-0.10907997290519067,-0.11043196655030274,1
2018-06-20 14:02:38,1.000122,0.067147,0.070604,0.132501,22.007627,-1.944442,-1.342484,24.070122,0.003457,0.061897,0.065354,0.8010099338762954,0.0558499466864842,1.9743016476583648,2.0,0.8010197515581239,2.368619390202124,0.7723030469393363,-0.11110796337285878,-0.11043196655030274,1
2018-06-20 14:02:39,0.853963,0.067237,0.070536,0.132574,22.014584,-1.949299,-1.339991,24.068153,0.0032989999999999,0.0620379999999999,0.0653369999999999,0.8008015737319139,0.0531762278566707,1.8319121416212183,2.0,0.8008113888599483,2.2603631380609115,0.774062336236368,-0.11110796337285878,-0.11043196655030274,1
2018-06-20 14:02:40,1.075559,0.067846,0.07103,0.132042,22.009859,-1.945624,-1.336053,24.07301,0.0031839999999999,0.061012,0.0641959999999999,0.7868169311002027,0.0521855997902085,1.7791560180239103,2.0,0.7868265748236565,2.1815690304898254,0.7612606992239169,-0.11110796337285878,-0.11110796337285878,1
2018-06-20 14:02:41,1.146281,0.066738,0.069502,0.132473,22.003427,-1.949824,-1.326996,24.069203,0.0027639999999999,0.062971,0.065735,0.8056796524062532,0.0438925236613096,1.337506357500429,2.0,0.8056895273230908,1.8937992463171633,0.7857035909465232,-0.11043135663176418,-0.11088242779249391,1
2018-06-20 14:02:42,0.835103,0.067205,0.070011,0.131885,22.005133,-1.957436,-1.327653,24.06789,0.002806,0.061874,0.06468,0.7927490669755298,0.045349494949495,1.4150976957225918,2.0,0.7927587834069751,1.9225762247344982,0.772016070671026,-0.11060045109848271,-0.11071325703436856,1
2018-06-20 14:02:43,0.688944,0.067195,0.069958,0.131683,22.008546,-1.956124,-1.314133,24.073797,0.002763,0.0617249999999999,0.0644879999999999,0.7903958229919289,0.044762336778667,1.3838284534306866,2.0,0.790405510580534,1.89311408016444,0.770156963541536,-0.11043135663176418,-0.11048772145400369,1
2018-06-20 14:02:44,1.150995,0.067504,0.070646,0.131279,22.006971,-1.95573,-1.31374,24.066971,0.003142,0.060633,0.063775,0.7816569534069948,0.0518191113896494,1.7596385946725597,2.0,0.7816665338865157,2.152792052072628,0.7565318294113249,-0.11110796337285878,-0.11071325703436856,1
2018-06-20 14:02:45,1.009551,0.067048,0.069822,0.131279,22.010909,-1.959405,-1.311508,24.070384,0.0027739999999999,0.061457,0.064231,0.7872459078680468,0.0451365159946629,1.4037554529120593,2.0,0.7872555568493107,1.900650907845084,0.766813066154269,-0.11043135663176418,-0.11065689221212904,1
2018-06-20 14:02:46,0.929399,0.067625,0.070625,0.130893,21.99962,-1.965705,-1.305471,24.070515,0.0029999999999999,0.060268,0.063268,0.7754429185127988,0.0497768338615206,1.65087663916009,2.0,0.7754524228291977,2.055498458376088,0.7519776408055305,-0.11110796337285878,-0.11088242779249391,1
2018-06-20 14:02:47,0.703089,0.06679,0.069937,0.130921,22.008284,-1.965049,-1.297595,24.074454,0.0031469999999999,0.060984,0.064131,0.7860202599599213,0.0516028531606132,1.7481217133664244,2.0,0.7860298939188732,2.1562178828365193,0.7609113368103217,-0.11110796337285878,-0.11088242779249391,1
2018-06-20 14:02:48,0.830388,0.067531,0.071051,0.130866,22.012484,-1.968986,-1.29602,24.073141,0.00352,0.059815,0.063335,0.776264102611243,0.058847131202354,2.133917392574465,2.0,0.7762736169925908,2.4117848578280237,0.7463254560427226,-0.11110796337285878,-0.11110796337285878,1
2018-06-20 14:02:49,1.023696,0.067893,0.070951,0.131114,22.000145,-1.971742,-1.292477,24.066183,0.003058,0.060163,0.063221,0.7748668639959799,0.0508277375174523,1.7068427530207568,2.0,0.7748763612518921,2.0952380952380953,0.7506675317545485,-0.11110796337285878,-0.11110796337285878,1
2018-06-20 14:02:50,0.886966,0.067111,0.071066,0.130342,22.008415,-1.971217,-1.285126,24.073666,0.003955,0.059276,0.063231,0.7749894287867924,0.0667206505052549,2.5532234586473175,2.0,0.7749989275449357,2.7098321342925664,0.7396002295810152,-0.11110796337285878,-0.11110796337285878,1
2018-06-20 14:02:51,0.896396,0.066848,0.070452,0.130379,22.006315,-1.973842,-1.276595,24.072878,0.0036039999999999,0.0599269999999999,0.0635309999999999,0.7786663725111685,0.0601388332665865,2.2027072805845127,2.0,0.778675916336247,2.4693388146624873,0.7477229056971021,-0.11110796337285878,-0.11110796337285878,1
2018-06-20 14:02:52,0.924685,0.067016,0.06988,0.130075,22.008415,-1.976073,-1.274495,24.075635,0.0028639999999999,0.060195,0.0630589999999999,0.7728813143848164,0.0475779121536313,1.5337725621309586,2.0,0.7728907873045822,1.962315861596369,0.7510668030843716,-0.11060045109848271,-0.11093879261473343,1
2018-06-20 14:02:53,0.886966,0.066964,0.070646,0.129974,22.006971,-1.977517,-1.270688,24.07616,0.003682,0.059328,0.06301,0.7722807469098353,0.0620607122992129,2.3050573867615016,2.0,0.7722902124686689,2.522781774580336,0.7402490454919777,-0.11110796337285878,-0.11093879261473343,1
2018-06-20 14:02:54,0.740807,0.066601,0.070814,0.129745,22.004083,-1.97883,-1.262813,24.079967,0.004213,0.058931,0.063144,0.7739231151067233,0.0714891739632119,2.8071722628872933,2.0,0.7739326007954552,2.8866050017129155,0.7352955855563602,-0.11110796337285878,-0.11093879261473343,1
2018-06-20 14:02:55,0.853963,0.067132,0.070032,0.129524,22.014847,-1.980142,-1.257563,24.075898,0.0029,0.059492,0.062392,0.76470624283762,0.048745230531323,1.5959383685479316,2.0,0.7647156155585652,1.986981843096951,0.7422953110573209,-0.1107695837051692,-0.11099517015029559,1
2018-06-20 14:02:56,0.787955,0.06742,0.071187,0.129589,22.012221,-1.982505,-1.254282,24.077998,0.003767,0.058402,0.062169,0.7619730480025004,0.0645001112956527,2.43496813663448,2.0,0.7619823872236896,2.5810208975676603,0.7286951313852226,-0.11110796337285878,-0.11099517015029559,1
2018-06-20 14:02:57,0.825674,0.067132,0.071108,0.130057,22.003558,-1.991561,-1.245094,24.076423,0.003976,0.058949,0.062925,0.7712389461879287,0.0674469889737066,2.5919047794299614,2.0,0.771248398977797,2.7242206235011994,0.7355201756793857,-0.11110796337285878,-0.11099517015029559,1
2018-06-20 14:02:58,0.599363,0.067268,0.071198,0.12912,22.012615,-1.990511,-1.242469,24.073797,0.00393,0.057922,0.061852,0.7580877441337428,0.0678486956821988,2.613297761802007,2.0,0.7580970357342026,2.6927029804727654,0.7227060614378764,-0.11110796337285878,-0.11110796337285878,1
2018-06-20 14:02:59,0.901111,0.067352,0.071129,0.12934,22.010909,-1.991298,-1.239975,24.082724,0.003777,0.058211,0.061988,0.7597546252887933,0.0648835291692434,2.455387142932988,2.0,0.7597639373195977,2.587872559095581,0.7263119806353411,-0.11110796337285878,-0.11110796337285878,1
2018-06-20 14:03:00,0.938829,0.066223,0.070478,0.128964,22.005264,-1.989723,-1.231968,24.075373,0.0042549999999999,0.0584859999999999,0.0627409999999999,0.7689837540369776,0.072751209670525,2.874382262294028,2.0,0.7689931791857907,2.9153819801301135,0.7297432186260069,-0.11110796337285878,-0.11110796337285878,1
2018-06-20 14:03:01,0.717233,0.066628,0.070557,0.129359,22.009727,-1.992086,-1.227506,24.078129,0.0039289999999999,0.058802,0.062731,0.7688611892461651,0.0668163188952942,2.5583183005765298,2.0,0.7688706128927483,2.692017814319904,0.7336860230080109,-0.11110796337285878,-0.11110796337285878,1
2018-06-20 14:03:02,0.924685,0.067237,0.071177,0.129193,22.00684,-1.992873,-1.225012,24.071566,0.0039399999999999,0.058016,0.061956,0.759362417958193,0.0679111294965268,2.616622688822402,2.0,0.7593717251818576,2.699554642000617,0.7238789209692317,-0.11110796337285878,-0.11110796337285878,1
2018-06-20 14:03:03,0.957688,0.06731,0.071759,0.129276,22.006708,-1.994055,-1.21228,24.065921,0.004449,0.057517,0.061966,0.7594849827490057,0.0773496992245907,3.1192758722051614,2.0,0.7594942914749014,3.0483042137718397,0.7176527836698031,-0.11110796337285878,-0.11110796337285878,1
2018-06-20 14:03:04,0.759666,0.066874,0.071087,0.129166,22.016422,-1.999698,-1.205324,24.067627,0.0042129999999999,0.058079,0.062292,0.7634805949294945,0.0725378787878786,2.8630212774874857,2.0,0.7634899526281277,2.886605001712847,0.7246649863998209,-0.11110796337285878,-0.11110796337285878,1
2018-06-20 14:03:05,0.886966,0.067,0.070988,0.129065,22.013928,-1.999567,-1.206374,24.06894,0.0039879999999999,0.058077,0.062065,0.7606983741780499,0.0686662763869277,2.6568382086858615,2.0,0.7607076977760345,2.7324426173346352,0.7246400319417069,-0.11110796337285878,-0.11110796337285878,1
2018-06-20 14:03:06,0.79267,0.067126,0.07083,0.128927,22.010515,-2.000617,-1.199811,24.064214,0.0037039999999999,0.058097,0.061801,0.7574626637005988,0.0637543461048572,2.3952522413230537,2.0,0.7574719476396795,2.5378554299416924,0.7248895765228464,-0.11110796337285878,-0.11110796337285878,1
2018-06-20 14:03:07,0.797385,0.066654,0.070452,0.1289,22.006183,-2.009017,-1.193642,24.062639,0.0037979999999999,0.0584479999999999,0.0622459999999999,0.7629167968917566,0.0649797259149001,2.460510122561098,2.0,0.7629261476801251,2.6022610483041455,0.729269083921842,-0.11110796337285878,-0.11110796337285878,1
2018-06-20 14:03:08,0.754952,0.067063,0.070898,0.128477,22.003033,-2.003242,-1.184192,24.063033,0.003835,0.057579,0.061414,0.7527194062961533,0.0666029871483154,2.5469572697397656,2.0,0.7527286320988864,2.62761219595752,0.7184263718713353,-0.11110796337285878,-0.11110796337285878,1
2018-06-20 14:03:09,0.844533,0.066916,0.070772,0.128688,22.015765,-2.009936,-1.181435,24.060539,0.0038559999999999,0.0579159999999999,0.0617719999999999,0.7571072258072422,0.066578034083257,2.5456283885694035,2.0,0.7571165053898514,2.6420006851660847,0.7226311980635334,-0.11110796337285878,-0.11110796337285878,1
2018-06-20 14:03:10,0.787955,0.066402,0.071213,0.128541,22.01314,-2.011248,-1.174479,24.061064,0.0048109999999999,0.0573279999999999,0.0621389999999999,0.7616053536300624,0.0839191334228749,3.4691325886282858,2.0,0.7616146883445571,3.2963343610824944,0.7152945873780344,-0.11110796337285878,-0.11110796337285878,1
2018-06-20 14:03:11,0.8021,0.066418,0.070326,0.127825,22.011565,-2.013348,-1.168704,24.060276,0.0039079999999999,0.0574989999999999,0.0614069999999999,0.7526336109425843,0.0679652173913042,2.619503151993797,2.0,0.7526428356937546,2.6776293251112713,0.7174281935467763,-0.11110796337285878,-0.11110796337285878,1
2018-06-20 14:03:12,0.990692,0.06625,0.070189,0.128027,22.016422,-2.012692,-1.164766,24.057126,0.0039389999999999,0.057838,0.061777,0.7571685082026485,0.0681028371859817,2.6268321255442535,2.0,0.7571777885363745,2.698869475847825,0.7216579741970909,-0.11110796337285878,-0.11110796337285878,1
2018-06-20 14:03:13,1.353732,0.067163,0.071145,0.128018,22.012615,-2.013348,-1.163191,24.053056,0.0039819999999999,0.0568729999999999,0.0608549999999999,0.7458680344897319,0.070014417835918,2.728633789002478,2.0,0.7458771763177395,2.7283316204178827,0.7096174481571126,-0.11110796337285878,-0.11110796337285878,1
2018-06-20 14:03:14,0.877537,0.067027,0.07083,0.128008,22.011828,-2.021092,-1.149803,24.057913,0.003803,0.057178,0.060981,0.7474123508539702,0.066510432151664,2.5420282322854493,2.0,0.7474215116100921,2.605686879068174,0.71342300301949,-0.11110796337285878,-0.11110796337285878,1
2018-06-20 14:03:15,0.698374,0.067405,0.071339,0.128275,22.012353,-2.022404,-1.150853,24.055682,0.0039339999999999,0.056936,0.0608699999999999,0.7460518816759508,0.0690939108137062,2.6796119776081966,2.0,0.7460610257573053,2.6954436450838646,0.710403513587703,-0.11110796337285878,-0.11110796337285878,1
2018-06-20 14:03:16,0.877537,0.066675,0.070405,0.127769,22.011303,-2.021748,-1.141928,24.052137,0.0037299999999999,0.057364,0.0610939999999999,0.7487973329901518,0.0650222260960515,2.4627734794007043,2.0,0.7488065107214852,2.555669749914286,0.7157437676240865,-0.11110796337285878,-0.11110796337285878,1
2018-06-20 14:03:17,1.004836,0.066554,0.070342,0.12799,22.014715,-2.027261,-1.134315,24.055156,0.0037879999999999,0.0576479999999999,0.0614359999999999,0.7529890488359406,0.0657079914655935,2.4992940705480065,2.0,0.7529982779435814,2.595409386776225,0.7192873006762651,-0.11110796337285878,-0.11110796337285878,1
2018-06-20 14:03:18,0.849248,0.066969,0.071124,0.127916,22.017341,-2.019911,-1.134971,24.051875,0.004155,0.0567919999999999,0.060947,0.7469956305652075,0.0731604247002272,2.896175102024429,2.0,0.7470047862137433,2.8468653648509767,0.7086067926034979,-0.11110796337285878,-0.11110796337285878,1
2018-06-20 14:03:19,0.580504,0.066916,0.070725,0.127402,22.008677,-2.026473,-1.129327,24.047936,0.0038089999999999,0.0566769999999999,0.0604859999999999,0.741345393708749,0.0672042062175799,2.578975328384566,2.0,0.7413544801044252,2.6097978759848584,0.7071719112619462,-0.11110796337285878,-0.11110796337285878,1
2018-06-20 14:03:20,0.844533,0.066664,0.070735,0.127237,22.016816,-2.026736,-1.122371,24.048068,0.004071,0.0565019999999999,0.0605729999999999,0.7424117073888182,0.0720492717200857,2.8370003966628015,2.0,0.7424208068539058,2.7893114080164443,0.7049883961769763,-0.11110796337285878,-0.11110796337285878,1
2018-06-20 14:03:21,0.868107,0.06688,0.072027,0.127595,22.011303,-2.034348,-1.116858,24.044655,0.0051469999999999,0.0555679999999999,0.0607149999999999,0.7441521274183563,0.0926235850924076,3.932690147384543,2.0,0.7441612482151271,3.526550188420624,0.6933346642377654,-0.11110796337285878,-0.11110796337285878,1
2018-06-20 14:03:22,0.731378,0.067347,0.07229,0.127365,22.011171,-2.039336,-1.106358,24.044392,0.0049429999999999,0.055075,0.060018,0.7356093614987222,0.089748710872249,3.779588065160038,2.0,0.735618377589979,3.386776293251045,0.6871833903126798,-0.11110796337285878,-0.11110796337285878,1
2018-06-20 14:03:23,0.759666,0.066323,0.071145,0.127567,22.013928,-2.039729,-1.101633,24.040979,0.004822,0.056422,0.061244,0.7506358048523403,0.0854616025379722,3.5512771331208626,2.0,0.7506450051171426,3.3038711887632752,0.7039902178524199,-0.11110796337285878,-0.11110796337285878,1
2018-06-20 14:03:24,1.113277,0.067258,0.071093,0.12709,22.01209,-2.033167,-1.098614,24.045311,0.003835,0.055997,0.059832,0.733329656389609,0.068484588735312,2.6471623913642577,2.0,0.7333386445393651,2.62761219595752,0.6986873955032071,-0.11110796337285878,-0.11110796337285878,1
2018-06-20 14:03:25,0.981262,0.066234,0.070609,0.127016,22.018653,-2.035923,-1.097301,24.044261,0.004375,0.0564069999999999,0.0607819999999999,0.7449733115168004,0.0775599205786414,3.1304712583571996,2.0,0.7449824423785202,2.9976019184652283,0.7038030594165641,-0.11110796337285878,-0.11110796337285878,1
2018-06-20 14:03:26,1.103847,0.066953,0.070762,0.127558,22.009334,-2.045767,-1.091132,24.033759,0.003809,0.056796,0.060605,0.7428039147194185,0.0670634012359809,2.5714767269782053,2.0,0.742813018991647,2.6097978759849263,0.708656701519727,-0.11110796337285878,-0.11110796337285878,1
2018-06-20 14:03:27,0.91997,0.066785,0.07093,0.126685,22.011171,-2.045242,-1.084307,24.041242,0.004145,0.0557549999999999,0.0598999999999999,0.7341630969671341,0.0743417748762467,2.9590881750613716,2.0,0.7341720953320614,2.840013703323056,0.6956679060714189,-0.11110796337285878,-0.11110796337285878,1
2018-06-20 14:03:28,0.886966,0.066649,0.070935,0.126548,22.013665,-2.045635,-1.075776,24.037435,0.0042859999999999,0.0556129999999999,0.0598989999999999,0.7341508404880528,0.0770669255942747,3.104216698034695,2.0,0.734159838702757,2.936622130866667,0.693896139545329,-0.11110796337285878,-0.11110796337285878,1
2018-06-20 14:03:29,0.759666,0.067142,0.071423,0.12697,22.020228,-2.051673,-1.070788,24.035465,0.004281,0.055547,0.059828,0.733280630473284,0.0770684813134587,3.1042995482146267,2.0,0.7332896180221476,2.933196300102775,0.6930726424275702,-0.11110796337285878,-0.11110796337285878,1
2018-06-20 14:03:30,1.051984,0.066517,0.070662,0.126492,22.011828,-2.055085,-1.062388,24.033234,0.0041449999999999,0.0558299999999999,0.0599749999999999,0.7350823328982281,0.0742419086170764,2.9537697746542433,2.0,0.7350913425298896,2.8400137033229873,0.6966036982506918,-0.11110796337285878,-0.11110796337285878,1
2018-06-20 14:03:31,0.985977,0.066276,0.070195,0.127025,22.017866,-2.05456,-1.060288,24.03901,0.0039189999999999,0.05683,0.060749,0.7445688477071191,0.0689588428850449,2.6724189042644,2.0,0.744577973611477,2.6851661527919837,0.709080927307664,-0.11110796337285878,-0.11110796337285878,1
2018-06-20 14:03:32,1.004836,0.066229,0.070525,0.126851,22.009465,-2.052329,-1.053462,24.037828,0.004296,0.0563259999999999,0.0606219999999999,0.7430122748637997,0.0762689296429777,3.0617192416612617,2.0,0.7430213816898201,2.943473792394656,0.7027924038629494,-0.11110796337285878,-0.11110796337285878,1
2018-06-20 14:03:33,0.55693,0.066244,0.070567,0.126603,22.006315,-2.053642,-1.044143,24.036778,0.004323,0.0560359999999999,0.0603589999999999,0.7397888208654299,0.0771454574656032,3.108398930751891,2.0,0.7397978881827696,2.961973278520041,0.6991740074364278,-0.11110796337285878,-0.11110796337285878,1
2018-06-20 14:03:34,0.934114,0.067179,0.071639,0.126639,22.013009,-2.061385,-1.043093,24.037435,0.0044599999999999,0.055,0.05946,0.7287702461713822,0.08108943473755,3.318436339813867,2.0,0.7287791784381377,3.0558410414524837,0.6862475981334071,-0.11110796337285878,-0.11110796337285878,1
2018-06-20 14:03:35,0.740807,0.066271,0.070641,0.127034,22.017078,-2.053642,-1.039287,24.036778,0.0043699999999999,0.056393,0.060763,0.7447404384142567,0.0774905131751604,3.1267749512561025,2.0,0.7447495664217383,2.994176087701199,0.7036283782097676,-0.11110796337285878,-0.11110796337285878,1
2018-06-20 14:03:36,0.764381,0.066187,0.071282,0.12663,22.018391,-2.061385,-1.030755,24.038091,0.005095,0.0553479999999999,0.060443,0.7408183651082553,0.0920522502664908,3.902263580934478,2.0,0.7408274450443383,3.4909215484755056,0.6905896738452317,-0.11110796337285878,-0.11110796337285878,1
2018-06-20 14:03:37,1.000122,0.066397,0.070814,0.126511,22.016159,-2.056267,-1.028262,24.038485,0.004417,0.055697,0.060114,0.7367859834905228,0.0793026679593522,3.223281667559525,2.0,0.7367950140031989,3.0263788968824943,0.6949442267861159,-0.11110796337285878,-0.11110796337285878,1
2018-06-20 14:03:38,1.009551,0.065982,0.070919,0.126244,22.016947,-2.059154,-1.02288,24.043211,0.0049369999999999,0.055325,0.0602619999999999,0.7385999423945482,0.0892347178541733,3.7522152497636494,2.0,0.7386089951402451,3.382665296334293,0.6903026975769226,-0.11110796337285878,-0.11110796337285878,1
2018-06-20 14:03:39,0.948259,0.065898,0.070678,0.126786,22.016816,-2.059285,-1.011724,24.040716,0.00478,0.056108,0.060888,0.7462724982994136,0.0851913240300131,3.536883389541088,2.0,0.7462816450847851,3.2750942103460097,0.7000723679285309,-0.11110796337285878,-0.11110796337285878,1
2018-06-20 14:03:40,0.971833,0.066449,0.070778,0.126639,22.018916,-2.067423,-1.002011,24.040191,0.0043289999999999,0.055861,0.06019,0.737717475900698,0.0774945401167161,3.1269894069470183,2.0,0.7377265178303314,2.966084275436725,0.6969904923514592,-0.11110796337285878,-0.11110796337285878,1
2018-06-20 14:03:41,1.056699,0.066565,0.071009,0.126575,22.024297,-2.074379,-1.000961,24.050956,0.004444,0.0555659999999999,0.0600099999999999,0.735511309666072,0.0799755250418414,3.259114824936028,2.0,0.7355203245555426,3.04487838300788,0.6933097097796515,-0.11110796337285878,-0.11110796337285878,1
2018-06-20 14:03:42,1.000122,0.066449,0.070636,0.126474,22.016028,-2.067029,-1.000304,24.041373,0.004187,0.055838,0.060025,0.735695156852291,0.0749834345170939,2.993259905568498,2.0,0.7357041739951096,2.868790681740322,0.6967035160831487,-0.11110796337285878,-0.11110796337285878,1
2018-06-20 14:03:43,0.745522,0.065546,0.070893,0.126566,22.022854,-2.074248,-0.98731,24.039535,0.005347,0.055673,0.06102,0.7478903535381393,0.0960412400761576,4.1146981429580745,2.0,0.7478995201529627,3.663583418979103,0.6946447732887485,-0.11110796337285878,-0.11110796337285878,1
2018-06-20 14:03:44,0.773811,0.06584,0.070195,0.126355,22.032042,-2.074773,-0.989935,24.048199,0.0043549999999999,0.05616,0.060515,0.7417008316021055,0.0775449155107636,3.129672160045387,2.0,0.7417099223542533,2.9838985954093182,0.7007211838394934,-0.11110796337285878,-0.11110796337285878,1
2018-06-20 14:03:45,0.929399,0.065677,0.070562,0.126079,22.022328,-2.077135,-0.983898,24.047936,0.004885,0.055517,0.060402,0.7403158494659238,0.087989480889081,3.6858998712049154,2.0,0.7403249232428589,3.3470366563891742,0.6926983255558611,-0.11110796337285878,-0.11110796337285878,1
2018-06-20 14:03:46,1.056699,0.065536,0.070294,0.126006,22.027316,-2.072673,-0.976416,24.048987,0.0047579999999999,0.055712,0.06047,0.7411492900434492,0.085401970814711,3.548101432099267,2.0,0.7411583740355564,3.2600205549845156,0.6951313852219704,-0.11110796337285878,-0.11110796337285878,1
2018-06-20 14:03:47,0.641796,0.06595,0.071292,0.12663,22.02036,-2.08081,-0.969985,24.038879,0.0053419999999999,0.055338,0.06068,0.7437231506505125,0.0965322828385044,4.140848737251699,2.0,0.7437322661894751,3.660157588215074,0.6904649015546632,-0.11110796337285878,-0.11110796337285878,1
2018-06-20 14:03:48,0.91997,0.065772,0.070473,0.126437,22.019835,-2.080416,-0.965522,24.043867,0.0047009999999999,0.055964,0.060665,0.7435393034642936,0.0839989279013668,3.473382061777918,2.0,0.7435484167499095,3.2209660842753682,0.6982756469443271,-0.11110796337285878,-0.11110796337285878,1
2018-06-20 14:03:49,1.316014,0.065457,0.071366,0.126364,22.031123,-2.080548,-0.958041,24.051087,0.0059089999999999,0.054998,0.060907,0.7465053714019573,0.1074383170603101,4.721652076911557,2.0,0.7465145210415683,4.048646796848168,0.6862226436752931,-0.11110796337285878,-0.11110796337285878,1
2018-06-20 14:03:50,1.051984,0.064748,0.069953,0.126244,22.022722,-2.086979,-0.952265,24.049774,0.005205,0.0562909999999999,0.0614959999999999,0.753724437580816,0.0924642933276487,3.924207028124995,2.0,0.7537336757018439,3.566289825282632,0.7023557008459553,-0.11110796337285878,-0.11110796337285878,1
2018-06-20 14:03:51,0.750237,0.065746,0.070457,0.126437,22.023247,-2.079891,-0.94544,24.055025,0.004711,0.0559799999999999,0.0606909999999999,0.7438579719204063,0.0841535520980334,3.4816166086342433,2.0,0.743867089111822,3.2278177458033577,0.6984752826092374,-0.11110796337285878,-0.11110796337285878,1
2018-06-20 14:03:52,0.990692,0.065798,0.070982,0.126051,22.027841,-2.085798,-0.941896,24.057651,0.005184,0.0550689999999999,0.060253,0.738489634082817,0.0941347376066825,4.0131669191584125,2.0,0.738498685476507,3.5519013360739984,0.6871085269383368,-0.11110796337285878,-0.11110796337285878,1
2018-06-20 14:03:53,0.670085,0.065509,0.071066,0.126198,22.023247,-2.091179,-0.934677,24.053844,0.005557,0.055132,0.060689,0.743833458962244,0.100792628734152,4.367734429518361,2.0,0.7438425758532146,3.807468311065434,0.6878945923689272,-0.11110796337285878,-0.11110796337285878,1
2018-06-20 14:03:54,0.717233,0.066192,0.070841,0.126226,22.025741,-2.08711,-0.934284,24.057126,0.004649,0.055385,0.060034,0.7358054651640223,0.0839381793232947,3.470146882398657,2.0,0.7358144836588488,3.1853374443302505,0.6910513313203409,-0.11110796337285878,-0.11110796337285878,1
2018-06-20 14:03:55,0.962403,0.065919,0.071402,0.126318,22.019178,-2.090523,-0.922208,24.059751,0.0054829999999999,0.054916,0.060399,0.7402790800286801,0.0998415791102934,4.317086064907977,2.0,0.7402881533549458,3.7567660157587537,0.6851995108926214,-0.11110796337285878,-0.11110796337285878,1
2018-06-20 14:03:56,0.542785,0.06573,0.070867,0.126272,22.024429,-2.09026,-0.918796,24.060407,0.005137,0.0554049999999999,0.060542,0.7420317565372995,0.0927155903692741,3.937589909386349,2.0,0.7420408513454714,3.519698526892772,0.691300875901479,-0.11110796337285878,-0.11110796337285878,1
2018-06-20 14:03:57,1.183999,0.065441,0.070163,0.126345,22.027448,-2.091704,-0.919321,24.063033,0.004722,0.056182,0.060904,0.7464686019647137,0.084046775715074,3.4759302080088332,2.0,0.7464777511536551,3.23535457348407,0.7009956828787468,-0.11110796337285878,-0.11110796337285878,1
2018-06-20 14:03:58,0.575789,0.065893,0.071171,0.126235,22.030729,-2.090916,-0.910264,24.06579,0.005278,0.055064,0.060342,0.7395804607210489,0.0958503586670299,4.104532709983482,2.0,0.7395895254845964,3.616306954436451,0.6870461407930533,-0.11110796337285878,-0.11110796337285878,1
2018-06-20 14:03:59,0.78324,0.065877,0.071838,0.126088,22.017341,-2.093935,-0.905276,24.059095,0.0059609999999999,0.05425,0.060211,0.7379748619614043,0.1098781589279459,4.851586411991076,2.0,0.7379839070457233,4.084275436793354,0.6768896763406788,-0.11110796337285878,-0.11110796337285878,1
2018-06-20 14:04:00,0.995407,0.065683,0.070756,0.126042,22.028498,-2.094591,-0.898976,24.070515,0.0050729999999999,0.0552859999999999,0.0603589999999999,0.7397888208654296,0.0917575560258287,3.886569571941471,2.0,0.7397978881827696,3.4758478931140115,0.6898160856436995,-0.11110796337285878,-0.11110796337285878,1
2018-06-20 14:04:01,0.787955,0.064879,0.071161,0.126318,22.031254,-2.092623,-0.890051,24.068809,0.0062819999999999,0.055157,0.061439,0.7530258182731847,0.1138910040248013,5.065291392774225,2.0,0.7530350478314958,4.304213771839603,0.6882065230953515,-0.11110796337285878,-0.11110796337285878,1
2018-06-20 14:04:02,0.985977,0.064974,0.070893,0.126051,22.032173,-2.093541,-0.887163,24.075241,0.0059189999999999,0.055158,0.0610769999999999,0.7485889728457704,0.1073079642488078,4.71471010820737,2.0,0.7485981480233108,4.055498458376088,0.6882190003244084,-0.11110796337285878,-0.11110796337285878,1
2018-06-20 14:04:03,0.717233,0.066255,0.071203,0.12584,22.023247,-2.092491,-0.886376,24.068153,0.004948,0.054637,0.059585,0.7303023060565392,0.0905596837365937,3.822776609997277,2.0,0.7303112571011845,3.390202124015074,0.6817183639857265,-0.11110796337285878,-0.11110796337285878,1
2018-06-20 14:04:04,0.764381,0.065404,0.071969,0.126061,22.023772,-2.09446,-0.881913,24.069728,0.006565,0.054092,0.060657,0.7434412516316438,0.1213650564768084,5.463323760602241,2.0,0.7434503637154746,4.498115793079822,0.6749182741496773,-0.11110796337285878,-0.11110796337285878,1
2018-06-20 14:04:05,0.891681,0.065856,0.072615,0.126125,22.022066,-2.094329,-0.873775,24.069728,0.006759,0.0535099999999999,0.0602689999999999,0.7386857377481169,0.1263104782194315,5.726693323334679,2.0,0.7386947915453758,4.63103802672148,0.667656526838519,-0.11110796337285878,-0.11110796337285878,1
2018-06-20 14:04:06,0.797385,0.065956,0.072017,0.125987,22.018784,-2.098135,-0.867869,24.073666,0.0060609999999999,0.0539699999999999,0.0600309999999999,0.7357686957267783,0.1123010505641918,4.980618058632341,2.0,0.7357777137709345,4.152792052072559,0.6733960522047256,-0.11110796337285878,-0.11110796337285878,1
2018-06-20 14:04:07,0.985977,0.065709,0.071035,0.126153,22.025347,-2.097479,-0.862094,24.074716,0.0053259999999999,0.0551179999999999,0.0604439999999999,0.7408306215873364,0.0966272973022006,4.145908754184379,2.0,0.7408397016736414,3.649194929770401,0.6877199111621284,-0.11110796337285878,-0.11110796337285878,1
2018-06-20 14:04:08,1.009551,0.06479,0.070132,0.126116,22.029679,-2.093804,-0.85225,24.075766,0.0053419999999999,0.055984,0.061326,0.7516408361370029,0.0954184156470483,4.081529485947517,2.0,0.7516500487201014,3.660157588215074,0.6985251915254665,-0.11110796337285878,-0.11110796337285878,1
2018-06-20 14:04:09,0.995407,0.065284,0.071439,0.126033,22.025873,-2.089079,-0.848181,24.075241,0.006155,0.054594,0.060749,0.7445688477071193,0.1127392618371647,5.003955099910862,2.0,0.744577973611477,4.21719767043508,0.6811818431362767,-0.11110796337285878,-0.11110796337285878,1
2018-06-20 14:04:10,0.820959,0.064737,0.071276,0.126189,22.030073,-2.094723,-0.849625,24.074979,0.006539,0.0549129999999999,0.0614519999999999,0.7531851525012407,0.1190771023782642,5.341478243304485,2.0,0.7531943840124514,4.480301473107229,0.6851620792054494,-0.11110796337285878,-0.11110796337285878,1
2018-06-20 14:04:11,0.679515,0.065373,0.071219,0.126198,22.033748,-2.088554,-0.846606,24.077079,0.005846,0.054979,0.060825,0.7455003401172945,0.1063295743906875,4.6626057331862985,2.0,0.7455094774386095,4.005481329222336,0.6859855763232107,-0.11110796337285878,-0.11110796337285878,1
2018-06-20 14:04:12,0.863392,0.065452,0.07178,0.125987,22.025873,-2.091179,-0.841224,24.075898,0.006328,0.0542069999999999,0.0605349999999999,0.7419459611837306,0.1167355371900826,5.2167776552018035,2.0,0.7419550549403395,4.335731414868106,0.6763531554912278,-0.11110796337285878,-0.11110796337285878,1
2018-06-20 14:04:13,0.825674,0.065084,0.070357,0.125831,22.027316,-2.091179,-0.836237,24.074585,0.005273,0.0554739999999999,0.0607469999999999,0.7445443347489565,0.0950518251464623,4.06200662523595,2.0,0.7445534603528671,3.6128811236724907,0.6921618047064101,-0.11110796337285878,-0.11110796337285878,1
2018-06-20 14:04:14,0.938829,0.064968,0.070394,0.125932,22.022854,-2.081598,-0.835449,24.07301,0.005426,0.0555379999999999,0.0609639999999999,0.7472039907095887,0.0976971137398945,4.2028820725509455,2.0,0.7472131489119165,3.717711545049675,0.6929603473660563,-0.11110796337285878,-0.11110796337285878,1
2018-06-20 14:04:15,1.15571,0.065268,0.071586,0.125822,22.028235,-2.088685,-0.830199,24.076029,0.0063179999999999,0.0542359999999999,0.0605539999999999,0.7421788342862743,0.1164887438464515,5.203634619404227,2.0,0.7421879308971226,4.328879753340117,0.67671499513388,-0.11110796337285878,-0.11110796337285878,1
2018-06-20 14:04:16,0.816244,0.064827,0.071203,0.126309,22.020885,-2.089866,-0.82193,24.07406,0.006376,0.055106,0.061482,0.7535528468736786,0.115702179396447,5.16174595023914,2.0,0.7535620828915839,4.368619390202125,0.687570184413446,-0.11110796337285878,-0.11110796337285878,1
2018-06-20 14:04:17,0.882251,0.064953,0.070946,0.12607,22.030992,-2.092491,-0.809461,24.078129,0.0059929999999999,0.0551239999999999,0.0611169999999999,0.7490792320090206,0.1087165532879818,4.789724838724606,2.0,0.7490884131954858,4.1062007536827005,0.6877947745364702,-0.11110796337285878,-0.11110796337285878,1
2018-06-20 14:04:18,0.698374,0.064921,0.071114,0.125831,22.021935,-2.094329,-0.808279,24.075635,0.0061929999999999,0.054717,0.0609099999999999,0.7465421408392009,0.1131803062977446,5.027443023241519,2.0,0.7465512909294802,4.24323398424111,0.6827165423102842,-0.11110796337285878,-0.11110796337285878,1
2018-06-20 14:04:19,0.750237,0.065352,0.070977,0.125721,22.022066,-2.088948,-0.809329,24.070909,0.005625,0.054744,0.060369,0.7399113856562425,0.1027491095077176,4.471927259300173,2.0,0.7399204544758146,3.8540596094552932,0.6830534274948225,-0.11110796337285878,-0.11110796337285878,1
2018-06-20 14:04:20,0.990692,0.065971,0.071849,0.12596,22.024954,-2.085798,-0.806179,24.076029,0.0058779999999999,0.0541109999999999,0.0599889999999999,0.7352539236053657,0.1086265523358958,4.784931817496082,2.0,0.7352629353401507,4.027406646111614,0.6751553415017586,-0.11110796337285878,-0.11110796337285878,1
2018-06-20 14:04:21,1.061414,0.06501,0.071471,0.126401,22.019441,-2.092098,-0.800535,24.075898,0.006461,0.05493,0.061391,0.7524375072772845,0.1176202872694836,5.263895222452143,2.0,0.7524467296248858,4.4268585131894485,0.6853741920994191,-0.11110796337285878,-0.11110796337285878,1
2018-06-20 14:04:22,0.938829,0.066092,0.071964,0.1263,22.023247,-2.089998,-0.785704,24.079705,0.005872,0.0543359999999999,0.060208,0.7379380925241604,0.108066326812301,4.755096879474711,2.0,0.7379471371578101,4.02329564919493,0.677962718039577,-0.11110796337285878,-0.11110796337285878,1
2018-06-20 14:04:23,0.754952,0.065158,0.071276,0.126033,22.023379,-2.084879,-0.786229,24.079705,0.006118,0.054757,0.060875,0.7461131640713573,0.1117279666897989,4.950098346206803,2.0,0.7461223089038282,4.191846522781775,0.6832156314725631,-0.11110796337285878,-0.11110796337285878,1
2018-06-20 14:04:24,1.094418,0.065226,0.071245,0.126024,22.027054,-2.088816,-0.779141,24.07721,0.0060189999999999,0.0547789999999999,0.0607979999999999,0.7451694151821004,0.1098758671047827,4.851464360425858,2.0,0.7451785484473902,4.124015073655293,0.6834901305118152,-0.11110796337285878,-0.11110796337285878,1
2018-06-20 14:04:25,0.915255,0.065026,0.070688,0.125748,22.023247,-2.084616,-0.772841,24.082593,0.005662,0.05506,0.060722,0.7442379227719252,0.1028314051688127,4.476309933499744,2.0,0.7442470446202589,3.8794107571085994,0.6869962318768252,-0.11110796337285878,-0.11110796337285878,1
2018-06-20 14:04:26,0.943544,0.064916,0.070799,0.125656,22.032304,-2.080416,-0.769822,24.080886,0.0058829999999999,0.0548569999999999,0.0607399999999999,0.7444585393953876,0.107240511867002,4.711117916231438,2.0,0.7444676639477364,4.030832476875574,0.6844633543782589,-0.11110796337285878,-0.11110796337285878,1
2018-06-20 14:04:27,0.981262,0.06542,0.07146,0.125583,22.022854,-2.086716,-0.765097,24.081017,0.0060399999999999,0.054123,0.0601629999999999,0.737386550965504,0.111595595299682,4.943048877638143,2.0,0.737395588839112,4.138403562863926,0.6753050682504435,-0.11110796337285878,-0.11110796337285878,1
2018-06-20 14:04:28,1.042555,0.064963,0.071166,0.125629,22.024691,-2.086454,-0.767066,24.080886,0.0062029999999999,0.054463,0.0606659999999999,0.7435515599433747,0.1138917450058751,5.065330853890296,2.0,0.7435606733792127,4.250085645769031,0.6795473261298136,-0.11110796337285878,-0.11110796337285878,1
2018-06-20 14:04:29,0.825674,0.065693,0.071906,0.125509,22.021147,-2.083435,-0.760765,24.080098,0.0062129999999999,0.053603,0.059816,0.7331335527243089,0.1159055294381015,5.17257540308248,2.0,0.7331425384704952,4.256937307296951,0.6688169091408185,-0.11110796337285878,-0.11110796337285878,1
2018-06-20 14:04:30,0.778526,0.065294,0.072043,0.12539,22.018259,-2.083829,-0.75709,24.079967,0.0067489999999999,0.053347,0.060096,0.73656536686706,0.1265089600359899,5.7372635177403,2.0,0.7365743946757202,4.624186365193491,0.6656227385022339,-0.11110796337285878,-0.11110796337285878,1
2018-06-20 14:04:31,0.703089,0.065504,0.071885,0.12607,22.02456,-2.080023,-0.753284,24.082068,0.0063809999999999,0.0541849999999999,0.0605659999999999,0.7423259120352493,0.1177610452884508,5.271391322852836,2.0,0.7423350104487751,4.372045220966016,0.6760786564519744,-0.11110796337285878,-0.11110796337285878,1
2018-06-20 14:04:32,0.712518,0.064695,0.071576,0.126051,22.023247,-2.079104,-0.745146,24.083774,0.0068809999999999,0.0544749999999999,0.0613559999999999,0.7520085305094404,0.1263125045891768,5.726801238117589,2.0,0.7520177475992313,4.714628297362043,0.679697052878496,-0.11110796337285878,-0.11110796337285878,1
2018-06-20 14:04:33,0.608793,0.065761,0.07251,0.125712,22.015897,-2.083698,-0.742521,24.083249,0.006749,0.0532019999999999,0.0599509999999999,0.734788177400278,0.1268537488487492,5.755625324594674,2.0,0.7347971834265845,4.62418636519356,0.6638135402889719,-0.11110796337285878,-0.11110796337285878,1
2018-06-20 14:04:34,1.004836,0.065992,0.071885,0.125904,22.023641,-2.082123,-0.73819,24.087056,0.005893,0.0540189999999999,0.0599119999999999,0.7343101747161092,0.109089226212514,4.809571620310562,2.0,0.734319174883714,4.037684138403563,0.6740074364285172,-0.11110796337285878,-0.11110796337285878,1
2018-06-20 14:04:35,0.853963,0.065247,0.07114,0.125904,22.026004,-2.077529,-0.730577,24.088106,0.0058929999999999,0.0547639999999999,0.0606569999999999,0.7434412516316435,0.1076052223135213,4.730540654234926,2.0,0.7434503637154732,4.0376841384034945,0.6833029720759607,-0.11110796337285878,-0.11110796337285878,1
2018-06-20 14:04:36,0.967118,0.065478,0.071177,0.125362,22.021803,-2.078316,-0.734515,24.087712,0.005699,0.054185,0.059884,0.7339669933018341,0.1051747683903593,4.601106276279326,2.0,0.7339759892631926,3.904761904761905,0.6760786564519756,-0.11110796337285878,-0.11110796337285878,1
2018-06-20 14:04:37,0.750237,0.065026,0.071618,0.1255,22.026529,-2.076216,-0.723489,24.091782,0.006592,0.053882,0.060474,0.7411983159597741,0.1223391422155411,5.515198918763745,2.0,0.7412074005527739,4.516615279205207,0.6722980560477134,-0.11110796337285878,-0.11110796337285878,1
2018-06-20 14:04:38,0.934114,0.065068,0.071187,0.125647,22.025347,-2.076348,-0.724539,24.094538,0.0061189999999999,0.05446,0.060579,0.7424852462633059,0.1123556306347661,4.983524732738043,2.0,0.7424943466297333,4.192531688934499,0.6795098944426428,-0.11110796337285878,-0.11110796337285878,1
2018-06-20 14:04:39,0.901111,0.064837,0.071397,0.125849,22.027841,-2.074642,-0.715876,24.094538,0.0065599999999999,0.0544519999999999,0.0610119999999999,0.7477923017054887,0.1204708647824729,5.415703377995353,2.0,0.7478014671185265,4.494689962315793,0.6794100766101857,-0.11110796337285878,-0.11110796337285878,1
2018-06-20 14:04:40,0.703089,0.06489,0.070447,0.126125,22.025216,-2.070704,-0.705376,24.093488,0.0055569999999999,0.0556779999999999,0.0612349999999999,0.7505254965406085,0.0998042349898524,4.31509729525737,2.0,0.750534695453402,3.807468311065365,0.6947071594340322,-0.11110796337285878,-0.11110796337285878,1
2018-06-20 14:04:41,0.948259,0.065404,0.071964,0.12562,22.020622,-2.067948,-0.707607,24.086268,0.0065599999999999,0.053656,0.060216,0.7380361443568106,0.1222580464804218,5.5108801468956665,2.0,0.7380451901922451,4.494689962315793,0.669478202280838,-0.11110796337285878,-0.11110796337285878,1
2018-06-20 14:04:42,0.79267,0.064548,0.071749,0.125638,22.022722,-2.07241,-0.70682,24.092569,0.0072009999999999,0.053889,0.06109,0.7487483070738269,0.1336240489886806,6.116179202548735,2.0,0.7487574842042689,4.9338814662554995,0.6723853966511122,-0.11110796337285878,-0.11110796337285878,1
2018-06-20 14:04:43,0.825674,0.065515,0.071775,0.125519,22.027841,-2.071623,-0.695532,24.091388,0.00626,0.0537439999999999,0.0600039999999999,0.7354377707915845,0.1164759512512792,5.202953346830909,2.0,0.7354467847797164,4.289140116478246,0.6705761984378502,-0.11110796337285878,-0.11110796337285878,1
2018-06-20 14:04:44,0.915255,0.064669,0.071528,0.126033,22.023772,-2.067554,-0.691988,24.091257,0.0068589999999999,0.054505,0.061364,0.7521065823420905,0.1258393571349941,5.701603662541359,2.0,0.7521158006336677,4.699554642000617,0.6800713697502063,-0.11110796337285878,-0.11110796337285878,1
2018-06-20 14:04:45,1.117992,0.065121,0.070956,0.125528,22.024954,-2.065454,-0.692382,24.092832,0.005835,0.0545719999999999,0.060407,0.7403771318613301,0.1069210048925294,4.694102499440675,2.0,0.7403862063893808,3.997944501541624,0.6809073440970221,-0.11110796337285878,-0.11110796337285878,1
2018-06-20 14:04:46,0.929399,0.065672,0.071817,0.125693,22.018128,-2.072148,-0.687525,24.087844,0.006145,0.0538759999999999,0.060021,0.735646130935966,0.1140560907251705,5.074083122651261,2.0,0.735655147477892,4.210346008907161,0.6722231926733704,-0.11110796337285878,-0.11110796337285878,1
2018-06-20 14:04:47,0.769096,0.065252,0.07262,0.12595,22.02246,-2.068079,-0.678469,24.091913,0.0073679999999999,0.05333,0.060698,0.7439437672739752,0.1381560443269393,6.357531647832714,2.0,0.7439528855169539,5.048304213771772,0.6654106256082655,-0.11110796337285878,-0.11110796337285878,1
2018-06-20 14:04:48,0.78324,0.065383,0.071765,0.125546,22.02771,-2.070442,-0.677944,24.092176,0.0063819999999999,0.0537809999999999,0.0601629999999999,0.737386550965504,0.1186642371053512,5.319491009039436,2.0,0.737395588839112,4.372730387118808,0.6710378559129581,-0.11110796337285878,-0.11110796337285878,1
2018-06-20 14:04:49,0.962403,0.064622,0.071287,0.125776,22.029023,-2.068342,-0.673481,24.092832,0.006665,0.0544889999999999,0.061154,0.749532721735027,0.1223160212883098,5.513967608511199,2.0,0.7495419084797489,4.566632408359028,0.6798717340852936,-0.11110796337285878,-0.11110796337285878,1
2018-06-20 14:04:50,1.000122,0.065467,0.071833,0.126171,22.029417,-2.065454,-0.668887,24.094801,0.0063659999999999,0.054338,0.060704,0.7440173061484627,0.1171534257163362,5.23903240396908,2.0,0.7440264252927802,4.361767728674136,0.6779876724976922,-0.11110796337285878,-0.11110796337285878,1
2018-06-20 14:04:51,0.981262,0.065016,0.07167,0.125748,22.022591,-2.060467,-0.6618,24.093094,0.0066539999999999,0.054078,0.0607319999999999,0.7443604875627376,0.1230422160173078,5.552641274416458,2.0,0.7443696109133014,4.559095580678246,0.6747435929428798,-0.11110796337285878,-0.11110796337285878,1
2018-06-20 14:04:52,0.78324,0.06552,0.072442,0.125656,22.015897,-2.064535,-0.660225,24.094013,0.006922,0.0532139999999999,0.0601359999999999,0.7370556260303102,0.1300761063609887,5.927232708784309,2.0,0.7370646598478939,4.742720109626585,0.6639632670376555,-0.11110796337285878,-0.11110796337285878,1
2018-06-20 14:04:53,0.882251,0.065635,0.072269,0.125969,22.021541,-2.067029,-0.657993,24.102152,0.006634,0.0537,0.060334,0.7394824088883986,0.1235358745647194,5.578931172940251,2.0,0.7394914724501613,4.545392257622474,0.6700272003593447,-0.11110796337285878,-0.11110796337285878,1
2018-06-20 14:04:54,0.618222,0.065478,0.072337,0.125757,22.021672,-2.051542,-0.652874,24.095457,0.006859,0.05342,0.060279,0.7388083025389297,0.12839520038936,5.837715677925909,2.0,0.7388173578384207,4.6995546420006855,0.6665335762233928,-0.11110796337285878,-0.11110796337285878,1
2018-06-20 14:04:55,0.985977,0.06479,0.071329,0.125666,22.026923,-2.054429,-0.648018,24.092569,0.006539,0.0543369999999999,0.060876,0.7461254205504384,0.12033935735581,5.408699919997469,2.0,0.7461345655331326,4.480301473107229,0.677975195268634,-0.11110796337285878,-0.11110796337285878,1
2018-06-20 14:04:56,0.670085,0.065021,0.072153,0.126116,22.019835,-2.059548,-0.648149,24.091125,0.0071319999999999,0.053963,0.061095,0.7488095894692333,0.1321621821955377,6.038327153093616,2.0,0.7488187673507908,4.886605001712847,0.6733087116013281,-0.11110796337285878,-0.11110796337285878,1
2018-06-20 14:04:57,0.820959,0.064312,0.071177,0.12584,22.027973,-2.046685,-0.643818,24.091519,0.006865,0.054663,0.061528,0.7541166449114164,0.1255853944094835,5.68807881967678,2.0,0.7541258878395851,4.703665638917438,0.6820427719412079,-0.11110796337285878,-0.11110796337285878,1
2018-06-20 14:04:58,0.938829,0.064821,0.071345,0.125546,22.016028,-2.058498,-0.641718,24.092701,0.006524,0.0542009999999999,0.0607249999999999,0.7442746922091689,0.120364562193277,5.410042209364872,2.0,0.7442838145081708,4.470023980815348,0.676278292116886,-0.11110796337285878,-0.11110796337285878,1
2018-06-20 14:04:59,0.868107,0.064664,0.071266,0.125509,22.017866,-2.049967,-0.63463,24.087712,0.0066019999999999,0.054243,0.060845,0.7457454696989196,0.1217093134724577,5.481657245415131,2.0,0.7457546100246971,4.523466940733059,0.67680233573728,-0.11110796337285878,-0.11110796337285878,1
2018-06-20 14:05:00,0.839818,0.064727,0.071607,0.125344,22.022985,-2.050623,-0.635155,24.090075,0.0068799999999999,0.053737,0.060617,0.7429509924683936,0.1280285831255349,5.818191391931938,2.0,0.7429600985432995,4.71394313120925,0.6704888578344527,-0.11110796337285878,-0.11110796337285878,1
2018-06-20 14:05:01,0.981262,0.065105,0.071875,0.125684,22.009202,-2.052985,-0.624392,24.076685,0.0067699999999999,0.0538089999999999,0.0605789999999999,0.7424852462633058,0.1258130459022486,5.7002024518410845,2.0,0.742494346629732,4.638574854402124,0.6713872183265532,-0.11110796337285878,-0.11110796337285878,1
2018-06-20 14:05:02,0.816244,0.064753,0.071717,0.125482,22.025085,-2.050229,-0.623473,24.079705,0.0069639999999999,0.053765,0.060729,0.744323718125494,0.1295242346464307,5.897842654768323,2.0,0.7443328410253895,4.771497088043782,0.6708382202480478,-0.11110796337285878,-0.11110796337285878,1
2018-06-20 14:05:03,0.943544,0.065116,0.072211,0.125803,22.016947,-2.043273,-0.617173,24.07616,0.007095,0.053592,0.060687,0.7438089460040814,0.1323866922919038,6.050283489476286,2.0,0.7438180625946058,4.861253854059609,0.6686796596211918,-0.11110796337285878,-0.11110796337285878,1
2018-06-20 14:05:04,0.976548,0.064774,0.072263,0.125886,22.022197,-2.048917,-0.613104,24.071434,0.0074889999999999,0.053623,0.061112,0.7490179496136145,0.1396576159928389,6.4374981893413965,2.0,0.7490271300489652,5.13120931825961,0.6690664537219579,-0.11110796337285878,-0.11110796337285878,1
2018-06-20 14:05:05,0.934114,0.064869,0.071828,0.1255,22.013928,-2.049179,-0.612842,24.066577,0.006959,0.053672,0.060631,0.7431225831755311,0.1296555064930226,5.904833566895799,2.0,0.7431316913535607,4.768071257279891,0.6696778379457495,-0.11110796337285878,-0.11110796337285878,1
2018-06-20 14:05:06,0.787955,0.064821,0.07262,0.125702,22.020885,-2.049179,-0.60536,24.068415,0.007799,0.053082,0.060881,0.7461867029458448,0.1469208597856187,6.824303893946256,2.0,0.7461958486796545,5.343610825625215,0.6623162728021366,-0.11110796337285878,-0.11110796337285878,1
2018-06-20 14:05:07,0.882251,0.064989,0.071828,0.125877,22.029154,-2.042354,-0.605492,24.068546,0.0068389999999999,0.0540489999999999,0.0608879999999999,0.7462724982994132,0.1265309898242368,5.738436719137396,2.0,0.7462816450847839,4.685851318944776,0.6743817533002264,-0.11110796337285878,-0.11110796337285878,1
2018-06-20 14:05:08,1.113277,0.065089,0.071707,0.12562,22.021278,-2.043929,-0.602341,24.070909,0.006618,0.053913,0.060531,0.7418969352674059,0.1227510479652782,5.5371350534032375,2.0,0.7419060284231233,4.534429599177801,0.6726848501484796,-0.11110796337285878,-0.11110796337285878,1
2018-06-20 14:05:09,0.490922,0.065467,0.072547,0.125757,22.018259,-2.045504,-0.59696,24.066709,0.00708,0.05321,0.06029,0.7389431238088234,0.133055195354344,6.085884772522125,2.0,0.738952180760769,4.85097636176773,0.6639133581214289,-0.11110796337285878,-0.11110796337285878,1
2018-06-20 14:05:10,0.971833,0.064638,0.071093,0.125463,22.021935,-2.036317,-0.595122,24.069203,0.006455,0.0543699999999999,0.0608249999999999,0.7455003401172943,0.1187213772047599,5.322534018064545,2.0,0.7455094774386083,4.422747516272697,0.678386943827514,-0.11110796337285878,-0.11110796337285878,1
2018-06-20 14:05:11,0.938829,0.065116,0.071266,0.12539,22.017078,-2.038942,-0.591316,24.067365,0.00615,0.054124,0.060274,0.7387470201435233,0.1136258660508083,5.051171409503138,2.0,0.738756074691899,4.213771839671121,0.6753175454795004,-0.11110796337285878,-0.11110796337285878,1
2018-06-20 14:05:12,0.613507,0.064879,0.071607,0.125666,22.019309,-2.039073,-0.585147,24.064346,0.0067279999999999,0.0540589999999999,0.0607869999999999,0.7450345939122067,0.1244543100258971,5.627842662879231,2.0,0.745043725525042,4.609797875984858,0.674506525590796,-0.11110796337285878,-0.11110796337285878,1
2018-06-20 14:05:13,0.670085,0.065016,0.071129,0.125537,22.021147,-2.036973,-0.587903,24.064346,0.0061129999999999,0.054408,0.060521,0.7417743704765932,0.1123527357606277,4.983370565555609,2.0,0.7417834621300795,4.188420692017746,0.6788610785316802,-0.11110796337285878,-0.11110796337285878,1
2018-06-20 14:05:14,0.948259,0.064774,0.071292,0.12562,22.02561,-2.035004,-0.582653,24.067759,0.0065179999999999,0.054328,0.060846,0.7457577261780008,0.1199727585635663,5.389176617711778,2.0,0.7457668666540014,4.465912983898527,0.6778629002071225,-0.11110796337285878,-0.11110796337285878,1
2018-06-20 14:05:15,1.132136,0.064554,0.071413,0.125427,22.017603,-2.039467,-0.581472,24.065133,0.006859,0.054014,0.060873,0.7460886511131948,0.1269832453947978,5.762521692686847,2.0,0.7460977956452195,4.6995546420006855,0.6739450502832336,-0.11110796337285878,-0.11110796337285878,1
2018-06-20 14:05:16,0.849248,0.06479,0.072395,0.125041,22.028235,-2.033167,-0.571103,24.067365,0.007605,0.052646,0.060251,0.7384651211246546,0.1444526753661177,6.6928601698034855,2.0,0.7384741722178982,5.210688591983557,0.6568762009332972,-0.11110796337285878,-0.11110796337285878,1
2018-06-20 14:05:17,0.938829,0.064365,0.071817,0.12528,22.019441,-2.032904,-0.573334,24.064871,0.007452,0.053463,0.060915,0.7466034232346073,0.1393835103995211,6.422900633458059,2.0,0.7466125740760032,5.105858170606373,0.6670700970728425,-0.11110796337285878,-0.11110796337285878,1
2018-06-20 14:05:18,0.853963,0.064517,0.072594,0.125454,22.021672,-2.021223,-0.571234,24.065658,0.008077,0.05286,0.060937,0.7468730657743949,0.1527969580598172,7.137236847613346,2.0,0.7468822199206995,5.534087016101406,0.659546327951489,-0.11110796337285878,-0.11110796337285878,1
2018-06-20 14:05:19,0.764381,0.064601,0.071565,0.125712,22.017866,-2.023848,-0.565459,24.067759,0.0069639999999999,0.0541469999999999,0.0611109999999999,0.749005693134533,0.1286104749944596,5.849180176114977,2.0,0.7490148734196596,4.771497088043782,0.6756045217478095,-0.11110796337285878,-0.11110796337285878,1
2018-06-20 14:05:20,0.745522,0.06459,0.072064,0.125307,22.017997,-2.036579,-0.565196,24.069071,0.007474,0.053243,0.060717,0.7441766403765191,0.1403726241454437,6.47557611156968,2.0,0.744185761473737,5.120931825967798,0.664325106680309,-0.11110796337285878,-0.11110796337285878,1
2018-06-20 14:05:21,1.094418,0.064218,0.071534,0.125124,22.020885,-2.030804,-0.561784,24.066709,0.007316,0.05359,0.060906,0.7464931149228762,0.1365154596853949,6.2701619386034455,2.0,0.746502264412264,5.0126755738266535,0.6686547051630779,-0.11110796337285878,-0.11110796337285878,1
2018-06-20 14:05:22,1.02841,0.064396,0.072521,0.125592,22.015503,-2.034873,-0.557846,24.069859,0.008125,0.053071,0.061196,0.75004749385644,0.153093910159783,7.153051099418491,2.0,0.7500566869105326,5.566974991435424,0.6621790232825099,-0.11110796337285878,-0.11110796337285878,1
2018-06-20 14:05:23,0.571074,0.064302,0.072164,0.125206,22.01629,-2.033167,-0.553909,24.062902,0.007862,0.053042,0.060904,0.7464686019647137,0.1482193691910338,6.893456308463432,2.0,0.7464777511536551,5.386776293251113,0.6618171836398578,-0.11110796337285878,-0.11110796337285878,1
2018-06-20 14:05:24,0.981262,0.064617,0.071376,0.125537,22.022066,-2.026736,-0.54879,24.066709,0.006759,0.054161,0.06092,0.7466647056300137,0.1247922897972748,5.645841852681988,2.0,0.7466738572225252,4.63103802672148,0.6757792029546084,-0.11110796337285878,-0.11110796337285878,1
2018-06-20 14:05:25,0.797385,0.064307,0.072095,0.125675,22.023904,-2.032642,-0.546033,24.071434,0.007788,0.05358,0.061368,0.7521556082584155,0.1453500307944981,6.740649037788438,2.0,0.7521648271508852,5.336073997944502,0.6685299328725082,-0.11110796337285878,-0.11110796337285878,1
2018-06-20 14:05:26,1.009551,0.064858,0.071885,0.124885,22.01419,-2.026211,-0.544065,24.064871,0.007027,0.0529999999999999,0.060027,0.7357196698104534,0.132582404105583,6.060706166746862,2.0,0.7357286872537182,4.81466255566975,0.6612931400194637,-0.11110796337285878,-0.11110796337285878,1
2018-06-20 14:05:27,0.91054,0.065121,0.072699,0.125427,22.017472,-2.028048,-0.542227,24.05962,0.007578,0.052728,0.060306,0.7391392274741235,0.1437159817178402,6.653627381557669,2.0,0.7391482868296388,5.192189105858171,0.6578993337159689,-0.11110796337285878,-0.11110796337285878,1
2018-06-20 14:05:28,0.943544,0.064548,0.071297,0.125831,22.012484,-2.026079,-0.536189,24.059095,0.006749,0.054534,0.061283,0.7511138075365089,0.1237553864490695,5.5906213284021335,2.0,0.7511230136600132,4.62418636519356,0.6804332093928586,-0.11110796337285878,-0.11110796337285878,1
2018-06-20 14:05:29,0.91997,0.064806,0.071807,0.125693,22.023116,-2.026998,-0.53317,24.061983,0.0070009999999999,0.053886,0.060887,0.7462602418203321,0.1299200178150573,5.91892017767393,2.0,0.7462693884554807,4.796848235697088,0.6723479649639413,-0.11110796337285878,-0.11110796337285878,1
2018-06-20 14:05:30,1.070844,0.065079,0.072153,0.12562,22.022197,-2.026079,-0.526214,24.059751,0.0070739999999999,0.053467,0.060541,0.7420195000582184,0.1323034338295802,6.0458495410777155,2.0,0.742028594716167,4.846865364850908,0.6671200059890705,-0.11110796337285878,-0.11110796337285878,1
2018-06-20 14:05:31,1.023696,0.065121,0.072631,0.125316,22.024691,-2.028836,-0.525689,24.059489,0.00751,0.052685,0.060195,0.7377787582961044,0.1425426109402877,6.591139253205827,2.0,0.7377878009768533,5.145597807468311,0.6573628128665191,-0.11110796337285878,-0.11110796337285878,1
2018-06-20 14:05:32,0.995407,0.06459,0.071492,0.125555,22.016684,-2.026211,-0.524376,24.055419,0.006902,0.054063,0.060965,0.7472162471886701,0.1276635099141758,5.7987493348041745,2.0,0.747225405541222,4.729016786570744,0.6745564345070252,-0.11110796337285878,-0.11110796337285878,1
2018-06-20 14:05:33,0.929399,0.065226,0.071791,0.125454,22.019178,-2.026473,-0.525951,24.055288,0.0065649999999999,0.053663,0.060228,0.7381832221057857,0.1223352713178291,5.514992773223319,2.0,0.7381922697438976,4.498115793079753,0.6695655428842368,-0.11110796337285878,-0.11110796337285878,1
2018-06-20 14:05:34,1.27358,0.065252,0.072074,0.125638,22.019835,-2.027261,-0.520701,24.055156,0.0068219999999999,0.053564,0.0603859999999999,0.7401197458006237,0.1273592831139735,5.7825476671789025,2.0,0.7401288171739877,4.674203494347311,0.6683302972075966,-0.11110796337285878,-0.11110796337285878,1
2018-06-20 14:05:35,0.731378,0.064953,0.072358,0.125316,22.013665,-2.026211,-0.51637,24.055813,0.007405,0.052958,0.060363,0.7398378467817551,0.1398251477558112,6.446420131584974,2.0,0.7398469146999883,5.073655361425146,0.6607690963990722,-0.11110796337285878,-0.11110796337285878,1
2018-06-20 14:05:36,0.901111,0.064506,0.072484,0.125436,22.010909,-2.028311,-0.507707,24.056075,0.007978,0.0529519999999999,0.06093,0.7467872704208262,0.1506619077294962,7.023534255362815,2.0,0.7467964235155689,5.466255566974993,0.6606942330247292,-0.11110796337285878,-0.11110796337285878,1
2018-06-20 14:05:37,0.8021,0.064737,0.071308,0.125179,22.016553,-2.028048,-0.505213,24.053319,0.0065709999999999,0.053871,0.060442,0.7408061086291742,0.1219743094743093,5.4957696679274495,2.0,0.7408151884150339,4.502226789996506,0.6721608065280867,-0.11110796337285878,-0.11110796337285878,1
2018-06-20 14:05:38,0.797385,0.064821,0.072689,0.125454,22.014978,-2.026079,-0.507838,24.048987,0.007868,0.052765,0.060633,0.7431470961336937,0.149111170071637,6.940949367739766,2.0,0.7431562046121696,5.390887290167866,0.6583609911910768,-0.11110796337285878,-0.11110796337285878,1
2018-06-20 14:05:39,0.670085,0.065478,0.071912,0.125362,22.018259,-2.025948,-0.502457,24.051612,0.006434,0.05345,0.059884,0.7339669933018341,0.1203719294306937,5.410434553273631,2.0,0.7339759892631926,4.408359027064063,0.6669078930951019,-0.11110796337285878,-0.11110796337285878,1
2018-06-20 14:05:40,0.726663,0.064438,0.071528,0.125307,22.022985,-2.020042,-0.497469,24.047543,0.0070899999999999,0.053779,0.060869,0.7460396251968697,0.1318333953142431,6.020817532748724,2.0,0.746048769128002,4.857828023295581,0.6710129014548454,-0.11110796337285878,-0.11110796337285878,1
2018-06-20 14:05:41,1.004836,0.064664,0.072379,0.125298,22.021278,-2.023848,-0.498651,24.049249,0.007715,0.0529189999999999,0.0606339999999999,0.7431593526127748,0.1457860922146636,6.76387158816542,2.0,0.7431684612414727,5.286056868790682,0.660282484465849,-0.11110796337285878,-0.11110796337285878,1
2018-06-20 14:05:42,1.183999,0.064501,0.072395,0.125289,22.011696,-2.026473,-0.493138,24.0524,0.0078939999999999,0.052894,0.060788,0.7450468503912882,0.1492390585121466,6.9477600958047265,2.0,0.7450559821543477,5.40870161014039,0.659970553739426,-0.11110796337285878,-0.11110796337285878,1
2018-06-20 14:05:43,0.929399,0.064669,0.071985,0.125601,22.01524,-2.026079,-0.4955,24.0524,0.0073159999999999,0.053616,0.0609319999999999,0.7468117833789885,0.1364492604957381,6.266636485661201,2.0,0.7468209367741765,5.012675573826585,0.6689791131185591,-0.11110796337285878,-0.11110796337285878,1
2018-06-20 14:05:44,0.764381,0.065704,0.072956,0.12573,22.01419,-2.021223,-0.492613,24.048987,0.0072519999999999,0.052774,0.060026,0.7357074133313724,0.1374135480814778,6.317989840950549,2.0,0.7357164306244139,4.968824940047893,0.6584732862525895,-0.11110796337285878,-0.11110796337285878,1
2018-06-20 14:05:45,0.872822,0.06521,0.071586,0.125565,22.013534,-2.023586,-0.487625,24.042292,0.0063759999999999,0.053979,0.060355,0.7397397949491049,0.1181178214153388,5.290391516854899,2.0,0.7397488616655533,4.368619390202056,0.6735083472662396,-0.11110796337285878,-0.11110796337285878,1
2018-06-20 14:05:46,0.849248,0.064937,0.071649,0.125124,22.019178,-2.023323,-0.485394,24.04833,0.006712,0.053475,0.060187,0.7376807064634544,0.1255142493829009,5.6842899750611275,2.0,0.7376897479424183,4.598835217540254,0.6672198238215262,-0.11110796337285878,-0.11110796337285878,1
2018-06-20 14:05:47,0.938829,0.06553,0.072284,0.124977,22.020885,-2.020829,-0.479619,24.048068,0.0067539999999999,0.052693,0.059447,0.728610911943326,0.1281739856530154,5.825934836692712,2.0,0.7286198422571808,4.627612195957451,0.6574626306989748,-0.11110796337285878,-0.11110796337285878,1
2018-06-20 14:05:48,0.797385,0.064774,0.072552,0.125831,22.011434,-2.024767,-0.479881,24.044261,0.007778,0.0532789999999999,0.061057,0.7483438432641454,0.1459834834834836,6.7743837052025295,2.0,0.7483530154372245,5.329222336416581,0.6647742869263586,-0.11110796337285878,-0.11110796337285878,1
2018-06-20 14:05:49,0.924685,0.064989,0.072836,0.125427,22.013665,-2.024373,-0.478175,24.048724,0.0078469999999999,0.052591,0.060438,0.740757082712849,0.1492052023121385,6.945957076152214,2.0,0.7407661618978164,5.376498800959164,0.6561899533351638,-0.11110796337285878,-0.11110796337285878,1
2018-06-20 14:05:50,1.202858,0.064638,0.071691,0.125794,22.008284,-2.023979,-0.477781,24.046624,0.007053,0.0541029999999999,0.0611559999999999,0.7495572346931895,0.1303600473162798,5.942354049112545,2.0,0.7495664217383564,4.832476875642344,0.6750555236693028,-0.11110796337285878,-0.11110796337285878,1
2018-06-20 14:05:51,1.231147,0.064827,0.071681,0.125399,22.018916,-2.024767,-0.467018,24.052137,0.0068539999999999,0.053718,0.060572,0.7423994509097372,0.1275898657830562,5.794827399806471,2.0,0.7424085502246026,4.696128811236657,0.6702517904823702,-0.11110796337285878,-0.11110796337285878,1
2018-06-20 14:05:52,0.943544,0.065058,0.072116,0.125638,22.01209,-2.018861,-0.464787,24.050956,0.0070579999999999,0.053522,0.0605799999999999,0.742497502742387,0.1318685424957494,6.022689303915334,2.0,0.7425066032590364,4.835902706406236,0.6678062535872039,-0.11110796337285878,-0.11110796337285878,1
2018-06-20 14:05:53,0.990692,0.065578,0.073019,0.125583,22.010777,-2.027654,-0.470562,24.045705,0.007441,0.052564,0.060005,0.7354500272706659,0.1415580709597641,6.538707352013599,2.0,0.7354590414090221,5.09832134292566,0.6558530681506256,-0.11110796337285878,-0.11110796337285878,1
2018-06-20 14:05:54,1.033125,0.064848,0.072431,0.124894,22.013009,-2.025292,-0.469381,24.049774,0.0075829999999999,0.052463,0.060046,0.7359525429129973,0.1445372064653856,6.697361892772754,2.0,0.7359615632105014,5.1956149366220625,0.6545928680158716,-0.11110796337285878,-0.11110796337285878,1
2018-06-20 14:05:55,0.806814,0.0648,0.071765,0.125353,22.011565,-2.027917,-0.465706,24.047411,0.0069649999999999,0.053588,0.0605529999999999,0.7421665778071932,0.129970702942768,5.921619425709173,2.0,0.7421756742678183,4.772182254196575,0.6686297507049639,-0.11110796337285878,-0.11110796337285878,1
2018-06-20 14:05:56,0.797385,0.065494,0.072689,0.125022,22.011565,-2.021748,-0.456255,24.050299,0.007195,0.0523329999999999,0.059528,0.7296036867489075,0.1374823250659229,6.321652574942119,2.0,0.7296126292308351,4.929770469338815,0.6529708282384641,-0.11110796337285878,-0.11110796337285878,1
2018-06-20 14:05:57,0.608793,0.064879,0.072358,0.125427,22.013009,-2.030017,-0.455074,24.052662,0.0074789999999999,0.053069,0.060548,0.742105295411787,0.140927077444884,6.505103648477321,2.0,0.7421143911212976,5.124357656731689,0.662154068824396,-0.11110796337285878,-0.11110796337285878,1
2018-06-20 14:05:58,0.868107,0.065336,0.072536,0.125252,22.01209,-2.018598,-0.454943,24.052268,0.0071999999999999,0.052716,0.059916,0.7343592006324342,0.1365783333649486,6.273510290746746,2.0,0.7343682014009326,4.933196300102707,0.6577496069672852,-0.11110796337285878,-0.11110796337285878,1
2018-06-20 14:05:59,0.91054,0.065089,0.072153,0.125445,22.015897,-2.022142,-0.44418,24.050562,0.007064,0.053292,0.060356,0.7397520514281862,0.1325502411198469,6.058993319606549,2.0,0.7397611182948577,4.840013703323057,0.6649364909041006,-0.11110796337285878,-0.11110796337285878,1
2018-06-20 14:06:00,0.698374,0.065394,0.071975,0.12528,22.010384,-2.018861,-0.455205,24.047018,0.006581,0.053305,0.059886,0.7339915062599968,0.1234570217236334,5.574731846905414,2.0,0.7340005025218014,4.509078451524495,0.6650986948818411,-0.11110796337285878,-0.11110796337285878,1
2018-06-20 14:06:01,0.853963,0.065326,0.072158,0.12539,22.01314,-2.023979,-0.44628,24.051612,0.006832,0.053232,0.060064,0.73617315953646,0.1283414423383992,5.834852780662188,2.0,0.7361821825379802,4.681055155875301,0.6641878571606823,-0.11110796337285878,-0.11110796337285878,1
2018-06-20 14:06:02,0.759666,0.065431,0.072878,0.125271,22.012615,-2.022667,-0.440899,24.055025,0.0074469999999999,0.0523929999999999,0.0598399999999999,0.7334277082222588,0.1421345955643775,6.569410301311706,2.0,0.7334366975737989,5.102432339842344,0.6537194619818822,-0.11110796337285878,-0.11110796337285878,1
2018-06-20 14:06:03,0.901111,0.064716,0.072174,0.125059,22.015634,-2.022142,-0.442867,24.052662,0.007458,0.052885,0.060343,0.73959271720013,0.1410203078319405,6.510068654001683,2.0,0.7396017821139008,5.109969167523125,0.6598582586779134,-0.11110796337285878,-0.11110796337285878,1
2018-06-20 14:06:04,0.679515,0.06479,0.071486,0.125509,22.018391,-2.022011,-0.436042,24.061326,0.0066959999999999,0.054023,0.060719,0.7442011533346816,0.1239449133718345,5.6007146278965845,2.0,0.7442102747323458,4.587872559095513,0.6740573453447464,-0.11110796337285878,-0.11110796337285878,1
2018-06-20 14:06:05,0.622937,0.064863,0.072479,0.125666,22.015372,-2.022011,-0.439324,24.052137,0.0076159999999999,0.053187,0.0608029999999999,0.7452306975775068,0.1431901932766789,6.625626398214844,2.0,0.745239831593912,5.218225419664201,0.6636263818531185,-0.11110796337285878,-0.11110796337285878,1
2018-06-20 14:06:06,0.934114,0.065095,0.071717,0.1255,22.018391,-2.024373,-0.438667,24.055419,0.006622,0.053783,0.060405,0.7403526189031676,0.1231221181020378,5.556896478160835,2.0,0.740361693130772,4.537170263788969,0.6710628103710733,-0.11110796337285878,-0.11110796337285878,1
2018-06-20 14:06:07,1.207573,0.065357,0.072647,0.125059,22.009334,-2.028704,-0.433548,24.053581,0.00729,0.052412,0.059702,0.7317363141090458,0.1390876309312576,6.407143504898836,2.0,0.7317452827297963,4.99486125385406,0.653956529333966,-0.11110796337285878,-0.11110796337285878,1
2018-06-20 14:06:08,1.033125,0.065284,0.071833,0.125344,22.015634,-2.029492,-0.426329,24.059357,0.0065489999999999,0.053511,0.06006,0.7361241336201351,0.1223837643892958,5.51757528280337,2.0,0.7361331560207627,4.487153134635081,0.6676690040675772,-0.11110796337285878,-0.11110796337285878,1
2018-06-20 14:06:09,0.726663,0.065247,0.071859,0.125206,22.017078,-2.021354,-0.429086,24.055944,0.006612,0.053347,0.059959,0.7348862292329283,0.1239409162480319,5.600501760156908,2.0,0.7348952364610207,4.530318602261048,0.6656227385022339,-0.11110796337285878,-0.11110796337285878,1
2018-06-20 14:06:10,0.915255,0.065646,0.0723,0.125721,22.009334,-2.024504,-0.431842,24.057782,0.006654,0.0534209999999999,0.060075,0.7363079808063537,0.1245554266032722,5.6332276492675,2.0,0.7363170054603283,4.559095580678315,0.6665460534524486,-0.11110796337285878,-0.11110796337285878,1
2018-06-20 14:06:11,1.056699,0.065299,0.072158,0.125739,22.011565,-2.021354,-0.429742,24.06277,0.006859,0.0535809999999999,0.0604399999999999,0.7407815956710114,0.1280094061438543,5.817170117399129,2.0,0.7407906751564239,4.6995546420006855,0.6685424101015639,-0.11110796337285878,-0.11110796337285878,1
2018-06-20 14:06:12,1.018981,0.065383,0.072221,0.126061,22.015372,-2.023979,-0.423836,24.059489,0.0068379999999999,0.05384,0.060678,0.7436986376923501,0.1270035846288144,5.763604863232868,2.0,0.7437077529308664,4.685166152791984,0.6717740124273206,-0.11110796337285878,-0.11110796337285878,1
2018-06-20 14:06:13,0.778526,0.066612,0.072983,0.12561,22.010252,-2.032642,-0.421211,24.05555,0.006371,0.0526269999999999,0.0589979999999999,0.7231077528358427,0.1210572318917686,5.446930492124955,2.0,0.7231166156995151,4.365193559438164,0.6566391335812136,-0.11110796337285878,-0.11110796337285878,1
2018-06-20 14:06:14,0.773811,0.065788,0.071833,0.125813,22.008021,-2.028442,-0.41596,24.054369,0.0060449999999999,0.05398,0.060025,0.735695156852291,0.111983846168096,4.963725266178154,2.0,0.7357041739951096,4.141829393627887,0.6735208244952966,-0.11110796337285878,-0.11110796337285878,1
2018-06-20 14:06:15,0.8021,0.065247,0.072305,0.125454,22.011434,-2.029623,-0.41911,24.055156,0.0070579999999999,0.053149,0.060207,0.7379258360450793,0.1327939793038568,6.0719736521817556,2.0,0.7379348805285058,4.835902706406236,0.6631522471489537,-0.11110796337285878,-0.11110796337285878,1
2018-06-20 14:06:16,0.985977,0.065242,0.0724,0.125656,22.013009,-2.028179,-0.414254,24.056075,0.007158,0.0532559999999999,0.0604139999999999,0.7404629272148988,0.1344048669658451,6.157761841992215,2.0,0.7404720027945102,4.904419321685509,0.6644873106580483,-0.11110796337285878,-0.11110796337285878,1
2018-06-20 14:06:17,0.6748,0.065147,0.073098,0.126125,22.007496,-2.031461,-0.415829,24.055025,0.007951,0.0530269999999999,0.0609779999999999,0.7473755814167262,0.1499396545221392,6.985070496091433,2.0,0.7473847417221777,5.447756080849606,0.6616300252040019,-0.11110796337285878,-0.11110796337285878,1
2018-06-20 14:06:18,0.938829,0.065268,0.072736,0.125666,22.007758,-2.034217,-0.40651,24.057651,0.0074679999999999,0.05293,0.0603979999999999,0.7402668235495987,0.1410893427292132,6.513745123199711,2.0,0.7402758967256402,5.116820829050977,0.6604197339854769,-0.11110796337285878,-0.11110796337285878,1
2018-06-20 14:06:19,1.061414,0.065966,0.072437,0.125757,22.010646,-2.035398,-0.412416,24.052006,0.006471,0.05332,0.059791,0.7328271407472776,0.1213593143414415,5.46301796187375,2.0,0.7328361227378858,4.43371017471737,0.6652858533176957,-0.11110796337285878,-0.11110796337285878,1
2018-06-20 14:06:20,0.872822,0.065404,0.071896,0.125941,22.011959,-2.029623,-0.403754,24.053319,0.0064919999999999,0.0540449999999999,0.0605369999999999,0.7419704741418931,0.1201198978647818,5.397012554753889,2.0,0.7419795681989484,4.448098663925934,0.6743318443839984,-0.11110796337285878,-0.11110796337285878,1
2018-06-20 14:06:21,0.750237,0.066076,0.072547,0.126061,22.005527,-2.027523,-0.402441,24.058044,0.006471,0.053514,0.059985,0.735204897689041,0.1209193684013828,5.439588540503975,2.0,0.7352139088229345,4.43371017471737,0.6677064357547481,-0.11110796337285878,-0.11110796337285878,1
2018-06-20 14:06:22,0.943544,0.065357,0.07229,0.125656,22.008809,-2.026079,-0.403097,24.060407,0.0069329999999999,0.053366,0.0602989999999999,0.7390534321205545,0.1299117432120972,5.918479511806228,2.0,0.7390624904245071,4.750256937307229,0.6658598058543164,-0.11110796337285878,-0.11110796337285878,1
2018-06-20 14:06:23,0.849248,0.066024,0.072573,0.125757,22.005658,-2.031461,-0.398504,24.061064,0.0065489999999999,0.053184,0.059733,0.7321162649605648,0.1231362226191595,5.557647617436758,2.0,0.7321252382382321,4.487153134635081,0.6635889501659477,-0.11110796337285878,-0.11110796337285878,1
2018-06-20 14:06:24,0.646511,0.06595,0.072232,0.12562,22.002771,-2.032904,-0.400341,24.06067,0.006282,0.053388,0.05967,0.7313441067784459,0.1176646874824403,5.26625976591885,2.0,0.7313530705920565,4.304213771839672,0.6661343048935697,-0.11110796337285878,-0.11110796337285878,1
2018-06-20 14:06:25,0.816244,0.065031,0.071129,0.125004,22.009465,-2.032511,-0.397191,24.061851,0.0060979999999999,0.053875,0.059973,0.7350578199400657,0.1131858341376492,5.027737409616294,2.0,0.735066829271282,4.178143199725866,0.6722107154443147,-0.11110796337285878,-0.11110796337285878,1
2018-06-20 14:06:26,1.108562,0.066192,0.072363,0.12561,22.001983,-2.033429,-0.395091,24.057126,0.0061709999999999,0.053247,0.059418,0.7282554740499696,0.1158916766826922,5.171837671433965,2.0,0.7282644000073539,4.228160328879685,0.6643750155965369,-0.11110796337285878,-0.11110796337285878,1
2018-06-20 14:06:27,0.825674,0.065084,0.070284,0.125381,22.008021,-2.034217,-0.391285,24.058176,0.0051999999999999,0.0550969999999999,0.0602969999999999,0.739028919162392,0.0943772913717375,4.02608417523206,2.0,0.7390379771658983,3.5628639945186027,0.6874578893519321,-0.11110796337285878,-0.11110796337285878,1
2018-06-20 14:06:28,0.773811,0.064837,0.071192,0.12573,22.001327,-2.031461,-0.384591,24.065396,0.0063549999999999,0.054538,0.060893,0.7463337806948197,0.1165221217844111,5.205412169102277,2.0,0.7463429282313071,4.354230900993422,0.6804831183090865,-0.11110796337285878,-0.11110796337285878,1
2018-06-20 14:06:29,0.91997,0.065257,0.071639,0.12573,22.010121,-2.037104,-0.394172,24.058176,0.0063819999999999,0.054091,0.060473,0.741186059480693,0.1179841751090733,5.2832741523359985,2.0,0.7411951439234695,4.372730387118808,0.6749057969206204,-0.11110796337285878,-0.11110796337285878,1
2018-06-20 14:06:30,0.952974,0.065226,0.07157,0.12573,22.006708,-2.039992,-0.385772,24.057519,0.0063439999999999,0.05416,0.060504,0.7415660103322118,0.1171322538357856,5.237904890642002,2.0,0.7415750994319051,4.34669407331271,0.6757667257255514,-0.11110796337285878,-0.11110796337285878,1
2018-06-20 14:06:31,0.641796,0.065625,0.07166,0.125748,22.002639,-2.037498,-0.384984,24.058963,0.0060349999999999,0.054088,0.0601229999999999,0.7368962918022538,0.1115753665255412,4.9419715896579985,2.0,0.7369053236669371,4.134977732099966,0.6748683652334494,-0.11110796337285878,-0.11110796337285878,1
2018-06-20 14:06:32,0.901111,0.065662,0.071003,0.125565,22.010121,-2.037761,-0.376584,24.062114,0.0053409999999999,0.054562,0.059903,0.7341998664043781,0.097886846397742,4.21298632851413,2.0,0.7342088652199757,3.6594724220622816,0.6807825718064537,-0.11110796337285878,-0.11110796337285878,1
2018-06-20 14:06:33,0.740807,0.065105,0.071544,0.125225,22.005921,-2.037236,-0.381966,24.06277,0.006439,0.053681,0.06012,0.7368595223650102,0.1199470958608099,5.387809944623975,2.0,0.7368685537790252,4.411784857828024,0.6697901330072622,-0.11110796337285878,-0.11110796337285878,1
2018-06-20 14:06:34,0.816244,0.065824,0.071864,0.125087,22.002377,-2.031461,-0.377897,24.056732,0.00604,0.053223,0.059263,0.7263557197923752,0.1134826394107921,5.0435438421255,2.0,0.7263646224651759,4.138403562863995,0.6640755620991695,-0.11110796337285878,-0.11110796337285878,1
2018-06-20 14:06:35,0.858677,0.065047,0.071859,0.125206,22.008021,-2.046029,-0.376978,24.058832,0.006812,0.053347,0.060159,0.7373375250491793,0.1276898852815478,5.800153961008604,2.0,0.7373465623218958,4.66735183281946,0.6656227385022339,-0.11110796337285878,-0.11110796337285878,1
2018-06-20 14:06:36,0.858677,0.06479,0.070583,0.125362,21.999489,-2.036448,-0.373434,24.057519,0.005793,0.0547789999999999,0.060572,0.7423994509097371,0.1057502738225631,4.631754949318334,2.0,0.7424085502246026,3.969167523124358,0.6834901305118152,-0.11110796337285878,-0.11110796337285878,1
2018-06-20 14:06:37,0.995407,0.065042,0.070457,0.125022,22.00999,-2.040123,-0.378028,24.062377,0.005415,0.0545649999999999,0.0599799999999999,0.7351436152936344,0.0992376204962798,4.28492211118279,2.0,0.7351526256764115,3.7101747173689623,0.6808200034936234,-0.11110796337285878,-0.11110796337285878,1
2018-06-20 14:06:38,0.740807,0.065614,0.071114,0.125096,22.008677,-2.037629,-0.371596,24.058307,0.0054999999999999,0.053982,0.059482,0.72903988871117,0.1018839264212805,4.42585173672248,2.0,0.7290488242828339,3.768413840356218,0.6735457789534106,-0.11110796337285878,-0.11110796337285878,1
2018-06-20 14:06:39,0.957688,0.065373,0.071502,0.125372,22.008677,-2.045898,-0.36884,24.055682,0.0061289999999999,0.05387,0.059999,0.7353764883961785,0.1137717881606057,5.0589425247386925,2.0,0.7353855016331957,4.199383350462419,0.6721483292990298,-0.11110796337285878,-0.11110796337285878,1
2018-06-20 14:06:40,0.901111,0.065945,0.072374,0.125372,22.002639,-2.042617,-0.36674,24.058832,0.0064289999999999,0.052998,0.059427,0.728365782361701,0.1213041755504818,5.460081532986505,2.0,0.7283747096710933,4.404933196300035,0.661268185561351,-0.11110796337285878,-0.11110796337285878,1
2018-06-20 14:06:41,1.056699,0.06531,0.072095,0.125583,22.011565,-2.043929,-0.359127,24.059489,0.0067849999999999,0.0534879999999999,0.0602729999999999,0.7387347636644419,0.126848510908785,5.755346376907338,2.0,0.7387438180625934,4.648852346694005,0.6673820277992656,-0.11110796337285878,-0.11110796337285878,1
2018-06-20 14:06:42,0.905825,0.065767,0.071381,0.125647,22.013009,-2.048129,-0.354665,24.055944,0.0056139999999999,0.054266,0.05988,0.7339179673855091,0.1034514530009028,4.509330722202819,2.0,0.7339269627459752,3.8465227817745125,0.6770893120055903,-0.11110796337285878,-0.11110796337285878,1
2018-06-20 14:06:43,0.688944,0.065725,0.071009,0.126336,22.007365,-2.04406,-0.360046,24.06067,0.0052839999999999,0.055327,0.060611,0.742877453593906,0.0955031810294967,4.086043685720994,2.0,0.7428865587674732,3.6204179513531347,0.6903276520350365,-0.11110796337285878,-0.11110796337285878,1
2018-06-20 14:06:44,0.929399,0.065026,0.070893,0.125739,22.012353,-2.040648,-0.361621,24.060933,0.0058669999999999,0.0548459999999999,0.0607129999999999,0.7441276144601938,0.106970299195945,4.696727678810895,2.0,0.7441367349565183,4.019869818430902,0.6843261048586323,-0.11110796337285878,-0.11110796337285878,1
2018-06-20 14:06:45,0.679515,0.066066,0.071717,0.125601,22.007758,-2.047998,-0.35939,24.060145,0.005651,0.0538839999999999,0.0595349999999999,0.7296894821024762,0.1048714855711237,4.58495488057572,2.0,0.7296984256359645,3.8718739294278866,0.6723230105058261,-0.11110796337285878,-0.11110796337285878,1
2018-06-20 14:06:46,0.924685,0.065677,0.071864,0.125408,22.008021,-2.050098,-0.359521,24.058701,0.0061869999999999,0.0535439999999999,0.0597309999999999,0.7320917520024021,0.1155476701839574,5.1535175268913775,2.0,0.7321007249796221,4.239122987324358,0.6680807526264559,-0.11110796337285878,-0.11110796337285878,1
2018-06-20 14:06:47,1.023696,0.065551,0.071355,0.125813,22.010121,-2.049835,-0.357946,24.062639,0.005804,0.054458,0.060262,0.7385999423945484,0.1065755889751924,4.675707295989002,2.0,0.7386089951402465,3.9767043508050706,0.6794849399845287,-0.11110796337285878,-0.11110796337285878,1
2018-06-20 14:06:48,0.915255,0.065746,0.071744,0.125528,22.015372,-2.04931,-0.350596,24.06789,0.005998,0.053784,0.059782,0.7327168324355462,0.111518081249419,4.9389208492139085,2.0,0.7327258130741464,4.109626584446729,0.6710752876001302,-0.11110796337285878,-0.11110796337285878,1
2018-06-20 14:06:49,1.051984,0.065851,0.07166,0.125381,22.006708,-2.047604,-0.354796,24.065133,0.0058089999999999,0.0537209999999999,0.0595299999999999,0.7296281997070699,0.1081307471799262,4.758527600843985,2.0,0.7296371424894427,3.9801301815689625,0.6702892221695399,-0.11110796337285878,-0.11110796337285878,1
2018-06-20 14:06:50,1.070844,0.065609,0.071681,0.12561,22.007496,-2.047079,-0.349677,24.060539,0.0060719999999999,0.053929,0.060001,0.7354010013543408,0.1125903949564248,4.996027160227199,2.0,0.7354100148918045,4.160328879753273,0.672884485813391,-0.11110796337285878,-0.11110796337285878,1
2018-06-20 14:06:51,0.962403,0.065509,0.07093,0.126143,22.000145,-2.044717,-0.349021,24.062508,0.005421,0.055213,0.060634,0.7431593526127749,0.0981816206034703,4.228684596064974,2.0,0.743168461241474,3.7142857142857144,0.6889052479225418,-0.11110796337285878,-0.11110796337285878,1
2018-06-20 14:06:52,0.872822,0.065126,0.071051,0.125133,22.010777,-2.050623,-0.33957,24.057782,0.005925,0.0540819999999999,0.0600069999999999,0.7354745402288283,0.1095538339219348,4.834314409831957,2.0,0.7354835546676296,4.059609455292908,0.6747935018591064,-0.11110796337285878,-0.11110796337285878,1
2018-06-20 14:06:53,1.136851,0.065735,0.071555,0.125243,22.006315,-2.047342,-0.344821,24.06067,0.0058199999999999,0.053688,0.0595079999999999,0.7293585571672824,0.1084020935387135,4.772978213063149,2.0,0.7293674966447464,3.987667009249675,0.6698774736106611,-0.11110796337285878,-0.11110796337285878,1
2018-06-20 14:06:54,1.009551,0.065882,0.071261,0.125307,22.004608,-2.049048,-0.343245,24.06579,0.005379,0.054046,0.059425,0.7283412694035384,0.099524487945677,4.300199302622049,2.0,0.7283501964124846,3.6855087358684484,0.6743443216130567,-0.11110796337285878,-0.11110796337285878,1
2018-06-20 14:06:55,0.943544,0.066229,0.071255,0.125638,22.005658,-2.050229,-0.340752,24.064871,0.005026,0.054383,0.059409,0.7281451657382383,0.0924168873197999,3.921682410365825,2.0,0.7281540903436144,3.443645083932854,0.6785491478052559,-0.11110796337285878,-0.11110796337285878,1
2018-06-20 14:06:56,0.622937,0.065819,0.071749,0.125537,22.011565,-2.054954,-0.340095,24.062902,0.0059299999999999,0.053788,0.059718,0.7319324177743459,0.1102455892468718,4.871153997419864,2.0,0.7319413887986664,4.063035286056801,0.6711251965163582,-0.11110796337285878,-0.11110796337285878,1
2018-06-20 14:06:57,0.91054,0.064191,0.072022,0.125748,22.011959,-2.052723,-0.338783,24.061851,0.007831,0.0537259999999999,0.061557,0.7544720828047726,0.1457553930053791,6.76223669477386,2.0,0.7544813300894121,5.36553614251456,0.6703516083148247,-0.11110796337285878,-0.11110796337285878,1
