elapsed_runtime_s,Temperature TS inlet (Mean),Temperature TS outlet (Mean),Tank temperature (Mean),Bypass temperature (Mean),Pump outlet pressure (Mean),TS inlet pressure (Mean),TS outlet pressure (Mean),Differential pressure (Mean),Pump to inlet DP,Total system DP,Flow rate (Mean),Pressure_Ratio,Relative_Ratio_Dev,run_specific_time_s,label,rel_tot_dp_change,rel_ts_dp_change,rel_p_ts_dp_change,anomaly_score,smooth_score
369.0,-1.549735,22.012878,-1.805975,24.067365,0.165649,0.069533,0.068686,0.000847,0.096116,0.096963,1.094418,0.0088121768261597,0.6698766720231599,0.0,0,1.3399434797929894,0.44814814814814813,1.3641021274180043,-0.08392836003905357,-0.08392836003905357
370.0,-1.544091,22.017734,-1.814506,24.067102,0.164491,0.069286,0.068554,0.0007319999999999,0.095205,0.095937,0.575789,0.0076885910551855,0.7119686410449706,1.0,0,1.3257650611150649,0.3873015873015344,1.3511729893132371,-0.08762523481002649,-0.08762523481002649
371.0,-1.544616,22.006577,-1.819362,24.067627,0.162525,0.068977,0.068717,0.0002599999999999,0.093548,0.093808,1.009551,0.0027792921356721,0.8958816660913744,2.0,0,1.2963441514022955,0.13756613756608466,1.3276564340557189,-0.10083026702443842,-0.10083026702443842
372.0,-1.546716,22.008021,-1.815818,24.065396,0.161606,0.069586,0.068948,0.0006379999999999,0.09202,0.092658,0.858677,0.0069332000304278,0.7402672333152224,3.0,0,1.2804521616560836,0.33756613756608467,1.3059706788152312,-0.09100198428377448,-0.09100198428377448
373.0,-1.540285,22.021016,-1.818968,24.071172,0.160366,0.068987,0.068056,0.000931,0.091379,0.09231,0.66537,0.0101882249945283,0.6183269119854657,4.0,0,1.2756431073676646,0.4925925925925926,1.2968734477228538,-0.07701995486954616,-0.07701995486954616
374.0,-1.543697,22.00894,-1.820018,24.071566,0.159006,0.069349,0.068334,0.0010149999999999,0.089657,0.090672,1.04727,0.011320796805639,0.5758983063375738,5.0,0,1.2530073863204516,0.5370370370369841,1.2724343963327231,-0.07266591435425773,-0.07518553165224444
375.0,-1.538972,22.015372,-1.820937,24.071434,0.157904,0.068824,0.06699,0.001834,0.0890799999999999,0.090914,1.018981,0.0205880041759747,0.2287285435764804,6.0,0,1.2563516137279154,0.9703703703703703,1.2642454691247627,0.015487069963806555,-0.064898927910253
376.0,-1.530178,22.01419,-1.829206,24.072485,0.156728,0.068593,0.067888,0.0007049999999999,0.088135,0.08884,0.971833,0.0079990015430697,0.700339988406607,7.0,0,1.2276907556986603,0.3730158730158201,1.2508337945813999,-0.08762523481002649,-0.06383839991620496
377.0,-1.526503,22.020097,-1.829337,24.06999,0.155708,0.068845,0.068229,0.000616,0.086863,0.087479,0.971833,0.0070915454043102,0.734335270892428,8.0,0,1.2088829313120566,0.32592592592592595,1.2327812548785853,-0.09100198428377448,-0.05062630686242253
378.0,-1.529916,22.014322,-1.836031,24.066315,0.154909,0.068247,0.067268,0.000979,0.0866619999999999,0.087641,0.863392,0.0112966317805754,0.5768035807836078,9.0,0,1.2111216289980447,0.517989417989418,1.2299286129915827,-0.07564345201135314,-0.04922317712792436
379.0,-1.520334,22.011434,-1.8359,24.070384,0.153797,0.069229,0.067447,0.001782,0.0845679999999999,0.08635,1.254721,0.0210715510411617,0.210613825327247,10.0,0,1.193281143117732,0.9428571428571428,1.2002100452732702,0.01893767738086094,-0.03965836318329844
380.0,-1.518365,22.006577,-1.83695,24.070515,0.152713,0.069139,0.068245,0.000894,0.0835739999999999,0.0844679999999999,0.5475,0.0106969787615914,0.5992678883166437,11.0,0,1.1672735564200172,0.47301587301587306,1.1861029505683982,-0.07701995486954616,-0.02917657533594222
381.0,-1.521515,22.008284,-1.844824,24.071303,0.151482,0.069334,0.067525,0.001809,0.082148,0.083957,1.023696,0.0220209619106745,0.1750468272921486,12.0,0,1.160211985324093,0.9571428571428572,1.1658648046437037,0.03129066351338583,-0.03809099074923348
382.0,-1.518628,22.010121,-1.844431,24.069071,0.150986,0.069255,0.068323,0.000932,0.081731,0.082663,1.014266,0.0114031224000391,0.5728142103489009,13.0,0,1.142330042079225,0.4931216931216931,1.1599466371467904,-0.07697068693879272,-0.02822237383683366
383.0,-1.509834,22.01104,-1.845612,24.076291,0.149819,0.069323,0.067693,0.0016299999999999,0.080496,0.082126,1.000122,0.0202492018336086,0.2414208168926734,14.0,0,1.1349091738238202,0.8624338624338095,1.1424192106271556,0.018628184576713003,-0.027023719021199866
384.0,-1.50629,22.012353,-1.850074,24.072091,0.149259,0.069969,0.068208,0.0017609999999999,0.07929,0.081051,0.891681,0.0222093301887982,0.1679901415167517,15.0,0,1.1200536181914915,0.9317460317459788,1.1253033593051476,0.03215196411930443,-0.022704282279858067
385.0,-1.500252,22.018653,-1.848893,24.073666,0.148799,0.069003,0.068045,0.000958,0.0797959999999999,0.0807539999999999,1.080273,0.0120054638645563,0.5502491877934585,16.0,0,1.115949339100512,0.5068783068783069,1.1324846368913286,-0.07365708416910599,-0.02335791142554261
386.0,-1.49894,22.012353,-1.854143,24.068678,0.147614,0.06925,0.067688,0.001562,0.0783639999999999,0.079926,1.014266,0.0199323677662222,0.2532901108032903,17.0,0,1.1045071064832408,0.8264550264550264,1.1121613374774686,0.011060934313971704,-0.015257164396630806
387.0,-1.489095,22.004739,-1.860574,24.067759,0.146594,0.069292,0.06847,0.000822,0.077302,0.078124,1.094418,0.0106334812361745,0.6016466438525843,18.0,0,1.0796050495070029,0.43492063492063493,1.097089169895403,-0.07901543612743656,-0.022311884330508756
388.0,-1.491721,22.001327,-1.860049,24.063427,0.145914,0.068903,0.067546,0.001357,0.0770109999999999,0.078368,1.02841,0.017620630551083,0.3398928195238131,19.0,0,1.0829769151575035,0.717989417989418,1.092959225670937,-0.03244908459793516,-0.009373209743248068
389.0,-1.483058,22.011303,-1.855587,24.070778,0.145308,0.069475,0.067079,0.0023959999999999,0.075833,0.0782289999999999,0.552215,0.031595326634491,0.1836297186105002,20.0,0,1.0810560572664383,1.2677248677248147,1.0762407572983637,0.012401385924015518,-0.0007531839333378088
390.0,-1.477939,22.01524,-1.869499,24.066315,0.144748,0.069754,0.067326,0.0024279999999999,0.0749939999999999,0.0774219999999999,0.693659,0.0323754916994466,0.2128564003595356,21.0,0,1.069904026201053,1.2846560846560318,1.0643334610635657,0.003987515419571874,0.00938928989396567
391.0,-1.476758,22.017734,-1.864118,24.065527,0.14393,0.069386,0.068113,0.0012729999999999,0.074544,0.075817,0.717233,0.0170769333959352,0.3602608985818851,22.0,0,1.04772433616395,0.6735449735449207,1.0579469493762508,-0.03925653582539368,0.03411951038984444
392.0,-1.469014,22.011171,-1.869762,24.067365,0.143709,0.069617,0.067756,0.001861,0.074092,0.075953,0.839818,0.0251170825853994,0.0590594065763192,23.0,0,1.0496037366904587,0.9846560846560847,1.0515320531925463,0.05241605893381418,0.05407422838339669
393.0,-1.465863,22.011565,-1.870943,24.064608,0.142791,0.069596,0.067856,0.00174,0.073195,0.074935,0.8021,0.0237717908082409,0.1094569652427599,24.0,0,1.0355358709846816,0.9206349206349207,1.0388016065624956,0.10482844267581559,0.08722243973565902
394.0,-1.463895,22.011828,-1.875143,24.061851,0.142092,0.070074,0.067982,0.0020919999999999,0.072018,0.07411,0.948259,0.0290478901401018,0.0881972017730123,25.0,0,1.0241350957319644,1.106878306878254,1.0220973304381147,0.1335767023923392,0.11545989977525403
395.0,-1.463501,22.005527,-1.880655,24.058307,0.14122,0.069213,0.067636,0.0015769999999999,0.072007,0.073584,0.66537,0.021900344406177,0.1795654215943858,26.0,0,1.0168662378132622,0.8343915343914815,1.0219412157079804,0.17364512078968175,0.13856043013497832
396.0,-1.459038,22.017734,-1.888268,24.062508,0.14121,0.069549,0.067819,0.0017299999999999,0.071661,0.073391,1.160425,0.0241411068627723,0.0956215818406405,27.0,0,1.0141991473602023,0.9153439153438625,1.0170306978328438,0.21060811424949422,0.1623122518683982
397.0,-1.449325,22.014059,-1.882887,24.055025,0.140301,0.069507,0.067646,0.001861,0.070794,0.072655,1.014266,0.0262871671728229,0.0152254906626064,28.0,0,1.0040282739226267,0.9846560846560847,1.0047260186486142,0.25246667739518674,0.18178526571125966
398.0,-1.446832,22.00999,-1.884199,24.059226,0.140108,0.069292,0.067373,0.001919,0.070816,0.072735,0.533356,0.0270980131889236,0.0151505663086155,29.0,0,1.0051338036441022,1.0153439153439152,1.005038248108883,0.24992551579801503,0.19473448403154214
399.0,-1.440269,22.00999,-1.890237,24.059882,0.139603,0.069475,0.067531,0.001944,0.070128,0.072072,0.863392,0.0277203439376007,0.0384644309652708,30.0,0,0.9959717260773733,1.0285714285714285,0.9952739813513859,0.24340668952125838,0.1937456002847599
400.0,-1.434756,22.014715,-1.889974,24.060407,0.138886,0.070006,0.06835,0.001656,0.06888,0.070536,0.797385,0.0240414628126769,0.0993544648818581,31.0,0,0.9747455554250417,0.8761904761904762,0.9775620556052285,0.2415057327537704,0.18875796569485823
401.0,-1.432787,22.007627,-1.894043,24.062114,0.138638,0.069208,0.067772,0.001436,0.06943,0.070866,0.717233,0.0206824041134364,0.2251921164109284,32.0,0,0.9793058655261285,0.7597883597883598,0.9853677921119486,0.15547360260322096,0.17919533107178257
402.0,-1.431081,22.00684,-1.901393,24.057388,0.138344,0.069365,0.067882,0.0014829999999999,0.068979,0.070462,0.957688,0.0214989852131052,0.1946012107239941,33.0,0,0.9737229404326767,0.7846560846560318,0.9789670881764381,0.18190824213663925,0.16728765883501748
403.0,-1.421368,22.017341,-1.896405,24.063689,0.137765,0.069964,0.067594,0.0023699999999999,0.067801,0.070171,1.089703,0.0349547210996725,0.3094799486626787,34.0,0,0.9697015760708092,1.253968253968201,0.9622486198038632,0.09493960520799294,0.15996619050462044
404.0,-1.423206,22.013271,-1.902574,24.059882,0.137196,0.070158,0.067888,0.0022699999999999,0.067038,0.069308,1.018981,0.0338608869464042,0.2685025400092686,35.0,0,0.957775674200391,1.2010582010581483,0.9514199344318134,0.08370035649332275,0.14016592541314066
405.0,-1.412968,22.014453,-1.901524,24.067627,0.136865,0.069465,0.067048,0.002417,0.0673999999999999,0.0698169999999999,1.160425,0.0358600020771205,0.3433937448704545,36.0,0,0.9648096070532783,1.2788359788359789,0.9565575282780532,0.07801877455892514,0.12620617115757587
406.0,-1.405355,22.005002,-1.91163,24.063558,0.13636,0.070231,0.068208,0.0020229999999999,0.066129,0.068152,0.787955,0.0305912596401027,0.1460151831514324,37.0,0,0.9418007697250687,1.0703703703703173,0.9385191808234342,0.091531391881843,0.1020648391566756
407.0,-1.403911,22.011696,-1.913074,24.066971,0.136534,0.069475,0.067825,0.0016499999999999,0.067059,0.0687089999999999,0.778526,0.0246048314941842,0.078249447621536,38.0,0,0.9494980204108411,0.8730158730158202,0.951717971643888,0.17925199409121662,0.0848475065810953
408.0,-1.39328,22.010777,-1.914649,24.060801,0.136277,0.069885,0.067552,0.002333,0.066392,0.068725,0.934114,0.035139246607323,0.3163926758904596,39.0,0,0.9497191263551376,1.2343915343915344,0.942251742098466,0.05192286488321696,0.06852309210934897
409.0,-1.395905,22.007496,-1.916618,24.068809,0.135569,0.069685,0.067714,0.001971,0.065884,0.067855,0.905825,0.0299157623131213,0.1207095827280979,40.0,0,0.9376964906340904,1.042857142857143,0.9350420800158954,0.10380914696561105,0.06083361819804285
410.0,-1.391967,22.014453,-1.919374,24.070253,0.135422,0.070242,0.067462,0.00278,0.0651799999999999,0.0679599999999999,0.853963,0.0426504656264863,0.5977792922379768,41.0,0,0.9391474983935257,1.470899470899471,0.9250507372872924,9.241274476723405e-05,0.05384761911829285
411.0,-1.38593,22.018784,-1.922918,24.071566,0.13522,0.070195,0.06731,0.0028849999999999,0.065025,0.06791,1.03784,0.0443668686371604,0.662079485619383,42.0,0,0.9384565423176049,1.5264550264549734,0.9228509388172181,-0.016699723152581947,0.04529939231267679
412.0,-1.381598,22.006183,-1.922261,24.069071,0.134651,0.0701,0.067741,0.002359,0.064551,0.06691,0.849248,0.036544181435122,0.3690245930765436,43.0,0,0.9246374207991598,1.2481481481481482,0.9161238131732448,0.018664097419175962,0.03051485360253727
413.0,-1.374248,22.008809,-1.921868,24.065921,0.134513,0.070384,0.068182,0.0022019999999999,0.0641289999999999,0.0663309999999999,0.618222,0.034336503976298,0.2863201893652041,44.0,0,0.9166361494399788,1.165079365079312,0.9101346844353599,0.018044866094931722,0.0060678367060384986
414.0,-1.369392,22.008809,-1.928955,24.064477,0.134366,0.069591,0.067042,0.0025489999999999,0.064775,0.067324,1.02841,0.0393509941953809,0.474173909494461,45.0,0,0.930358537107796,1.3486772486771956,0.9193028767687089,0.013840365695822698,-0.001534898517791039
415.0,-1.369654,22.006708,-1.932499,24.064739,0.134173,0.069806,0.067021,0.002785,0.0643669999999999,0.0671519999999999,1.051984,0.0432668406661696,0.620870043070175,46.0,0,0.9279816482066222,1.4735449735449737,0.9135124395055406,-0.007463493497235407,-0.01989685985907713
416.0,-1.359941,22.015503,-1.935518,24.063427,0.133613,0.070205,0.067168,0.0030369999999999,0.063408,0.066445,0.943544,0.0478954091690453,0.7942662955604893,47.0,0,0.9182115292930829,1.606878306878254,0.8999020734874613,-0.05631399521955216,-0.027421873704376588
417.0,-1.349966,22.006052,-1.934205,24.066315,0.132969,0.06988,0.066743,0.003137,0.063089,0.066226,0.853963,0.0497226184815343,0.8627175342326932,48.0,0,0.9151851416805433,1.6597883597883598,0.8953747463135636,-0.06521817487377113,-0.032602903131107905
418.0,-1.351016,22.010909,-1.937355,24.067102,0.132464,0.06967,0.06699,0.00268,0.062794,0.065474,0.891681,0.0426785572099689,0.598831664110486,49.0,0,0.9047931622986728,1.4179894179894181,0.8911880330963229,-0.02410448735507842,-0.037447798746232296
419.0,-1.342484,22.007627,-1.944442,24.070122,0.132501,0.070604,0.067147,0.003457,0.061897,0.065354,1.000122,0.0558499466864842,1.0922605879557672,50.0,1,0.9031348677164592,1.8291005291005291,0.8784575864662721,-0.07981046644724987,-0.04313174819665563
420.0,-1.339991,22.014584,-1.949299,24.068153,0.132574,0.070536,0.067237,0.0032989999999999,0.0620379999999999,0.0653369999999999,0.853963,0.0531762278566707,0.9920972599172148,51.0,1,0.9028999426506443,1.7455026455025926,0.8804586934616299,-0.07515772570822732,-0.0481124223655172
421.0,-1.336053,22.009859,-1.945624,24.07301,0.132042,0.07103,0.067846,0.0031839999999999,0.061012,0.0641959999999999,1.075559,0.0521855997902085,0.9549861759547422,52.0,1,0.8871323249980986,1.6846560846560317,0.8658974468145499,-0.06851001741989515,-0.05351721411003234
422.0,-1.326996,22.003427,-1.949824,24.069203,0.132473,0.069502,0.066738,0.0027639999999999,0.062971,0.065735,1.146281,0.0438925236613096,0.6443094901771524,53.0,1,0.9083999530149869,1.4624338624338094,0.8937000610266673,-0.02978485873206793,-0.05160801056050661
423.0,-1.327653,22.005133,-1.957436,24.06789,0.131885,0.070011,0.067205,0.002806,0.061874,0.06468,0.835103,0.045349494949495,0.6988908064524493,54.0,1,0.8938207798130273,1.4846560846560846,0.8781311647578093,-0.03879462840930159,-0.05050782296610662
424.0,-1.314133,22.008546,-1.956124,24.073797,0.131683,0.069958,0.067195,0.002763,0.0617249999999999,0.0644879999999999,0.688944,0.044762336778667,0.6768945831325652,55.0,1,0.8911675084814846,1.4619047619047618,0.8760165197768964,-0.035966375992793065,-0.054686215732290114
425.0,-1.31374,22.006971,-1.95573,24.066971,0.131279,0.070646,0.067504,0.003142,0.060633,0.063775,1.150995,0.0518191113896494,0.9412567226262174,56.0,1,0.8813144748388345,1.6624338624338624,0.8605185847490101,-0.06151141094238677,-0.05412183179604772
426.0,-1.311508,22.010909,-1.959405,24.070384,0.131279,0.069822,0.067048,0.0027739999999999,0.061457,0.064231,1.009551,0.0451365159946629,0.6909121511502256,57.0,1,0.8876159942512454,1.4677248677248147,0.8722129972608961,-0.03722195972429487,-0.052195483219168524
427.0,-1.305471,21.99962,-1.965705,24.070515,0.130893,0.070625,0.067625,0.0029999999999999,0.060268,0.063268,0.929399,0.0497768338615206,0.8647485603936167,58.0,1,0.8743081802289829,1.5873015873015344,0.8553384141581869,-0.0542162989297712,-0.05323504973226434
428.0,-1.297595,22.008284,-1.965049,24.074454,0.130921,0.069937,0.06679,0.0031469999999999,0.060984,0.064131,0.703089,0.0516028531606132,0.9331552185733378,59.0,1,0.8862340820994009,1.665079365079312,0.8655000638651169,-0.06588841501691334,-0.05755470795704406
429.0,-1.29602,22.012484,-1.968986,24.073141,0.130866,0.071051,0.067531,0.00352,0.059815,0.063335,0.830388,0.058847131202354,1.2045416447773167,60.0,1,0.8752340613707187,1.8624338624338626,0.8489093257262883,-0.07416662708482602,-0.05830810476172924
430.0,-1.292477,22.000145,-1.971742,24.066183,0.131114,0.070951,0.067893,0.003058,0.060163,0.063221,1.023696,0.0508277375174523,0.9041176991573014,61.0,1,0.8736586815176159,1.617989417989418,0.853848228097813,-0.05589423993943532,-0.06241433123423701
431.0,-1.285126,22.008415,-1.971217,24.073666,0.130342,0.071066,0.067111,0.003955,0.059276,0.063231,0.886966,0.0667206505052549,1.4995008184797194,62.0,1,0.8737968727328004,2.0925925925925926,0.8412597039497027,-0.07890568255085328,-0.06403251104153722
432.0,-1.276595,22.006315,-1.973842,24.072878,0.130379,0.070452,0.066848,0.0036039999999999,0.0599269999999999,0.0635309999999999,0.896396,0.0601388332665865,1.252931616132988,63.0,1,0.8779426091883324,1.906878306878254,0.850498857524019,-0.07298144097986514,-0.06541747019367815
433.0,-1.274495,22.008415,-1.976073,24.075635,0.130075,0.06988,0.067016,0.0028639999999999,0.060195,0.0630589999999999,0.924685,0.0475779121536313,0.7823721661735201,64.0,1,0.8714199838316266,1.5153439153438626,0.8543023800400221,-0.04632859645615339,-0.06863293769115811
434.0,-1.270688,22.006971,-1.977517,24.07616,0.129974,0.070646,0.066964,0.003682,0.059328,0.06301,0.886966,0.0620607122992129,1.324929388617092,65.0,1,0.870742846877224,1.9481481481481482,0.8419977008557926,-0.07702864071787074,-0.0698084857932216
435.0,-1.262813,22.004083,-1.97883,24.079967,0.129745,0.070814,0.066601,0.004213,0.058931,0.063144,0.740807,0.0714891739632119,1.6781400882686812,66.0,1,0.8725946091606958,2.229100529100529,0.8363633783227601,-0.0776932090153889,-0.07127577117651712
436.0,-1.257563,22.014847,-1.980142,24.075898,0.129524,0.070032,0.067132,0.0029,0.059492,0.062392,0.853963,0.048745230531323,0.8261024538486526,67.0,1,0.862202629778825,1.5343915343915344,0.8443252295596146,-0.05107155124570417,-0.07453655671788015
437.0,-1.254282,22.012221,-1.982505,24.077998,0.129589,0.071187,0.06742,0.003767,0.058402,0.062169,0.787955,0.0645001112956527,1.416314585584253,68.0,1,0.8591209656802118,1.993121693121693,0.828855679028115,-0.08637097390457071,-0.07441037806654964
438.0,-1.245094,22.003558,-1.991561,24.076423,0.130057,0.071108,0.067132,0.003976,0.058949,0.062925,0.825674,0.0674469889737066,1.5267110387434633,69.0,1,0.8695682215481562,2.103703703703704,0.8366188387902528,-0.07764389603754829,-0.07487662357231796
439.0,-1.242469,22.012615,-1.990511,24.073797,0.12912,0.071198,0.067268,0.00393,0.057922,0.061852,0.599363,0.0678486956821988,1.541759846557258,70.0,1,0.8547403041588646,2.0793650793650795,0.8220433998949774,-0.08883948091778127,-0.07909397346200917
440.0,-1.239975,22.010909,-1.991298,24.082724,0.12934,0.071129,0.067352,0.003777,0.058211,0.061988,0.901111,0.0648835291692434,1.430678253827931,71.0,1,0.8566197046853732,1.9984126984126984,0.8261449596230539,-0.08850209535306552,-0.08024131892552865
441.0,-1.231968,22.005264,-1.989723,24.075373,0.128964,0.070478,0.066223,0.0042549999999999,0.0584859999999999,0.0627409999999999,0.938829,0.072751209670525,1.7254186933106244,72.0,1,0.8670255031887608,2.2513227513226988,0.8300478278764125,-0.07764389603754829,-0.08063636329256528
442.0,-1.227506,22.009727,-1.992086,24.078129,0.129359,0.070557,0.066628,0.0039289999999999,0.058802,0.062731,0.717233,0.0668163188952942,1.5030847646402403,73.0,1,0.8668873119735778,2.078835978835926,0.8345325783057295,-0.07764389603754829,-0.08424461555480763
443.0,-1.225012,22.00684,-1.992873,24.071566,0.129193,0.071177,0.067237,0.0039399999999999,0.058016,0.061956,0.924685,0.0679111294965268,1.5440987531601165,74.0,1,0.8561774927967829,2.084656084656032,0.8233774712252168,-0.08850209535306552,-0.08455898904032816
444.0,-1.21228,22.006708,-1.994055,24.065921,0.129276,0.071759,0.06731,0.004449,0.057517,0.061966,0.957688,0.0773496992245907,1.897688122896783,75.0,1,0.8563156840119674,2.353968253968254,0.8162955393763927,-0.08850209535306552,-0.08495896470514885
445.0,-1.205324,22.016422,-1.999698,24.067627,0.129166,0.071087,0.066874,0.0042129999999999,0.058079,0.062292,0.759666,0.0725378787878786,1.7174268540263316,76.0,1,0.8608207176269805,2.229100529100476,0.8242715828614411,-0.08164365268575524,-0.08527032499866805
446.0,-1.206374,22.013928,-1.999567,24.06894,0.129065,0.070988,0.067,0.0039879999999999,0.058077,0.062065,0.886966,0.0686662763869277,1.5723881996258815,77.0,1,0.8576837770422935,2.110052910052857,0.824243198365053,-0.08715407386812757,-0.08540537058080475
447.0,-1.199811,22.010515,-2.000617,24.064214,0.128927,0.07083,0.067126,0.0037039999999999,0.058097,0.061801,0.79267,0.0637543461048572,1.388376598009625,78.0,1,0.854035528961424,1.959788359788307,0.8245270433289338,-0.08951470875977607,-0.08627807836750698
448.0,-1.193642,22.006183,-2.009017,24.062639,0.1289,0.070452,0.066654,0.0037979999999999,0.0584479999999999,0.0622459999999999,0.797385,0.0649797259149001,1.434281993340106,79.0,1,0.8601850380371306,2.0095238095237566,0.8295085224450391,-0.08164365268575524,-0.08770899714904948
449.0,-1.184192,22.003033,-2.003242,24.063033,0.128477,0.070898,0.067063,0.003835,0.057579,0.061414,0.754952,0.0666029871483154,1.4950928929761722,80.0,2,0.8486875289337857,2.029100529100529,0.8171754587644229,-0.09195308385297318,-0.08784404273118616
450.0,-1.181435,22.015765,-2.009936,24.060539,0.128688,0.070772,0.066916,0.0038559999999999,0.0579159999999999,0.0617719999999999,0.844533,0.066578034083257,1.494158096836374,81.0,2,0.8536347744373877,2.040211640211587,0.8219582464058117,-0.08985255117443247,-0.08869916411893941
451.0,-1.174479,22.01314,-2.011248,24.061064,0.128541,0.071213,0.066402,0.0048109999999999,0.0573279999999999,0.0621389999999999,0.787955,0.0839191334228749,2.1437934295928973,82.0,2,0.858706392034657,2.5455026455025926,0.8136132044677183,-0.08637097390457071,-0.08996768836021649
452.0,-1.168704,22.011565,-2.013348,24.060276,0.127825,0.070326,0.066418,0.0039079999999999,0.0574989999999999,0.0614069999999999,0.8021,0.0679652173913042,1.546125003447579,83.0,2,0.8485907950831552,2.067724867724815,0.8160400789088985,-0.09195308385297318,-0.09088940935040006
453.0,-1.164766,22.016422,-2.012692,24.057126,0.128027,0.070189,0.06625,0.0039389999999999,0.057838,0.061777,0.990692,0.0681028371859817,1.551280540553865,84.0,2,0.8537038700449813,2.0841269841269314,0.8208512510466783,-0.08985255117443247,-0.09133684187946946
454.0,-1.163191,22.012615,-2.013348,24.053056,0.128018,0.071145,0.067163,0.0039819999999999,0.0568729999999999,0.0608549999999999,1.353732,0.070014417835918,1.6228925132028629,85.0,2,0.8409626400049736,2.106878306878254,0.8071557315394319,-0.09705330923059796,-0.09236778499619125
455.0,-1.149803,22.011828,-2.021092,24.057913,0.128008,0.07083,0.067027,0.003803,0.057178,0.060981,0.877537,0.066510432151664,1.4916255813098038,86.0,2,0.842703849316299,2.0121693121693123,0.8114843672386143,-0.09432889509852593,-0.09260536612074652
456.0,-1.150853,22.012353,-2.022404,24.055682,0.128275,0.071339,0.067405,0.0039339999999999,0.056936,0.0608699999999999,0.698374,0.0690939108137062,1.5884083162112077,87.0,2,0.8411699268277503,2.0814814814814286,0.8080498431756575,-0.0963712837699634,-0.09349621771314934
457.0,-1.141928,22.011303,-2.021748,24.052137,0.127769,0.070405,0.066675,0.0037299999999999,0.057364,0.0610939999999999,0.877537,0.0650222260960515,1.4358741426487405,88.0,2,0.8442654100478819,1.9735449735449206,0.8141241254027051,-0.09398903405046999,-0.09456445124575207
458.0,-1.134315,22.014715,-2.027261,24.055156,0.12799,0.070342,0.066554,0.0037879999999999,0.0576479999999999,0.0614359999999999,1.004836,0.0657079914655935,1.4615644062998747,89.0,2,0.8489915496071901,2.0042328042327515,0.81815472388981,-0.09195308385297318,-0.09507447378351455
459.0,-1.134971,22.017341,-2.019911,24.051875,0.127916,0.071124,0.066969,0.004155,0.0567919999999999,0.060947,0.849248,0.0731604247002272,1.7407487791825305,90.0,2,0.8422339991846719,2.198412698412698,0.8060061594357149,-0.09432889509852593,-0.09596532537591737
460.0,-1.129327,22.008677,-2.026473,24.047936,0.127402,0.070725,0.066916,0.0038089999999999,0.0566769999999999,0.0604859999999999,0.580504,0.0672042062175799,1.5176158681619984,91.0,2,0.8358633841646673,2.0153439153438626,0.8043740508934006,-0.09876106709846066,-0.09559097162007846
461.0,-1.122371,22.016816,-2.026736,24.048068,0.127237,0.070735,0.066664,0.004071,0.0565019999999999,0.0605729999999999,0.844533,0.0720492717200857,1.6991225695714438,92.0,2,0.837065647736772,2.153968253968254,0.8018904074594443,-0.09705330923059796,-0.09603418882007193
462.0,-1.116858,22.011303,-2.034348,24.044655,0.127595,0.072027,0.06688,0.0051469999999999,0.0555679999999999,0.0607149999999999,0.868107,0.0926235850924076,2.469881138685311,93.0,2,0.8390279629923912,2.7232804232803702,0.7886348476462143,-0.09705330923059796,-0.09610239136613538
463.0,-1.106358,22.011171,-2.039336,24.044392,0.127365,0.07229,0.067347,0.0049429999999999,0.055075,0.060018,0.731378,0.089748710872249,2.36218209181006,94.0,2,0.8293960352940364,2.6153439153438622,0.7816380692865557,-0.09876106709846066,-0.09640881888414818
464.0,-1.101633,22.013928,-2.039729,24.040979,0.127567,0.071145,0.066323,0.004822,0.056422,0.061244,0.759666,0.0854616025379722,2.2015776805926937,95.0,2,0.84633827827565,2.5513227513227514,0.8007550276039228,-0.09330977167220889,-0.09708961720869694
465.0,-1.098614,22.01209,-2.033167,24.045311,0.12709,0.071093,0.067258,0.003835,0.055997,0.059832,1.113277,0.068484588735312,1.5655817846631663,96.0,2,0.8268256786916056,2.029100529100529,0.7947233221214572,-0.09876106709846066,-0.0975328344086904
466.0,-1.097301,22.018653,-2.035923,24.044261,0.127016,0.070609,0.066234,0.004375,0.0564069999999999,0.0607819999999999,0.981262,0.0775599205786414,1.9055634724704544,97.0,2,0.839953844134127,2.314814814814815,0.8005421438810109,-0.09705330923059796,-0.0975328344086904
467.0,-1.091132,22.009334,-2.045767,24.033759,0.127558,0.070762,0.066953,0.003809,0.056796,0.060605,1.103847,0.0670634012359809,1.512341007019495,98.0,2,0.8375078596253637,2.0153439153439154,0.8060629284284924,-0.09705330923059796,-0.09770361019547667
468.0,-1.084307,22.011171,-2.045242,24.041242,0.126685,0.07093,0.066785,0.004145,0.0557549999999999,0.0598999999999999,0.91997,0.0743417748762467,1.7850047285701829,99.0,2,0.8277653789548585,2.1931216931216935,0.791288798058499,-0.09876106709846066,-0.09770361019547667
469.0,-1.075776,22.013665,-2.045635,24.037435,0.126548,0.070935,0.066649,0.0042859999999999,0.0556129999999999,0.0598989999999999,0.886966,0.0770669255942747,1.8870948071082403,100.0,2,0.82775155983334,2.267724867724815,0.7892734988149459,-0.09876106709846066,-0.0975328344086904
470.0,-1.070788,22.020228,-2.051673,24.035465,0.12697,0.071423,0.067142,0.004281,0.055547,0.059828,0.759666,0.0770684813134587,1.8871530877356657,101.0,2,0.8267704022055318,2.265079365079365,0.7883368104341409,-0.09876106709846066,-0.09807796395131559
471.0,-1.062388,22.011828,-2.055085,24.033234,0.126492,0.070662,0.066517,0.0041449999999999,0.0558299999999999,0.0599749999999999,1.051984,0.0742419086170764,1.7812635210932737,102.0,2,0.8288018130687419,2.19312169312164,0.7923532166730518,-0.09876106709846066,-0.09807796395131559
472.0,-1.060288,22.017866,-2.05456,24.03901,0.127025,0.070195,0.066276,0.0039189999999999,0.05683,0.060749,0.985977,0.0689588428850449,1.5833483775612898,103.0,2,0.8394978131240197,2.0735449735449207,0.8065454648670897,-0.09705330923059796,-0.09807796395131559
473.0,-1.053462,22.009465,-2.052329,24.037828,0.126851,0.070525,0.066229,0.004296,0.0563259999999999,0.0606219999999999,1.004836,0.0762689296429777,1.8572001415390953,104.0,2,0.8377427846911758,2.2730158730158734,0.7993925717772938,-0.09705330923059796,-0.09824873973810186
474.0,-1.044143,22.006315,-2.053642,24.036778,0.126603,0.070567,0.066244,0.004323,0.0560359999999999,0.0603589999999999,0.55693,0.0771454574656032,1.8900367819717308,105.0,2,0.8341083557318247,2.287301587301587,0.7952768198010233,-0.09876106709846066,-0.09824873973810186
475.0,-1.043093,22.013009,-2.061385,24.037435,0.126639,0.071639,0.067179,0.0044599999999999,0.055,0.05946,0.934114,0.08108943473755,2.0377867565994525,106.0,2,0.8216849654867441,2.3597883597883067,0.780573650672003,-0.09876106709846066,-0.09824873973810186
476.0,-1.039287,22.017078,-2.053642,24.036778,0.127034,0.070641,0.066271,0.0043699999999999,0.056393,0.060763,0.740807,0.0774905131751604,1.9029633200364553,107.0,2,0.8396912808252779,2.3121693121692592,0.8003434524062957,-0.09705330923059796,-0.09800976140525212
477.0,-1.030755,22.018391,-2.061385,24.038091,0.12663,0.071282,0.066187,0.005095,0.0553479999999999,0.060443,0.764381,0.0920522502664908,2.4484776923131495,108.0,2,0.8352691619393755,2.695767195767196,0.7855125530435262,-0.09876106709846066,-0.09800976140525212
478.0,-1.028262,22.016159,-2.056267,24.038485,0.126511,0.070814,0.066397,0.004417,0.055697,0.060114,1.000122,0.0793026679593522,1.9708505833050096,109.0,2,0.8307226709598071,2.337037037037037,0.7904656476632465,-0.09876106709846066,-0.0981805371920384
479.0,-1.02288,22.016947,-2.059154,24.043211,0.126244,0.070919,0.065982,0.0049369999999999,0.055325,0.0602619999999999,1.009551,0.0892347178541733,2.3429267943924827,110.0,2,0.8327679009445356,2.612169312169259,0.7851861313350649,-0.09876106709846066,-0.09835131297882467
480.0,-1.011724,22.016816,-2.059285,24.040716,0.126786,0.070678,0.065898,0.00478,0.056108,0.060888,0.948259,0.0851913240300131,2.191452459289463,111.0,2,0.8414186710150836,2.5291005291005293,0.7962986616709953,-0.0963712837699634,-0.0979080957788312
481.0,-1.002011,22.018916,-2.067423,24.040191,0.126639,0.070778,0.066449,0.0043289999999999,0.055861,0.06019,0.971833,0.0774945401167161,1.9031141780337664,112.0,2,0.831772924195209,2.2904761904761375,0.7927931763670684,-0.09876106709846066,-0.0979080957788312
482.0,-1.000961,22.024297,-2.074379,24.050956,0.126575,0.071009,0.066565,0.004444,0.0555659999999999,0.0600099999999999,1.056699,0.0799755250418414,1.996057274421864,113.0,2,0.8292854823218874,2.3513227513227513,0.7886064631498262,-0.09876106709846066,-0.09807887156561747
483.0,-1.000304,22.016028,-2.067029,24.041373,0.126474,0.070636,0.066449,0.004187,0.055838,0.060025,1.000122,0.0749834345170939,1.8090426956064425,114.0,2,0.8294927691446655,2.215343915343915,0.7924667546586055,-0.09876106709846066,-0.09807887156561747
484.0,-0.98731,22.022854,-2.074248,24.039535,0.126566,0.070893,0.065546,0.005347,0.055673,0.06102,0.745522,0.0960412400761576,2.5979139345959523,115.0,2,0.8432427950555184,2.829100529100529,0.7901250337065895,-0.09432889509852593,-0.0979080957788312
485.0,-0.989935,22.032042,-2.074773,24.048199,0.126355,0.070195,0.06584,0.0043549999999999,0.05616,0.060515,0.773811,0.0775449155107636,1.9050013499617893,116.0,2,0.8362641386887035,2.3042328042327513,0.7970366585770853,-0.09876106709846066,-0.09773731999204492
486.0,-0.983898,22.022328,-2.077135,24.047936,0.126079,0.070562,0.065677,0.004885,0.055517,0.060402,0.929399,0.087989480889081,2.29627750680491,117.0,2,0.8347025779571192,2.5846560846560847,0.7879110429883198,-0.09876106709846066,-0.09773731999204492
487.0,-0.976416,22.027316,-2.072673,24.048987,0.126006,0.070294,0.065536,0.0047579999999999,0.055712,0.06047,1.056699,0.085401970814711,2.199343746421341,118.0,2,0.8356422782203736,2.5174603174602646,0.7906785313861568,-0.09876106709846066,-0.09705652166749618
488.0,-0.969985,22.02036,-2.08081,24.038879,0.12663,0.071292,0.06595,0.0053419999999999,0.055338,0.06068,0.641796,0.0965322828385044,2.616309465471325,119.0,2,0.838544293739247,2.8264550264549735,0.7853706305615873,-0.09705330923059796,-0.0968857458807099
489.0,-0.965522,22.019835,-2.080416,24.043867,0.126437,0.070473,0.065772,0.0047009999999999,0.055964,0.060665,0.91997,0.0839989279013668,2.1467827044694228,120.0,2,0.8383370069164703,2.487301587301534,0.7942549779310542,-0.09705330923059796,-0.0968857458807099
490.0,-0.958041,22.031123,-2.080548,24.051087,0.126364,0.071366,0.065457,0.0059089999999999,0.054998,0.060907,1.316014,0.1074383170603101,3.024873249807092,121.0,2,0.841681234323934,3.1264550264549733,0.7805452661756149,-0.0963712837699634,-0.0971581872939171
491.0,-0.952265,22.022722,-2.086979,24.049774,0.126244,0.069953,0.064748,0.005205,0.0562909999999999,0.0614959999999999,1.051984,0.0924642933276487,2.463913722399994,122.0,2,0.8498206968982968,2.7539682539682544,0.7988958430905025,-0.09195308385297318,-0.0971581872939171
492.0,-0.94544,22.023247,-2.079891,24.055025,0.126437,0.070457,0.065746,0.004711,0.0559799999999999,0.0606909999999999,0.750237,0.0841535520980334,2.152575263492724,123.0,2,0.8386963040759485,2.4925925925925925,0.7944820539021572,-0.09705330923059796,-0.0971581872939171
493.0,-0.941896,22.027841,-2.085798,24.057651,0.126051,0.070982,0.065798,0.005184,0.0550689999999999,0.060253,0.990692,0.0941347376066825,2.526492201642204,124.0,2,0.832643528850871,2.742857142857143,0.7815529157973902,-0.09876106709846066,-0.0971581872939171
494.0,-0.934677,22.023247,-2.091179,24.053844,0.126198,0.071066,0.065509,0.005557,0.055132,0.060689,0.670085,0.100792628734152,2.775911297475933,125.0,2,0.838668665832913,2.9402116402116403,0.7824470274336158,-0.09705330923059796,-0.09708998474785366
495.0,-0.934284,22.025741,-2.08711,24.057126,0.126226,0.070841,0.066192,0.004649,0.055385,0.060034,0.717233,0.0839381793232947,2.144506930485461,126.0,2,0.8296171412383315,2.45978835978836,0.786037666226707,-0.09876106709846066,-0.09726076053463992
496.0,-0.922208,22.019178,-2.090523,24.059751,0.126318,0.071402,0.065919,0.0054829999999999,0.054916,0.060399,0.962403,0.0998415791102934,2.7402829081354807,127.0,2,0.834661120592564,2.9010582010581483,0.7793815018237039,-0.09876106709846066,-0.09749973886748965
497.0,-0.918796,22.024429,-2.09026,24.060407,0.126272,0.070867,0.06573,0.005137,0.0554049999999999,0.060542,0.542785,0.0927155903692741,2.4733278566517996,128.0,2,0.8366372549697015,2.717989417989418,0.7863215111905864,-0.09876106709846066,-0.0981805371920384
498.0,-0.919321,22.027448,-2.091704,24.063033,0.126345,0.070163,0.065441,0.004722,0.056182,0.060904,1.183999,0.084046775715074,2.1485751877353647,129.0,2,0.8416397769593787,2.4984126984126984,0.797348888037354,-0.0963712837699634,-0.09767051465427593
499.0,-0.910264,22.030729,-2.090916,24.06579,0.126235,0.071171,0.065893,0.005278,0.055064,0.060342,0.575789,0.0958503586670299,2.5907631014620662,130.0,2,0.8338734306660126,2.7925925925925923,0.7814819545564213,-0.09876106709846066,-0.0972612988922348
500.0,-0.905276,22.017341,-2.093935,24.059095,0.126088,0.071838,0.065877,0.0059609999999999,0.05425,0.060211,0.78324,0.1098781589279459,3.1162750376933825,131.0,2,0.8320631257470963,3.1539682539682015,0.7699294645264757,-0.09876106709846066,-0.09743207467902107
501.0,-0.898976,22.028498,-2.094591,24.070515,0.126042,0.070756,0.065683,0.0050729999999999,0.0552859999999999,0.0603589999999999,0.995407,0.0917575560258287,2.4374378045099254,132.0,2,0.8341083557318247,2.684126984126931,0.784632633655496,-0.09876106709846066,-0.0972612988922348
502.0,-0.890051,22.031254,-2.092623,24.068809,0.126318,0.071161,0.064879,0.0062819999999999,0.055157,0.061439,0.787955,0.1138910040248013,3.266604950967124,133.0,2,0.8490330069717469,3.3238095238094707,0.7828018336384667,-0.09195308385297318,-0.0972612988922348
503.0,-0.887163,22.032173,-2.093541,24.075241,0.126051,0.070893,0.064974,0.0059189999999999,0.055158,0.0610769999999999,0.985977,0.1073079642488078,3.019989949710739,134.0,2,0.8440304849820683,3.131746031745979,0.7828160258866608,-0.0946689094780494,-0.0972612988922348
504.0,-0.886376,22.023247,-2.092491,24.068153,0.12584,0.071203,0.066255,0.004948,0.054637,0.059585,0.717233,0.0905596837365937,2.392562900792651,135.0,2,0.8234123556765497,2.6179894179894183,0.7754218645775678,-0.09876106709846066,-0.09750027722508452
505.0,-0.881913,22.023772,-2.09446,24.069728,0.126061,0.071969,0.065404,0.006565,0.054092,0.060657,0.764381,0.1213650564768084,3.5465992267975244,136.0,2,0.8382264539443228,3.4735449735449735,0.767687089311818,-0.09705330923059796,-0.09698910314171204
506.0,-0.873775,22.022066,-2.094329,24.069728,0.126125,0.072615,0.065856,0.006759,0.0535099999999999,0.0602689999999999,0.891681,0.1263104782194315,3.7318654914368383,137.0,2,0.8328646347951647,3.5761904761904764,0.7594272008628873,-0.09876106709846066,-0.09681832735492577
507.0,-0.867869,22.018784,-2.098135,24.073666,0.125987,0.072017,0.065956,0.0060609999999999,0.0539699999999999,0.0600309999999999,0.797385,0.1123010505641918,3.2070418330112345,138.0,2,0.8295756838737748,3.206878306878254,0.765955635032144,-0.09876106709846066,-0.09613752903037702
508.0,-0.862094,22.025347,-2.097479,24.074716,0.126153,0.071035,0.065709,0.0053259999999999,0.0551179999999999,0.0604439999999999,0.985977,0.0966272973022006,2.6198689141274394,139.0,2,0.8352829810608926,2.817989417989365,0.7822483359588979,-0.09876106709846066,-0.0966475515681395
509.0,-0.85225,22.029679,-2.093804,24.075766,0.126116,0.070132,0.06479,0.0053419999999999,0.055984,0.061326,1.009551,0.0954184156470483,2.574581575595563,140.0,2,0.8474714462401626,2.8264550264549735,0.7945388228949348,-0.09364932626473588,-0.09705676733018062
510.0,-0.848181,22.025873,-2.089079,24.075241,0.126033,0.071439,0.065284,0.006155,0.054594,0.060749,0.995407,0.1127392618371647,3.223458181280747,141.0,2,0.8394978131240197,3.2566137566137567,0.7748115979052241,-0.09705330923059796,-0.09688599154339436
511.0,-0.849625,22.030073,-2.094723,24.074979,0.126189,0.071276,0.064737,0.006539,0.0549129999999999,0.0614519999999999,0.820959,0.1190771023782642,3.460887485400386,142.0,2,0.8492126555514853,3.4597883597883596,0.7793389250791204,-0.09195308385297318,-0.09661355013018716
512.0,-0.846606,22.033748,-2.088554,24.077079,0.126198,0.071219,0.065373,0.005846,0.054979,0.060825,0.679515,0.1063295743906875,2.983337335675279,143.0,2,0.8405480663594215,3.093121693121693,0.7802756134599282,-0.09705330923059796,-0.09661355013018716
513.0,-0.841224,22.025873,-2.091179,24.075898,0.125987,0.07178,0.065452,0.006328,0.0542069999999999,0.0605349999999999,0.863392,0.1167355371900826,3.3731673558743323,144.0,2,0.8365405211190712,3.3481481481481485,0.7693191978541307,-0.09876106709846066,-0.0959327518056384
514.0,-0.836237,22.027316,-2.091179,24.074585,0.125831,0.070357,0.065084,0.005273,0.0554739999999999,0.0607469999999999,0.825674,0.0950518251464623,2.5608482973777615,145.0,2,0.8394701748809814,2.78994708994709,0.7873007763159748,-0.09705330923059796,-0.09548953460564494
515.0,-0.835449,22.022854,-2.081598,24.07301,0.125932,0.070394,0.064968,0.005426,0.0555379999999999,0.0609639999999999,0.938829,0.0976971137398945,2.659946566868973,146.0,2,0.842468924250484,2.870899470899471,0.7882090802003932,-0.09432889509852593,-0.09576173035616768
516.0,-0.830199,22.028235,-2.088685,24.076029,0.125822,0.071586,0.065268,0.0063179999999999,0.0542359999999999,0.0605539999999999,1.15571,0.1164887438464515,3.363921939953922,147.0,2,0.8368030844279215,3.34285714285709,0.7697307730517577,-0.09876106709846066,-0.09593250614295395
517.0,-0.82193,22.020885,-2.089866,24.07406,0.126309,0.071203,0.064827,0.006376,0.055106,0.061482,0.816244,0.115702179396447,3.334455523309521,148.0,2,0.84962722919704,3.3735449735449734,0.7820780289805709,-0.09195308385297318,-0.0966133044675027
518.0,-0.809461,22.030992,-2.092491,24.078129,0.12607,0.070946,0.064953,0.0059929999999999,0.0551239999999999,0.0611169999999999,0.882251,0.1087165532879818,3.072758761610131,149.0,2,0.8445832498428062,3.170899470899418,0.7823334894480621,-0.09432889509852593,-0.09610328192974023
519.0,-0.808279,22.021935,-2.094329,24.075635,0.125831,0.071114,0.064921,0.0061929999999999,0.054717,0.0609099999999999,0.698374,0.1131803062977446,3.239980666925856,150.0,2,0.841722691688488,3.2767195767195236,0.7765572444330907,-0.0963712837699634,-0.09610328192974023
520.0,-0.809329,22.022066,-2.088948,24.070909,0.125721,0.070977,0.065352,0.005625,0.054744,0.060369,0.750237,0.1027491095077176,2.8492053265034514,151.0,2,0.8342465469470106,2.9761904761904763,0.7769404351343296,-0.09876106709846066,-0.09603507938367677
521.0,-0.806179,22.024954,-2.085798,24.076029,0.12596,0.071849,0.065971,0.0058779999999999,0.0541109999999999,0.0599889999999999,0.990692,0.1086265523358958,3.0693871300133253,152.0,2,0.8289952807700001,3.110052910052857,0.7679567420275032,-0.09876106709846066,-0.09630752079688397
522.0,-0.800535,22.019441,-2.092098,24.075898,0.126401,0.071471,0.06501,0.006461,0.05493,0.061391,1.061414,0.1176202872694836,3.406312019945595,153.0,2,0.8483696891388615,3.4185185185185185,0.7795801932984204,-0.09195308385297318,-0.0961367450100977
523.0,-0.785704,22.023247,-2.089998,24.079705,0.1263,0.071964,0.066092,0.005872,0.0543359999999999,0.060208,0.938829,0.108066326812301,3.0483998622910473,154.0,2,0.8320216683825409,3.106878306878307,0.7711499978711613,-0.09876106709846066,-0.09664676754786018
524.0,-0.786229,22.023379,-2.084879,24.079705,0.126033,0.071276,0.065158,0.006118,0.054757,0.060875,0.754952,0.1117279666897989,3.185572863475488,155.0,2,0.8412390224353438,3.2370370370370374,0.7771249343608522,-0.0963712837699634,-0.09708998474785366
525.0,-0.779141,22.027054,-2.088816,24.07721,0.126024,0.071245,0.065226,0.0060189999999999,0.0547789999999999,0.0607979999999999,1.094418,0.1098758671047827,3.1161891810084006,156.0,2,0.8401749500784221,3.184656084656032,0.7774371638211195,-0.09705330923059796,-0.0971581872939171
526.0,-0.772841,22.023247,-2.084616,24.082593,0.125748,0.070688,0.065026,0.005662,0.05506,0.060722,0.915255,0.1028314051688127,2.8522883011253537,157.0,2,0.8391246968430217,2.995767195767196,0.7814251855636452,-0.09705330923059796,-0.0971581872939171
527.0,-0.769822,22.032304,-2.080416,24.080886,0.125656,0.070799,0.064916,0.0058829999999999,0.0548569999999999,0.0607399999999999,0.943544,0.107240511867002,3.0174630366447657,158.0,2,0.8393734410303523,3.1126984126983595,0.7785441591802543,-0.09705330923059796,-0.0971581872939171
528.0,-0.765097,22.022854,-2.086716,24.081017,0.125583,0.07146,0.06542,0.0060399999999999,0.054123,0.0601629999999999,0.981262,0.111595595299682,3.1806139430297913,159.0,2,0.8313998079142095,3.1957671957671425,0.7681270490058331,-0.09876106709846066,-0.09783898561846585
529.0,-0.767066,22.024691,-2.086454,24.080886,0.125629,0.071166,0.064963,0.0062029999999999,0.054463,0.0606659999999999,1.042555,0.1138917450058751,3.2666327097312617,160.0,2,0.8383508260379874,3.2820105820105288,0.7729524133918054,-0.09705330923059796,-0.09732781153509337
530.0,-0.760765,22.021147,-2.083435,24.080098,0.125509,0.071906,0.065693,0.0062129999999999,0.053603,0.059816,0.825674,0.1159055294381015,3.342073458562015,161.0,2,0.8266045727473105,3.2873015873015343,0.7607470799449341,-0.09876106709846066,-0.09756678986794311
531.0,-0.75709,22.018259,-2.083829,24.079967,0.12539,0.072043,0.065294,0.0067489999999999,0.053347,0.060096,0.778526,0.1265089600359899,3.739301052379127,162.0,2,0.8304739267724751,3.570899470899418,0.7571138644072608,-0.09876106709846066,-0.09773756565472938
532.0,-0.753284,22.02456,-2.080023,24.082068,0.12607,0.071885,0.065504,0.0063809999999999,0.0541849999999999,0.0605659999999999,0.703089,0.1177610452884508,3.4115851217656736,163.0,2,0.8369689138861429,3.3761904761904233,0.7690069683938618,-0.09876106709846066,-0.09773756565472938
533.0,-0.745146,22.023247,-2.079104,24.083774,0.126051,0.071576,0.064695,0.0068809999999999,0.0544749999999999,0.0613559999999999,0.712518,0.1263125045891768,3.731941403658896,164.0,2,0.8478860198857144,3.640740740740688,0.7731227203701324,-0.09364932626473588,-0.09790834144151564
534.0,-0.742521,22.015897,-2.083698,24.083249,0.125712,0.07251,0.065761,0.006749,0.0532019999999999,0.0599509999999999,0.608793,0.1268537488487492,3.75221759190877,165.0,2,0.8284701541522992,3.570899470899471,0.7550559884191241,-0.09876106709846066,-0.09790834144151564
535.0,-0.73819,22.023641,-2.082123,24.087056,0.125904,0.071885,0.065992,0.005893,0.0540189999999999,0.0599119999999999,1.004836,0.109089226212514,3.0867199006703716,166.0,2,0.8279312084130799,3.117989417989418,0.7666510551936518,-0.09876106709846066,-0.09790834144151564
536.0,-0.730577,22.026004,-2.077529,24.088106,0.125904,0.07114,0.065247,0.0058929999999999,0.0547639999999999,0.0606569999999999,0.853963,0.1076052223135213,3.0311258839443607,167.0,2,0.8382264539443214,3.117989417989365,0.777224280098209,-0.09705330923059796,-0.09746512424152218
537.0,-0.734515,22.021803,-2.078316,24.087712,0.125362,0.071177,0.065478,0.005699,0.054185,0.059884,0.967118,0.1051747683903593,2.940075788895568,168.0,2,0.8275442730105648,3.0153439153439154,0.7690069683938633,-0.09876106709846066,-0.09691999469889699
538.0,-0.723489,22.026529,-2.076216,24.091782,0.1255,0.071618,0.065026,0.006592,0.053882,0.060474,0.750237,0.1223391422155411,3.5830905991506734,169.0,2,0.8356975547064474,3.4878306878306877,0.7647067171910703,-0.09876106709846066,-0.09691999469889699
539.0,-0.724539,22.025347,-2.076348,24.094538,0.125647,0.071187,0.065068,0.0061189999999999,0.05446,0.060579,0.934114,0.1123556306347661,3.2090865212755126,170.0,2,0.8371485624658841,3.2375661375660845,0.7729098366472233,-0.09705330923059796,-0.096987951582276
540.0,-0.715876,22.027841,-2.074642,24.094538,0.125849,0.071397,0.064837,0.0065599999999999,0.0544519999999999,0.0610119999999999,0.901111,0.1204708647824729,3.5131008592764603,171.0,2,0.8431322420833695,3.4708994708994183,0.7727962986616697,-0.09432889509852593,-0.096987951582276
541.0,-0.705376,22.025216,-2.070704,24.093488,0.126125,0.070447,0.06489,0.0055569999999999,0.0556779999999999,0.0612349999999999,0.703089,0.0998042349898524,2.738883916085779,172.0,2,0.8462139061819827,2.940211640211587,0.7901959949475583,-0.09330977167220889,-0.09647677749890352
542.0,-0.707607,22.020622,-2.067948,24.086268,0.12562,0.071964,0.065404,0.0065599999999999,0.053656,0.060216,0.948259,0.1222580464804218,3.58005257636806,173.0,2,0.8321322213546885,3.4708994708994183,0.7614992690992181,-0.09876106709846066,-0.09664755328568979
543.0,-0.70682,22.022722,-2.07241,24.092569,0.125638,0.071749,0.064548,0.0072009999999999,0.053889,0.06109,0.79267,0.1336240489886806,4.005847774063229,174.0,2,0.8442101335618095,3.8100529100528573,0.7648060629284286,-0.09432889509852593,-0.09664755328568979
544.0,-0.695532,22.027841,-2.071623,24.091388,0.125519,0.071775,0.065515,0.00626,0.0537439999999999,0.0600039999999999,0.825674,0.1164759512512792,3.3634427014893467,175.0,2,0.8292025675927768,3.312169312169312,0.7627481869402919,-0.09876106709846066,-0.09647677749890352
545.0,-0.691988,22.023772,-2.067554,24.091257,0.126033,0.071528,0.064669,0.0068589999999999,0.054505,0.061364,0.915255,0.1258393571349941,3.7142162699853527,176.0,2,0.8479965728578635,3.629100529100476,0.773548487815955,-0.09364932626473588,-0.09664755328568979
546.0,-0.692382,22.024954,-2.065454,24.092832,0.125528,0.070956,0.065121,0.005835,0.0545719999999999,0.060407,1.117992,0.1069210048925294,3.0054936098157876,177.0,2,0.8347716735647116,3.0873015873015874,0.7744993684449539,-0.09876106709846066,-0.09654564094305809
547.0,-0.687525,22.018128,-2.072148,24.087844,0.125693,0.071817,0.065672,0.006145,0.0538759999999999,0.060021,0.929399,0.1140560907251705,3.272789458155948,178.0,2,0.8294374926585917,3.2513227513227516,0.7646215637019047,-0.09876106709846066,-0.09691999469889699
548.0,-0.678469,22.02246,-2.068079,24.091913,0.12595,0.07262,0.065252,0.0073679999999999,0.05333,0.060698,0.769096,0.1381560443269393,4.1756261855676495,179.0,2,0.8387930379265791,3.8984126984126455,0.7568725961879622,-0.09705330923059796,-0.09674921891211072
549.0,-0.677944,22.02771,-2.070442,24.092176,0.125546,0.071765,0.065383,0.0063819999999999,0.0537809999999999,0.0601629999999999,0.78324,0.1186642371053512,3.44542065347124,180.0,2,0.8313998079142095,3.3767195767195237,0.7632733001234712,-0.09876106709846066,-0.0971924361121042
550.0,-0.673481,22.029023,-2.068342,24.092832,0.125776,0.071287,0.064622,0.006665,0.0544889999999999,0.061154,0.962403,0.1223160212883098,3.582224438882439,181.0,2,0.84509455733899,3.5264550264550265,0.7733214118448489,-0.09330977167220889,-0.0971924361121042
551.0,-0.668887,22.029417,-2.065454,24.094801,0.126171,0.071833,0.065467,0.0063659999999999,0.054338,0.060704,1.000122,0.1171534257163362,3.388822369809213,182.0,2,0.8388759526556897,3.3682539682539154,0.7711783823675509,-0.09705330923059796,-0.09770361019547667
552.0,-0.6618,22.022591,-2.060467,24.093094,0.125748,0.07167,0.065016,0.0066539999999999,0.054078,0.0607319999999999,0.981262,0.1230422160173078,3.609429274353328,183.0,2,0.8392628880582047,3.5206349206348677,0.7674883978371014,-0.09705330923059796,-0.09746463186262695
553.0,-0.660225,22.015897,-2.064535,24.094013,0.125656,0.072442,0.06552,0.006922,0.0532139999999999,0.0601359999999999,0.78324,0.1300761063609887,3.872934119374917,184.0,2,0.8310266916332115,3.6624338624338626,0.7552262953974526,-0.09876106709846066,-0.09702141466263348
554.0,-0.657993,22.021541,-2.067029,24.102152,0.125969,0.072269,0.065635,0.006634,0.0537,0.060334,0.882251,0.1235358745647194,3.62792279823178,185.0,2,0.833762877693865,3.5100529100529103,0.7621237280197556,-0.09876106709846066,-0.09630133885701693
555.0,-0.652874,22.021672,-2.051542,24.095457,0.125757,0.072337,0.065478,0.006859,0.05342,0.060279,0.618222,0.12839520038936,3.8099637223530474,186.0,2,0.8330028260103506,3.629100529100529,0.7581498985254255,-0.09876106709846066,-0.09613056307023066
556.0,-0.648018,22.026923,-2.054429,24.092569,0.125666,0.071329,0.06479,0.006539,0.0543369999999999,0.060876,0.985977,0.12033935735581,3.508174304782597,187.0,2,0.8412528415568623,3.4597883597883596,0.7711641901193554,-0.0963712837699634,-0.09650491682606957
557.0,-0.648149,22.019835,-2.059548,24.091125,0.126116,0.072153,0.065021,0.0071319999999999,0.053963,0.061095,0.670085,0.1321621821955377,3.951083061514733,188.0,2,0.8442792291694017,3.7735449735449205,0.7658562892947872,-0.09432889509852593,-0.09650491682606957
558.0,-0.643818,22.027973,-2.046685,24.091519,0.12584,0.071177,0.064312,0.006865,0.054663,0.061528,0.820959,0.1255853944094835,3.704702273412029,189.0,2,0.8502629087868885,3.632275132275132,0.7757908630306127,-0.08985255117443247,-0.09650491682606957
559.0,-0.641718,22.016028,-2.058498,24.092701,0.125546,0.071345,0.064821,0.006524,0.0542009999999999,0.0607249999999999,0.938829,0.120364562193277,3.50911853286493,190.0,2,0.8391661542075757,3.451851851851852,0.7692340443649666,-0.09705330923059796,-0.0963341410392833
560.0,-0.63463,22.017866,-2.049967,24.087712,0.125509,0.071266,0.064664,0.0066019999999999,0.054243,0.060845,0.868107,0.1217093134724577,3.559495843300459,191.0,2,0.8408244487897905,3.49312169312164,0.7698301187891174,-0.09705330923059796,-0.09616336525249702
561.0,-0.635155,22.022985,-2.050623,24.090075,0.125344,0.071607,0.064727,0.0068799999999999,0.053737,0.060617,0.839818,0.1280285831255349,3.7962294415260422,192.0,2,0.837673689083585,3.6402116402115876,0.762648841202935,-0.09705330923059796,-0.09572014805250355
562.0,-0.624392,22.009202,-2.052985,24.076685,0.125684,0.071875,0.065105,0.0067699999999999,0.0538089999999999,0.0605789999999999,0.981262,0.1258130459022486,3.713230593927273,193.0,2,0.8371485624658827,3.5820105820105295,0.7636706830729042,-0.09705330923059796,-0.09578835059856701
563.0,-0.623473,22.025085,-2.050229,24.079705,0.125482,0.071717,0.064753,0.0069639999999999,0.053765,0.060729,0.816244,0.1295242346464307,3.852259803525363,194.0,2,0.8392214306936508,3.684656084656032,0.763046224152368,-0.09705330923059796,-0.09599258946571075
564.0,-0.617173,22.016947,-2.043273,24.07616,0.125803,0.072211,0.065116,0.007095,0.053592,0.060687,0.943544,0.1323866922919038,3.959493698482067,195.0,2,0.8386410275898761,3.753968253968254,0.7605909652147997,-0.09705330923059796,-0.09664446272526385
565.0,-0.613104,22.022197,-2.048917,24.071434,0.125886,0.072263,0.064774,0.0074889999999999,0.053623,0.061112,0.976548,0.1396576159928389,4.231878329086942,196.0,2,0.8445141542352153,3.9624338624338096,0.7610309249088149,-0.09432889509852593,-0.09681523851205012
566.0,-0.612842,22.013928,-2.049179,24.066577,0.1255,0.071828,0.064869,0.006959,0.053672,0.060631,0.934114,0.1296555064930226,3.857177532676909,197.0,2,0.8378671567848431,3.682010582010582,0.7617263450703226,-0.09705330923059796,-0.09698601429883638
567.0,-0.60536,22.020885,-2.049179,24.068415,0.125702,0.07262,0.064821,0.007799,0.053082,0.060881,0.787955,0.1469208597856187,4.503975253613195,198.0,2,0.8413219371644545,4.126455026455027,0.7533529186358411,-0.0963712837699634,-0.09698601429883638
568.0,-0.605492,22.029154,-2.042354,24.068546,0.125877,0.071828,0.064989,0.0068389999999999,0.0540489999999999,0.0608879999999999,0.882251,0.1265309898242368,3.7401263362056048,199.0,2,0.8414186710150823,3.6185185185184654,0.767076822639473,-0.0963712837699634,-0.09715679008562265
569.0,-0.602341,22.021278,-2.043929,24.070909,0.12562,0.071707,0.065089,0.006618,0.053913,0.060531,1.113277,0.1227510479652782,3.598521485252773,200.0,3,0.8364852446329988,3.5015873015873016,0.7651466768850854,-0.09876106709846066,-0.09715679008562265
570.0,-0.59696,22.018259,-2.045504,24.066709,0.125757,0.072547,0.065467,0.00708,0.05321,0.06029,0.490922,0.133055195354344,3.9845372785292055,201.0,3,0.8331548363470535,3.7460317460317465,0.7551695264046778,-0.09876106709846066,-0.09732756587240893
571.0,-0.595122,22.021935,-2.036317,24.069203,0.125463,0.071093,0.064638,0.006455,0.0543699999999999,0.0608249999999999,0.971833,0.1187213772047599,3.4475612459888287,202.0,3,0.8405480663594201,3.4153439153439153,0.7716325343097586,-0.09705330923059796,-0.09760000728561613
572.0,-0.591316,22.017078,-2.038942,24.067365,0.12539,0.071266,0.065116,0.00615,0.054124,0.060274,0.938829,0.1136258660508083,3.2566723052571813,203.0,3,0.8329337304027583,3.253968253968254,0.768141241254027,-0.09876106709846066,-0.09753180473955267
573.0,-0.585147,22.019309,-2.039073,24.064346,0.125666,0.071607,0.064879,0.0067279999999999,0.0540589999999999,0.0607869999999999,0.613507,0.1244543100258971,3.6623293900373186,204.0,3,0.8400229397417193,3.559788359788307,0.7672187451214133,-0.09705330923059796,-0.0977707830724024
574.0,-0.587903,22.021147,-2.036973,24.064346,0.125537,0.071129,0.065016,0.0061129999999999,0.054408,0.060521,0.670085,0.1123527357606277,3.2089780729881587,205.0,3,0.8363470534178142,3.2343915343914813,0.7721718397411335,-0.09876106709846066,-0.0977707830724024
575.0,-0.582653,22.02561,-2.035004,24.067759,0.12562,0.071292,0.064774,0.0065179999999999,0.054328,0.060846,0.948259,0.1199727585635663,3.494440715941244,206.0,3,0.8408382679113089,3.4486772486771957,0.7710364598856105,-0.09705330923059796,-0.09753180473955267
576.0,-0.581472,22.017603,-2.039467,24.065133,0.125427,0.071413,0.064554,0.006859,0.054014,0.060873,1.132136,0.1269832453947978,3.757068814437141,207.0,3,0.8412113841923069,3.629100529100529,0.7665800939526831,-0.0963712837699634,-0.0970885875395592
577.0,-0.571103,22.028235,-2.033167,24.067365,0.125041,0.072395,0.06479,0.007605,0.052646,0.060251,0.849248,0.1444526753661177,4.411511692032423,208.0,3,0.832615890607834,4.023809523809524,0.7471650984232412,-0.09876106709846066,-0.0970885875395592
578.0,-0.573334,22.019441,-2.032904,24.064871,0.12528,0.071817,0.064365,0.007452,0.053463,0.060915,0.938829,0.1393835103995211,4.221609736834628,209.0,3,0.8417917872960816,3.942857142857143,0.758760165197769,-0.0963712837699634,-0.09684960920670947
579.0,-0.571234,22.021672,-2.021223,24.065658,0.125454,0.072594,0.064517,0.008077,0.05286,0.060937,0.853963,0.1527969580598172,4.7241066872039035,210.0,3,0.8420958079694874,4.273544973544974,0.750202239536765,-0.0963712837699634,-0.09647525545087057
580.0,-0.565459,22.017866,-2.023848,24.067759,0.125712,0.071565,0.064601,0.0069639999999999,0.0541469999999999,0.0611109999999999,0.764381,0.1286104749944596,3.818028377711915,211.0,3,0.8445003351136955,3.684656084656032,0.7684676629624885,-0.09432889509852593,-0.09623627711802084
581.0,-0.565196,22.017997,-2.036579,24.069071,0.125307,0.072064,0.06459,0.007474,0.053243,0.060717,0.745522,0.1403726241454437,4.258664091053017,212.0,3,0.8390556012354295,3.9544973544973545,0.755637870595081,-0.09705330923059796,-0.09616807457195739
582.0,-0.561784,22.020885,-2.030804,24.066709,0.125124,0.071534,0.064218,0.007316,0.05359,0.060906,1.094418,0.1365154596853949,4.1141663133500925,213.0,3,0.8416674152024156,3.8708994708994706,0.7605625807184117,-0.0963712837699634,-0.09572625458025837
583.0,-0.557846,22.015503,-2.034873,24.069859,0.125592,0.072521,0.064396,0.008125,0.053071,0.061196,1.02841,0.153093910159783,4.7352311593319945,214.0,3,0.8456749604427647,4.298941798941799,0.7531968039057068,-0.09330977167220889,-0.09572625458025837
584.0,-0.553909,22.01629,-2.033167,24.062902,0.125206,0.072164,0.064302,0.007862,0.053042,0.060904,0.571074,0.1482193691910338,4.552620242789117,215.0,3,0.8416397769593787,4.15978835978836,0.7527852287080796,-0.0963712837699634,-0.09596523291310809
585.0,-0.54879,22.022066,-2.026736,24.066709,0.125537,0.071376,0.064617,0.006759,0.054161,0.06092,0.981262,0.1247922897972748,3.674990848053554,216.0,3,0.8418608829036739,3.5761904761904764,0.7686663544372064,-0.0963712837699634,-0.09572700794115875
586.0,-0.546033,22.023904,-2.032642,24.071434,0.125675,0.072095,0.064307,0.007788,0.05358,0.061368,0.797385,0.1453500307944981,4.445128579918242,217.0,3,0.8480518493439372,4.12063492063492,0.7604206582364713,-0.09195308385297318,-0.09593124680830249
587.0,-0.544065,22.01419,-2.026211,24.064871,0.124885,0.071885,0.064858,0.007027,0.0529999999999999,0.060027,1.009551,0.132582404105583,3.966825489086218,218.0,3,0.8295204073877024,3.7179894179894184,0.7521891542839287,-0.09876106709846066,-0.09610202259508877
588.0,-0.542227,22.017472,-2.028048,24.05962,0.125427,0.072699,0.065121,0.007578,0.052728,0.060306,0.91054,0.1437159817178402,4.383913544189228,219.0,3,0.8333759422913486,4.0095238095238095,0.7483288627751522,-0.09876106709846066,-0.09634100092793849
589.0,-0.536189,22.012484,-2.026079,24.059095,0.125831,0.071297,0.064548,0.006749,0.054534,0.061283,0.943544,0.1237553864490695,3.6361461912959063,220.0,3,0.8468772240148694,3.570899470899471,0.773960063013582,-0.09398903405046999,-0.0964429132705702
590.0,-0.53317,22.023116,-2.026998,24.061983,0.125693,0.071807,0.064806,0.0070009999999999,0.053886,0.060887,0.91997,0.1299200178150573,3.867086702640272,221.0,3,0.8414048518935651,3.7042328042327513,0.7647634861838465,-0.0963712837699634,-0.09668189160341992
591.0,-0.526214,22.022197,-2.026079,24.059751,0.12562,0.072153,0.065079,0.0070739999999999,0.053467,0.060541,1.070844,0.1323034338295802,3.956374655230129,222.0,3,0.8366234358481831,3.74285714285709,0.7588169341905452,-0.09876106709846066,-0.09692086993626965
592.0,-0.525689,22.024691,-2.028836,24.059489,0.125316,0.072631,0.065121,0.00751,0.052685,0.060195,1.023696,0.1425426109402877,4.339956520439262,223.0,3,0.8318420198028011,3.9735449735449735,0.7477185961028088,-0.09876106709846066,-0.0976016682608184
593.0,-0.524376,22.016684,-2.026211,24.055419,0.125555,0.071492,0.06459,0.006902,0.054063,0.060965,0.995407,0.1276635099141758,3.78255300426581,224.0,3,0.8424827433720039,3.651851851851852,0.7672755141141909,-0.09432889509852593,-0.09736268992796868
594.0,-0.525951,22.019178,-2.026473,24.055288,0.125454,0.071791,0.065226,0.0065649999999999,0.053663,0.060228,0.929399,0.1223352713178291,3.582945586895459,225.0,3,0.8322980508129099,3.4735449735449206,0.7615986148365763,-0.09876106709846066,-0.09736268992796868
595.0,-0.520701,22.019835,-2.027261,24.055156,0.125638,0.072074,0.065252,0.0068219999999999,0.053564,0.0603859999999999,1.27358,0.1273592831139735,3.7711560060298703,226.0,3,0.8344814720128227,3.6095238095237567,0.7601935822653667,-0.09876106709846066,-0.09766911744598147
596.0,-0.51637,22.013665,-2.026211,24.055813,0.125316,0.072358,0.064953,0.007405,0.052958,0.060363,0.731378,0.1398251477558112,4.238154433643771,227.0,3,0.8341636322178999,3.917989417989418,0.7515930798597806,-0.09876106709846066,-0.0979080957788312
597.0,-0.507707,22.010909,-2.028311,24.056075,0.125436,0.072484,0.064506,0.007978,0.0529519999999999,0.06093,0.901111,0.1506619077294962,4.644123053835215,228.0,3,0.8419990741188582,4.221164021164022,0.751507926370615,-0.0963712837699634,-0.09766911744598147
598.0,-0.505213,22.016553,-2.028048,24.053319,0.125179,0.071308,0.064737,0.0065709999999999,0.053871,0.060442,0.8021,0.1219743094743093,3.569423170424912,229.0,3,0.8352553428178572,3.476719576719524,0.7645506024609359,-0.09876106709846066,-0.0974983416591952
599.0,-0.507838,22.014978,-2.026079,24.048987,0.125454,0.072689,0.064821,0.007868,0.052765,0.060633,0.797385,0.149111170071637,4.5860290452229755,230.0,3,0.8378947950278801,4.162962962962963,0.7488539759583316,-0.09705330923059796,-0.0977707830724024
600.0,-0.502457,22.018259,-2.025948,24.051612,0.125362,0.071912,0.065478,0.006434,0.05345,0.059884,0.670085,0.1203719294306937,3.509394525617,231.0,3,0.8275442730105648,3.4042328042328043,0.7585756659712465,-0.09876106709846066,-0.09753180473955267
601.0,-0.497469,22.022985,-2.020042,24.047543,0.125307,0.071528,0.064438,0.0070899999999999,0.053779,0.060869,0.726663,0.1318333953142431,3.938765989173893,232.0,3,0.8411561077062332,3.7513227513226988,0.7632449156270845,-0.0963712837699634,-0.09753180473955267
602.0,-0.498651,22.021278,-2.023848,24.049249,0.125298,0.072379,0.064664,0.007715,0.0529189999999999,0.0606339999999999,1.004836,0.1457860922146636,4.461464390021374,233.0,3,0.8379086141493972,4.082010582010582,0.7510395821802117,-0.09705330923059796,-0.09753180473955267
603.0,-0.493138,22.011696,-2.026473,24.0524,0.125289,0.072395,0.064501,0.0078939999999999,0.052894,0.060788,1.183999,0.1492390585121466,4.59082002461702,234.0,3,0.8400367588632391,4.176719576719523,0.7506847759753622,-0.09705330923059796,-0.0977707830724024
604.0,-0.4955,22.01524,-2.026079,24.0524,0.125601,0.071985,0.064669,0.0073159999999999,0.053616,0.0609319999999999,0.929399,0.1364492604957381,4.1116863475902115,235.0,3,0.8420267123618939,3.8708994708994178,0.7609315791714566,-0.0963712837699634,-0.0977707830724024
605.0,-0.492613,22.01419,-2.021223,24.048987,0.12573,0.072956,0.065704,0.0072519999999999,0.052774,0.060026,0.764381,0.1374135480814778,4.147810659801712,236.0,3,0.829506588266184,3.837037037036984,0.7489817061920779,-0.09876106709846066,-0.09753234309714755
606.0,-0.487625,22.013534,-2.023586,24.042292,0.125565,0.071586,0.06521,0.0063759999999999,0.053979,0.060355,0.872822,0.1181178214153388,3.4249507321789032,237.0,3,0.8340530792457523,3.3735449735449206,0.7660833652658918,-0.09876106709846066,-0.09753234309714755
607.0,-0.485394,22.019178,-2.023323,24.04833,0.125124,0.071649,0.064937,0.006712,0.053475,0.060187,0.849248,0.1255142493829009,3.7020370258338424,238.0,3,0.8317314668306536,3.5513227513227514,0.7589304721760974,-0.09876106709846066,-0.0972261918873721
608.0,-0.479619,22.020885,-2.020829,24.048068,0.124977,0.072284,0.06553,0.0067539999999999,0.052693,0.059447,0.938829,0.1281739856530154,3.801676536746103,239.0,3,0.8215053169070042,3.5735449735449207,0.7478321340883609,-0.09876106709846066,-0.0972261918873721
609.0,-0.479881,22.011434,-2.024767,24.044261,0.125831,0.072552,0.064774,0.007778,0.0532789999999999,0.061057,0.797385,0.1459834834834836,4.468859096671265,240.0,3,0.8437541025517008,4.1153439153439155,0.756148791530065,-0.0946689094780494,-0.0972261918873721
610.0,-0.478175,22.013665,-2.024373,24.048724,0.125427,0.072836,0.064989,0.0078469999999999,0.052591,0.060438,0.924685,0.1492052023121385,4.589551697659923,241.0,3,0.8352000663317833,4.151851851851799,0.7463845247725692,-0.09876106709846066,-0.09746517022022182
611.0,-0.477781,22.008284,-2.023979,24.046624,0.125794,0.071691,0.064638,0.007053,0.0541029999999999,0.0611559999999999,1.202858,0.1303600473162798,3.883571165698293,242.0,3,0.8451221955820255,3.731746031746032,0.7678432040419509,-0.09330977167220889,-0.09746517022022182
612.0,-0.467018,22.018916,-2.024767,24.052137,0.125399,0.071681,0.064827,0.0068539999999999,0.053718,0.060572,1.231147,0.1275898657830562,3.7797941347911297,243.0,3,0.837051828615255,3.6264550264549738,0.7623791884872483,-0.09705330923059796,-0.09746517022022182
613.0,-0.464787,22.01209,-2.018861,24.050956,0.125638,0.072116,0.065058,0.0070579999999999,0.053522,0.0605799999999999,0.943544,0.1318685424957494,3.94008267910837,244.0,3,0.8371623815874011,3.7343915343914817,0.7595975078412172,-0.09705330923059796,-0.09746517022022182
614.0,-0.470562,22.010777,-2.027654,24.045705,0.125583,0.073019,0.065578,0.007441,0.052564,0.060005,0.990692,0.1415580709597641,4.303073509429785,245.0,3,0.8292163867142966,3.937037037037037,0.7460013340713303,-0.09876106709846066,-0.09746517022022182
615.0,-0.469381,22.013009,-2.025292,24.049774,0.124894,0.072431,0.064848,0.0075829999999999,0.052463,0.060046,1.033125,0.1445372064653856,4.414678411034819,246.0,3,0.8297829706965529,4.012169312169259,0.7445679170037326,-0.09876106709846066,-0.09787438598226295
616.0,-0.465706,22.011565,-2.027917,24.047411,0.125353,0.071765,0.0648,0.0069649999999999,0.053588,0.0605529999999999,0.806814,0.129970702942768,3.8689854778656096,247.0,3,0.8367892653064031,3.6851851851851323,0.7605341962220236,-0.09876106709846066,-0.09787438598226295
617.0,-0.456255,22.011565,-2.021748,24.050299,0.125022,0.072689,0.065494,0.007195,0.0523329999999999,0.059528,0.797385,0.1374823250659229,4.150387195366207,248.0,3,0.8226246657499983,3.806878306878307,0.7427229247385064,-0.09876106709846066,-0.09841951552488812
618.0,-0.455074,22.013009,-2.030017,24.052662,0.125427,0.072358,0.064879,0.0074789999999999,0.053069,0.060548,0.608793,0.140927077444884,4.279435118692364,249.0,3,0.8367201696988122,3.957142857142804,0.7531684194093187,-0.09876106709846066,-0.09859029131167439
619.0,-0.454943,22.01209,-2.018598,24.052268,0.125252,0.072536,0.065336,0.0071999999999999,0.052716,0.059916,0.868107,0.1365783333649486,4.116521698261888,250.0,3,0.8279864848991549,3.809523809523757,0.7481585557968238,-0.09876106709846066,-0.09876106709846066
620.0,-0.44418,22.015897,-2.022142,24.050562,0.125445,0.072153,0.065089,0.007064,0.053292,0.060356,0.91054,0.1325502411198469,3.965620593621869,251.0,3,0.8340668983672708,3.7375661375661378,0.7563332907565887,-0.09876106709846066,-0.09876106709846066
621.0,-0.455205,22.010384,-2.018861,24.047018,0.12528,0.071975,0.065394,0.006581,0.053305,0.059886,0.698374,0.1234570217236334,3.62496879914242,252.0,3,0.8275719112536016,3.4820105820105822,0.7565177899831113,-0.09876106709846066,-0.09859029131167439
622.0,-0.44628,22.01314,-2.023979,24.051612,0.12539,0.072158,0.065326,0.006832,0.053232,0.060064,0.853963,0.1283414423383992,3.8079498287330216,253.0,3,0.8300317148838848,3.614814814814815,0.7554817558649466,-0.09876106709846066,-0.09841951552488812
623.0,-0.440899,22.012615,-2.022667,24.055025,0.125271,0.072878,0.065431,0.0074469999999999,0.0523929999999999,0.0598399999999999,0.759666,0.1421345955643775,4.324671376210045,254.0,3,0.8269362316637517,3.9402116402115874,0.7435744596301486,-0.09876106709846066,-0.09841951552488812
624.0,-0.442867,22.015634,-2.022142,24.052662,0.125059,0.072174,0.064716,0.007458,0.052885,0.060343,0.901111,0.1410203078319405,4.282927731953626,255.0,3,0.833887249787531,3.9460317460317462,0.750557045741616,-0.09876106709846066,-0.09841951552488812
625.0,-0.436042,22.018391,-2.022011,24.061326,0.125509,0.071486,0.06479,0.0066959999999999,0.054023,0.060719,0.679515,0.1239449133718345,3.643246282421936,256.0,3,0.8390832394784664,3.54285714285709,0.7667078241864295,-0.09705330923059796,-0.09841951552488812
626.0,-0.439324,22.015372,-2.022011,24.052137,0.125666,0.072479,0.064863,0.0076159999999999,0.053187,0.0608029999999999,0.622937,0.1431901932766789,4.364216364544277,257.0,3,0.8402440456860144,4.029629629629577,0.754843104696215,-0.09705330923059796,-0.09841951552488812
627.0,-0.438667,22.018391,-2.024373,24.055419,0.1255,0.071717,0.065095,0.006622,0.053783,0.060405,0.934114,0.1231221181020378,3.612422580393788,258.0,3,0.8347440353216746,3.503703703703704,0.7633016846198606,-0.09876106709846066,-0.09841951552488812
628.0,-0.433548,22.009334,-2.028704,24.053581,0.125059,0.072647,0.065357,0.00729,0.052412,0.059702,1.207573,0.1390876309312576,4.2105254478252165,259.0,3,0.8250291928942077,3.857142857142857,0.7438441123458368,-0.09876106709846066,-0.09841951552488812
629.0,-0.426329,22.015634,-2.029492,24.059357,0.125344,0.071833,0.065284,0.0065489999999999,0.053511,0.06006,1.033125,0.1223837643892958,3.5847622429217942,260.0,3,0.8299764383978111,3.4650793650793124,0.7594413931110828,-0.09876106709846066,-0.09824873973810186
630.0,-0.429086,22.017078,-2.021354,24.055944,0.125206,0.071859,0.065247,0.006612,0.053347,0.059959,0.726663,0.1239409162480319,3.643096541462567,261.0,3,0.8285807071244481,3.4984126984126984,0.7571138644072608,-0.09876106709846066,-0.09824873973810186
631.0,-0.431842,22.009334,-2.024504,24.057782,0.125721,0.0723,0.065646,0.006654,0.0534209999999999,0.060075,0.915255,0.1245554266032722,3.666117437156119,262.0,3,0.8301837252205878,3.520634920634921,0.758164090773618,-0.09876106709846066,-0.09841951552488812
632.0,-0.429742,22.011565,-2.021354,24.06277,0.125739,0.072158,0.065299,0.006859,0.0535809999999999,0.0604399999999999,1.056699,0.1280094061438543,3.7955110300440857,263.0,3,0.8352277045748188,3.629100529100529,0.7604348504846639,-0.09876106709846066,-0.09859029131167439
633.0,-0.423836,22.015372,-2.023979,24.059489,0.126061,0.072221,0.065383,0.0068379999999999,0.05384,0.060678,1.018981,0.1270035846288144,3.7578307664218222,264.0,3,0.8385166554962101,3.617989417989365,0.7641106427669208,-0.09705330923059796,-0.09859029131167439
634.0,-0.421211,22.010252,-2.032642,24.05555,0.12561,0.072983,0.066612,0.006371,0.0526269999999999,0.0589979999999999,0.778526,0.1210572318917686,3.5350674477092117,265.0,3,0.815300531345221,3.370899470899471,0.7468954457075532,-0.09876106709846066,-0.09814707411168092
635.0,-0.41596,22.008021,-2.028442,24.054369,0.125813,0.071833,0.065788,0.0060449999999999,0.05398,0.060025,0.773811,0.111983846168096,3.1951586657809576,266.0,3,0.8294927691446655,3.1984126984126457,0.7660975575140858,-0.09876106709846066,-0.09814707411168092
636.0,-0.41911,22.011434,-2.029623,24.055156,0.125454,0.072305,0.065247,0.0070579999999999,0.053149,0.060207,0.8021,0.1327939793038568,3.974751556611801,267.0,3,0.8320078492610224,3.7343915343914817,0.7543037992648416,-0.09876106709846066,-0.09814707411168092
637.0,-0.414254,22.013009,-2.028179,24.056075,0.125656,0.0724,0.065242,0.007158,0.0532559999999999,0.0604139999999999,0.985977,0.1344048669658451,4.035098915324998,268.0,3,0.8348684074153392,3.7873015873015876,0.7558223698216021,-0.09876106709846066,-0.09814707411168092
638.0,-0.415829,22.007496,-2.031461,24.055025,0.126125,0.073098,0.065147,0.007951,0.0530269999999999,0.0609779999999999,0.6748,0.1499396545221392,4.617065876345673,269.0,3,0.8426623919517423,4.206878306878306,0.7525723449851678,-0.09432889509852593,-0.09814707411168092
639.0,-0.40651,22.007758,-2.034217,24.057651,0.125666,0.072736,0.065268,0.0074679999999999,0.05293,0.0603979999999999,0.938829,0.1410893427292132,4.285513929494122,270.0,3,0.8346473014710442,3.9513227513226985,0.7511956969103476,-0.09876106709846066,-0.09831784989846719
640.0,-0.412416,22.010646,-2.035398,24.052006,0.125757,0.072437,0.065966,0.006471,0.05332,0.059791,1.061414,0.1213593143414415,3.546384113906075,271.0,3,0.8262590947093493,3.423809523809524,0.7567306737060218,-0.09876106709846066,-0.09831784989846719
641.0,-0.403754,22.011959,-2.029623,24.053319,0.125941,0.071896,0.065404,0.0064919999999999,0.0540449999999999,0.0605369999999999,0.872822,0.1201198978647818,3.4999528744863673,272.0,3,0.836568159362108,3.434920634920582,0.7670200536466968,-0.09876106709846066,-0.09831784989846719
642.0,-0.402441,22.005527,-2.027523,24.058044,0.126061,0.072547,0.066076,0.006471,0.053514,0.059985,0.750237,0.1209193684013828,3.529902781231166,273.0,3,0.8289400042839277,3.423809523809524,0.7594839698556649,-0.09876106709846066,-0.09831784989846719
643.0,-0.403097,22.008809,-2.026079,24.060407,0.125656,0.07229,0.065357,0.0069329999999999,0.053366,0.0602989999999999,0.943544,0.1299117432120972,3.866776717999616,274.0,3,0.8332792084407181,3.6682539682539157,0.7573835171229475,-0.09876106709846066,-0.09831784989846719
644.0,-0.398504,22.005658,-2.031461,24.061064,0.125757,0.072573,0.066024,0.0065489999999999,0.053184,0.059733,0.849248,0.1231362226191595,3.6129509663106343,275.0,3,0.8254575856612796,3.4650793650793124,0.7548005279516329,-0.09876106709846066,-0.09876106709846066
645.0,-0.400341,22.002771,-2.032904,24.06067,0.12562,0.072232,0.06595,0.006282,0.053388,0.05967,0.646511,0.1176646874824403,3.4079753485820143,276.0,3,0.8245869810056176,3.323809523809524,0.7576957465832163,-0.09876106709846066,-0.09852208876561094
646.0,-0.397191,22.009465,-2.032511,24.061851,0.125004,0.071129,0.065031,0.0060979999999999,0.053875,0.059973,0.816244,0.1131858341376492,3.2401877518427673,277.0,3,0.8287741748257064,3.226455026454974,0.764607371453712,-0.09876106709846066,-0.09852208876561094
647.0,-0.395091,22.001983,-2.033429,24.057126,0.12561,0.072363,0.066192,0.0061709999999999,0.053247,0.059418,1.108562,0.1158916766826922,3.3415545041869974,278.0,3,0.8211045623829694,3.265079365079312,0.7556946395878572,-0.09876106709846066,-0.09852208876561094
648.0,-0.391285,22.008021,-2.034217,24.058176,0.125381,0.070284,0.065084,0.0051999999999999,0.0550969999999999,0.0602969999999999,0.825674,0.0943772913717375,2.535578793719609,279.0,3,0.8332515701976811,2.7513227513226983,0.7819502987468232,-0.09876106709846066,-0.09852208876561094
649.0,-0.384591,22.001327,-2.031461,24.065396,0.12573,0.071192,0.064837,0.0063549999999999,0.054538,0.060893,0.773811,0.1165221217844111,3.365172350173508,280.0,3,0.8414877666226759,3.3624338624338095,0.7740168320063582,-0.0963712837699634,-0.09852208876561094
650.0,-0.394172,22.010121,-2.037104,24.058176,0.12573,0.071639,0.065257,0.0063819999999999,0.054091,0.060473,0.91997,0.1179841751090733,3.4199440505987972,281.0,3,0.8356837355849289,3.3767195767195237,0.7676728970636238,-0.09876106709846066,-0.09852208876561094
651.0,-0.385772,22.006708,-2.039992,24.057519,0.12573,0.07157,0.065226,0.0063439999999999,0.05416,0.060504,0.952974,0.1171322538357856,3.3880292250727004,282.0,3,0.8361121283520008,3.356613756613704,0.7686521621890124,-0.09876106709846066,-0.09852208876561094
652.0,-0.384984,22.002639,-2.037498,24.058963,0.125748,0.07166,0.065625,0.0060349999999999,0.054088,0.0601229999999999,0.641796,0.1115753665255412,3.1798561291125287,283.0,3,0.8308470430534717,3.19312169312164,0.7676303203190418,-0.09876106709846066,-0.09852208876561094
653.0,-0.376584,22.010121,-2.037761,24.062114,0.125565,0.071003,0.065662,0.0053409999999999,0.054562,0.059903,0.901111,0.097886846397742,2.6670543652790735,284.0,3,0.8278068363194152,2.8259259259258727,0.774357445963015,-0.09876106709846066,-0.09835131297882467
654.0,-0.381966,22.005921,-2.037236,24.06277,0.125225,0.071544,0.065105,0.006439,0.053681,0.06012,0.740807,0.1199470958608099,3.493479335228403,285.0,3,0.8308055856889178,3.406878306878307,0.7618540753040689,-0.09876106709846066,-0.09835131297882467
655.0,-0.377897,22.002377,-2.031461,24.056732,0.125087,0.071864,0.065824,0.00604,0.053223,0.059263,0.816244,0.1134826394107921,3.2513067235184305,286.0,3,0.8189625985476104,3.195767195767196,0.7553540256312002,-0.09876106709846066,-0.09859029131167439
656.0,-0.376978,22.008021,-2.046029,24.058832,0.125206,0.071859,0.065047,0.006812,0.053347,0.060159,0.858677,0.1276898852815478,3.783541082946617,287.0,3,0.8313445314281371,3.6042328042328045,0.7571138644072608,-0.09876106709846066,-0.09859029131167439
657.0,-0.373434,21.999489,-2.036448,24.057519,0.125362,0.070583,0.06479,0.005793,0.0547789999999999,0.060572,0.858677,0.1057502738225631,2.961635475258632,288.0,3,0.837051828615255,3.0650793650793653,0.7774371638211195,-0.09705330923059796,-0.09859029131167439
658.0,-0.378028,22.00999,-2.040123,24.062377,0.125022,0.070457,0.065042,0.005415,0.0545649999999999,0.0599799999999999,0.995407,0.0992376204962798,2.7176573036393723,289.0,3,0.8288709086763341,2.865079365079365,0.7744000227075957,-0.09876106709846066,-0.09859029131167439
659.0,-0.371596,22.008677,-2.037629,24.058307,0.125096,0.071114,0.065614,0.0054999999999999,0.053982,0.059482,0.740807,0.1018839264212805,2.8167936845858708,290.0,3,0.8219889861601498,2.910052910052857,0.7661259420104739,-0.09876106709846066,-0.09859029131167439
660.0,-0.36884,22.008677,-2.045898,24.055682,0.125372,0.071502,0.065373,0.0061289999999999,0.05387,0.059999,0.957688,0.1137717881606057,3.2621388651619627,291.0,3,0.8291334719851859,3.24285714285709,0.7645364102127419,-0.09876106709846066,-0.09841951552488812
661.0,-0.36674,22.002639,-2.042617,24.058832,0.125372,0.072374,0.065945,0.0064289999999999,0.052998,0.059427,0.901111,0.1213041755504818,3.544318494759829,292.0,3,0.8212289344766354,3.4015873015872486,0.7521607697875421,-0.09876106709846066,-0.09824873973810186
662.0,-0.359127,22.011565,-2.043929,24.059489,0.125583,0.072095,0.06531,0.0067849999999999,0.0534879999999999,0.0602729999999999,1.056699,0.126848510908785,3.752021367274738,293.0,3,0.8329199112812385,3.589947089947037,0.7591149714026185,-0.09876106709846066,-0.09824873973810186
663.0,-0.354665,22.013009,-2.048129,24.055944,0.125647,0.071381,0.065767,0.0056139999999999,0.054266,0.05988,0.905825,0.1034514530009028,2.8755166427567582,294.0,3,0.827488996524491,2.9703703703703175,0.7701565404975803,-0.09876106709846066,-0.09841951552488812
664.0,-0.360046,22.007365,-2.04406,24.06067,0.126336,0.071009,0.065725,0.0052839999999999,0.055327,0.060611,0.688944,0.0955031810294967,2.577757071355935,295.0,3,0.8375907743544743,2.795767195767143,0.785214515831453,-0.09705330923059796,-0.09841951552488812
665.0,-0.361621,22.012353,-2.040648,24.060933,0.125739,0.070893,0.065026,0.0058669999999999,0.0548459999999999,0.0607129999999999,0.929399,0.106970299195945,3.0073402817352113,296.0,3,0.8390003247493543,3.1042328042327516,0.77838804445012,-0.09705330923059796,-0.09841951552488812
666.0,-0.35939,22.007758,-2.047998,24.060145,0.125601,0.071717,0.066066,0.005651,0.0538839999999999,0.0595349999999999,0.679515,0.1048714855711237,2.928714154241686,297.0,3,0.8227213996006261,2.9899470899470897,0.7647351016874568,-0.09876106709846066,-0.09841951552488812
667.0,-0.359521,22.008021,-2.050098,24.058701,0.125408,0.071864,0.065677,0.0061869999999999,0.0535439999999999,0.0597309999999999,0.924685,0.1155476701839574,3.3286672718438064,298.0,3,0.8254299474182413,3.273544973544921,0.7599097373014845,-0.09876106709846066,-0.09841951552488812
668.0,-0.357946,22.010121,-2.049835,24.062639,0.125813,0.071355,0.065551,0.005804,0.054458,0.060262,1.023696,0.1065755889751924,2.992553577583461,299.0,3,0.832767900944537,3.0708994708994712,0.7728814521508353,-0.09876106709846066,-0.09824873973810186
669.0,-0.350596,22.015372,-2.04931,24.06789,0.125528,0.071744,0.065746,0.005998,0.053784,0.059782,0.915255,0.111518081249419,3.1777100979592063,300.0,3,0.8261347226156833,3.1735449735449737,0.7633158768680547,-0.09876106709846066,-0.09824873973810186
670.0,-0.354796,22.006708,-2.047604,24.065133,0.125381,0.07166,0.065851,0.0058089999999999,0.0537209999999999,0.0595299999999999,1.051984,0.1081307471799262,3.0508131895051323,301.0,3,0.8226523039930338,3.0735449735449207,0.762421765231829,-0.09876106709846066,-0.09841951552488812
671.0,-0.349677,22.007496,-2.047079,24.060539,0.12561,0.071681,0.065609,0.0060719999999999,0.053929,0.060001,1.070844,0.1125903949564248,3.2178813038457106,302.0,3,0.8291611102282228,3.21269841269836,0.7653737528561899,-0.09876106709846066,-0.09859029131167439
672.0,-0.349021,22.000145,-2.044717,24.062508,0.126143,0.07093,0.065509,0.005421,0.055213,0.060634,0.962403,0.0981816206034703,2.6780972487477612,303.0,3,0.8379086141493985,2.8682539682539683,0.7835965995373327,-0.09705330923059796,-0.09859029131167439
673.0,-0.33957,22.010777,-2.050623,24.057782,0.125133,0.071051,0.065126,0.005925,0.0540819999999999,0.0600069999999999,0.872822,0.1095538339219348,3.104125116914143,304.0,3,0.8292440249573321,3.134920634920635,0.7675451668298762,-0.09876106709846066,-0.09859029131167439
674.0,-0.344821,22.006315,-2.047342,24.06067,0.125243,0.071555,0.065735,0.0058199999999999,0.053688,0.0595079999999999,1.136851,0.1084020935387135,3.0609784148250956,305.0,3,0.8223482833196281,3.0793650793650262,0.7619534210414272,-0.09876106709846066,-0.09769943971927157
675.0,-0.343245,22.004608,-2.049048,24.06579,0.125307,0.071261,0.065882,0.005379,0.054046,0.059425,1.009551,0.099524487945677,2.728403982802927,306.0,3,0.8212012962335984,2.846031746031746,0.7670342458948922,-0.09876106709846066,-0.09876106709846066
676.0,-0.340752,22.005658,-2.050229,24.064871,0.125638,0.071255,0.066229,0.005026,0.054383,0.059409,0.943544,0.0924168873197999,2.462137790143317,307.0,3,0.8209801902893032,2.6592592592592594,0.7718170335362825,-0.09876106709846066,-0.09876106709846066
677.0,-0.340095,22.011565,-2.054954,24.062902,0.125537,0.071749,0.065819,0.0059299999999999,0.053788,0.059718,0.622937,0.1102455892468718,3.130039777334482,308.0,3,0.8252502988385029,3.1375661375660844,0.7633726458608309,-0.09876106709846066,-0.09876106709846066
678.0,-0.338783,22.011959,-2.052723,24.061851,0.125748,0.072022,0.064191,0.007831,0.0537259999999999,0.061557,0.91054,0.1457553930053791,4.4603143308095365,309.0,3,0.8506636633109234,4.143386243386243,0.7624927264727992,-0.08985255117443247,-0.08985255117443247
